-- MySQL dump 10.13  Distrib 8.0.30, for macos12.5 (arm64)
--
-- Host: localhost    Database: wowy
-- ------------------------------------------------------
-- Server version	8.0.30

/*!40101 SET @OLD_CHARACTER_SET_CLIENT=@@CHARACTER_SET_CLIENT */;
/*!40101 SET @OLD_CHARACTER_SET_RESULTS=@@CHARACTER_SET_RESULTS */;
/*!40101 SET @OLD_COLLATION_CONNECTION=@@COLLATION_CONNECTION */;
/*!50503 SET NAMES utf8mb4 */;
/*!40103 SET @OLD_TIME_ZONE=@@TIME_ZONE */;
/*!40103 SET TIME_ZONE='+00:00' */;
/*!40014 SET @OLD_UNIQUE_CHECKS=@@UNIQUE_CHECKS, UNIQUE_CHECKS=0 */;
/*!40014 SET @OLD_FOREIGN_KEY_CHECKS=@@FOREIGN_KEY_CHECKS, FOREIGN_KEY_CHECKS=0 */;
/*!40101 SET @OLD_SQL_MODE=@@SQL_MODE, SQL_MODE='NO_AUTO_VALUE_ON_ZERO' */;
/*!40111 SET @OLD_SQL_NOTES=@@SQL_NOTES, SQL_NOTES=0 */;

--
-- Table structure for table `activations`
--

DROP TABLE IF EXISTS `activations`;
/*!40101 SET @saved_cs_client     = @@character_set_client */;
/*!50503 SET character_set_client = utf8mb4 */;
CREATE TABLE `activations` (
  `id` bigint unsigned NOT NULL AUTO_INCREMENT,
  `user_id` int unsigned NOT NULL,
  `code` varchar(120) COLLATE utf8mb4_unicode_ci NOT NULL,
  `completed` tinyint(1) NOT NULL DEFAULT '0',
  `completed_at` timestamp NULL DEFAULT NULL,
  `created_at` timestamp NULL DEFAULT NULL,
  `updated_at` timestamp NULL DEFAULT NULL,
  PRIMARY KEY (`id`),
  KEY `activations_user_id_index` (`user_id`)
) ENGINE=InnoDB AUTO_INCREMENT=2 DEFAULT CHARSET=utf8mb4 COLLATE=utf8mb4_unicode_ci;
/*!40101 SET character_set_client = @saved_cs_client */;

--
-- Dumping data for table `activations`
--

LOCK TABLES `activations` WRITE;
/*!40000 ALTER TABLE `activations` DISABLE KEYS */;
INSERT INTO `activations` VALUES (1,1,'Gb3ZiLO7uF7J5m3j4I60rIVIcfyGOlw3',1,'2022-09-27 01:54:11','2022-09-27 01:54:11','2022-09-27 01:54:11');
/*!40000 ALTER TABLE `activations` ENABLE KEYS */;
UNLOCK TABLES;

--
-- Table structure for table `ads`
--

DROP TABLE IF EXISTS `ads`;
/*!40101 SET @saved_cs_client     = @@character_set_client */;
/*!50503 SET character_set_client = utf8mb4 */;
CREATE TABLE `ads` (
  `id` bigint unsigned NOT NULL AUTO_INCREMENT,
  `name` varchar(255) COLLATE utf8mb4_unicode_ci NOT NULL,
  `expired_at` datetime DEFAULT NULL,
  `location` varchar(120) COLLATE utf8mb4_unicode_ci DEFAULT NULL,
  `key` varchar(120) COLLATE utf8mb4_unicode_ci NOT NULL,
  `image` varchar(255) COLLATE utf8mb4_unicode_ci DEFAULT NULL,
  `url` varchar(255) COLLATE utf8mb4_unicode_ci DEFAULT NULL,
  `clicked` bigint NOT NULL DEFAULT '0',
  `order` int DEFAULT '0',
  `status` varchar(60) COLLATE utf8mb4_unicode_ci NOT NULL DEFAULT 'published',
  `created_at` timestamp NULL DEFAULT NULL,
  `updated_at` timestamp NULL DEFAULT NULL,
  PRIMARY KEY (`id`),
  UNIQUE KEY `ads_key_unique` (`key`)
) ENGINE=InnoDB AUTO_INCREMENT=7 DEFAULT CHARSET=utf8mb4 COLLATE=utf8mb4_unicode_ci;
/*!40101 SET character_set_client = @saved_cs_client */;

--
-- Dumping data for table `ads`
--

LOCK TABLES `ads` WRITE;
/*!40000 ALTER TABLE `ads` DISABLE KEYS */;
INSERT INTO `ads` VALUES (1,'Smart Offer','2027-09-27 00:00:00','not_set','IZ6WU8KUALYD','promotion/1.png','/products',0,1,'published','2022-09-27 01:54:12','2022-09-27 01:54:12'),(2,'Sale off','2027-09-27 00:00:00','not_set','ILSFJVYFGCPZ','promotion/2.png','/products',0,2,'published','2022-09-27 01:54:12','2022-09-27 01:54:12'),(3,'New Arrivals','2027-09-27 00:00:00','not_set','ILSDKVYFGXPH','promotion/3.png','/products',0,3,'published','2022-09-27 01:54:12','2022-09-27 01:54:12'),(4,'Gaming Area','2027-09-27 00:00:00','not_set','ILSDKVYFGXPJ','promotion/4.png','/products',0,4,'published','2022-09-27 01:54:12','2022-09-27 01:54:12'),(5,'Smart Offer','2027-09-27 00:00:00','not_set','IZ6WU8KUALYE','promotion/5.png','/products',0,5,'published','2022-09-27 01:54:12','2022-09-27 01:54:12'),(6,'Repair Services','2027-09-27 00:00:00','banner-big','IZ6WU8KUALYF','promotion/6.png','/products',0,6,'published','2022-09-27 01:54:12','2022-09-27 01:54:12');
/*!40000 ALTER TABLE `ads` ENABLE KEYS */;
UNLOCK TABLES;

--
-- Table structure for table `ads_translations`
--

DROP TABLE IF EXISTS `ads_translations`;
/*!40101 SET @saved_cs_client     = @@character_set_client */;
/*!50503 SET character_set_client = utf8mb4 */;
CREATE TABLE `ads_translations` (
  `lang_code` varchar(191) COLLATE utf8mb4_unicode_ci NOT NULL,
  `ads_id` int NOT NULL,
  `name` varchar(255) COLLATE utf8mb4_unicode_ci DEFAULT NULL,
  `image` varchar(255) COLLATE utf8mb4_unicode_ci DEFAULT NULL,
  `url` varchar(255) COLLATE utf8mb4_unicode_ci DEFAULT NULL,
  PRIMARY KEY (`lang_code`,`ads_id`)
) ENGINE=InnoDB DEFAULT CHARSET=utf8mb4 COLLATE=utf8mb4_unicode_ci;
/*!40101 SET character_set_client = @saved_cs_client */;

--
-- Dumping data for table `ads_translations`
--

LOCK TABLES `ads_translations` WRITE;
/*!40000 ALTER TABLE `ads_translations` DISABLE KEYS */;
INSERT INTO `ads_translations` VALUES ('vi',1,'Smart Offer','promotion/1.png','/vi/products'),('vi',2,'Sale off','promotion/2.png','/vi/products'),('vi',3,'New Arrivals','promotion/3.png','/vi/products'),('vi',4,'Gaming Area','promotion/4.png','/vi/products'),('vi',5,'Smart Offer','promotion/5.png','/vi/products'),('vi',6,'Repair Services','promotion/6.png','/vi/products');
/*!40000 ALTER TABLE `ads_translations` ENABLE KEYS */;
UNLOCK TABLES;

--
-- Table structure for table `audit_histories`
--

DROP TABLE IF EXISTS `audit_histories`;
/*!40101 SET @saved_cs_client     = @@character_set_client */;
/*!50503 SET character_set_client = utf8mb4 */;
CREATE TABLE `audit_histories` (
  `id` bigint unsigned NOT NULL AUTO_INCREMENT,
  `user_id` int unsigned NOT NULL,
  `module` varchar(60) COLLATE utf8mb4_unicode_ci NOT NULL,
  `request` text COLLATE utf8mb4_unicode_ci,
  `action` varchar(120) COLLATE utf8mb4_unicode_ci NOT NULL,
  `user_agent` text COLLATE utf8mb4_unicode_ci,
  `ip_address` varchar(39) COLLATE utf8mb4_unicode_ci DEFAULT NULL,
  `reference_user` int unsigned NOT NULL,
  `reference_id` int unsigned NOT NULL,
  `reference_name` varchar(255) COLLATE utf8mb4_unicode_ci NOT NULL,
  `type` varchar(20) COLLATE utf8mb4_unicode_ci NOT NULL,
  `created_at` timestamp NULL DEFAULT NULL,
  `updated_at` timestamp NULL DEFAULT NULL,
  PRIMARY KEY (`id`),
  KEY `audit_histories_user_id_index` (`user_id`),
  KEY `audit_histories_module_index` (`module`)
) ENGINE=InnoDB DEFAULT CHARSET=utf8mb4 COLLATE=utf8mb4_unicode_ci;
/*!40101 SET character_set_client = @saved_cs_client */;

--
-- Dumping data for table `audit_histories`
--

LOCK TABLES `audit_histories` WRITE;
/*!40000 ALTER TABLE `audit_histories` DISABLE KEYS */;
/*!40000 ALTER TABLE `audit_histories` ENABLE KEYS */;
UNLOCK TABLES;

--
-- Table structure for table `categories`
--

DROP TABLE IF EXISTS `categories`;
/*!40101 SET @saved_cs_client     = @@character_set_client */;
/*!50503 SET character_set_client = utf8mb4 */;
CREATE TABLE `categories` (
  `id` bigint unsigned NOT NULL AUTO_INCREMENT,
  `name` varchar(120) COLLATE utf8mb4_unicode_ci NOT NULL,
  `parent_id` int unsigned NOT NULL DEFAULT '0',
  `description` varchar(400) COLLATE utf8mb4_unicode_ci DEFAULT NULL,
  `status` varchar(60) COLLATE utf8mb4_unicode_ci NOT NULL DEFAULT 'published',
  `author_id` int NOT NULL,
  `author_type` varchar(255) CHARACTER SET utf8mb4 COLLATE utf8mb4_unicode_ci NOT NULL DEFAULT 'Botble\\ACL\\Models\\User',
  `icon` varchar(60) COLLATE utf8mb4_unicode_ci DEFAULT NULL,
  `order` tinyint NOT NULL DEFAULT '0',
  `is_featured` tinyint NOT NULL DEFAULT '0',
  `is_default` tinyint unsigned NOT NULL DEFAULT '0',
  `created_at` timestamp NULL DEFAULT NULL,
  `updated_at` timestamp NULL DEFAULT NULL,
  PRIMARY KEY (`id`),
  KEY `parent_id` (`parent_id`),
  KEY `status` (`status`),
  KEY `created_at` (`created_at`)
) ENGINE=InnoDB AUTO_INCREMENT=5 DEFAULT CHARSET=utf8mb4 COLLATE=utf8mb4_unicode_ci;
/*!40101 SET character_set_client = @saved_cs_client */;

--
-- Dumping data for table `categories`
--

LOCK TABLES `categories` WRITE;
/*!40000 ALTER TABLE `categories` DISABLE KEYS */;
INSERT INTO `categories` VALUES (1,'Ecommerce',0,'Ut dolor nihil fugit sequi quia autem eum. Sed iste accusantium error voluptatem ut. Error voluptatem at praesentium ut repellendus magnam impedit. Aut sint ut voluptas sit accusantium omnis qui et.','published',1,'Botble\\ACL\\Models\\User',NULL,0,0,1,'2022-09-27 01:54:11','2022-09-27 01:54:11'),(2,'Fashion',0,'Enim in quas sed iusto. Id qui aut et temporibus iure hic rerum. Eum debitis et porro aspernatur pariatur non.','published',1,'Botble\\ACL\\Models\\User',NULL,0,1,0,'2022-09-27 01:54:11','2022-09-27 01:54:11'),(3,'Electronic',0,'Autem laboriosam adipisci maxime et voluptas. Quia sed qui iste magnam nemo sed. Quos asperiores natus voluptas iusto blanditiis consequatur. Et dolores ad in nihil et.','published',1,'Botble\\ACL\\Models\\User',NULL,0,1,0,'2022-09-27 01:54:11','2022-09-27 01:54:11'),(4,'Commercial',0,'Omnis officiis aut rerum. Ex et quos doloremque est molestias dolore. Aspernatur velit itaque non repellat ducimus voluptatibus et velit. Vero laborum provident cum eius voluptas quo non.','published',1,'Botble\\ACL\\Models\\User',NULL,0,1,0,'2022-09-27 01:54:11','2022-09-27 01:54:11');
/*!40000 ALTER TABLE `categories` ENABLE KEYS */;
UNLOCK TABLES;

--
-- Table structure for table `categories_translations`
--

DROP TABLE IF EXISTS `categories_translations`;
/*!40101 SET @saved_cs_client     = @@character_set_client */;
/*!50503 SET character_set_client = utf8mb4 */;
CREATE TABLE `categories_translations` (
  `lang_code` varchar(191) COLLATE utf8mb4_unicode_ci NOT NULL,
  `categories_id` int NOT NULL,
  `name` varchar(255) COLLATE utf8mb4_unicode_ci DEFAULT NULL,
  `description` varchar(400) COLLATE utf8mb4_unicode_ci DEFAULT NULL,
  PRIMARY KEY (`lang_code`,`categories_id`)
) ENGINE=InnoDB DEFAULT CHARSET=utf8mb4 COLLATE=utf8mb4_unicode_ci;
/*!40101 SET character_set_client = @saved_cs_client */;

--
-- Dumping data for table `categories_translations`
--

LOCK TABLES `categories_translations` WRITE;
/*!40000 ALTER TABLE `categories_translations` DISABLE KEYS */;
INSERT INTO `categories_translations` VALUES ('vi',1,'Thương mại điện tử',NULL),('vi',2,'Thời trang',NULL),('vi',3,'Điện tử',NULL),('vi',4,'Thương mại',NULL);
/*!40000 ALTER TABLE `categories_translations` ENABLE KEYS */;
UNLOCK TABLES;

--
-- Table structure for table `cities`
--

DROP TABLE IF EXISTS `cities`;
/*!40101 SET @saved_cs_client     = @@character_set_client */;
/*!50503 SET character_set_client = utf8mb4 */;
CREATE TABLE `cities` (
  `id` bigint unsigned NOT NULL AUTO_INCREMENT,
  `name` varchar(120) COLLATE utf8mb4_unicode_ci NOT NULL,
  `state_id` int unsigned NOT NULL,
  `country_id` int unsigned DEFAULT NULL,
  `record_id` varchar(40) COLLATE utf8mb4_unicode_ci DEFAULT NULL,
  `order` tinyint NOT NULL DEFAULT '0',
  `is_default` tinyint unsigned NOT NULL DEFAULT '0',
  `status` varchar(60) COLLATE utf8mb4_unicode_ci NOT NULL DEFAULT 'published',
  `created_at` timestamp NULL DEFAULT NULL,
  `updated_at` timestamp NULL DEFAULT NULL,
  PRIMARY KEY (`id`)
) ENGINE=InnoDB DEFAULT CHARSET=utf8mb4 COLLATE=utf8mb4_unicode_ci;
/*!40101 SET character_set_client = @saved_cs_client */;

--
-- Dumping data for table `cities`
--

LOCK TABLES `cities` WRITE;
/*!40000 ALTER TABLE `cities` DISABLE KEYS */;
/*!40000 ALTER TABLE `cities` ENABLE KEYS */;
UNLOCK TABLES;

--
-- Table structure for table `cities_translations`
--

DROP TABLE IF EXISTS `cities_translations`;
/*!40101 SET @saved_cs_client     = @@character_set_client */;
/*!50503 SET character_set_client = utf8mb4 */;
CREATE TABLE `cities_translations` (
  `lang_code` varchar(191) COLLATE utf8mb4_unicode_ci NOT NULL,
  `cities_id` int NOT NULL,
  `name` varchar(120) COLLATE utf8mb4_unicode_ci DEFAULT NULL,
  PRIMARY KEY (`lang_code`,`cities_id`)
) ENGINE=InnoDB DEFAULT CHARSET=utf8mb4 COLLATE=utf8mb4_unicode_ci;
/*!40101 SET character_set_client = @saved_cs_client */;

--
-- Dumping data for table `cities_translations`
--

LOCK TABLES `cities_translations` WRITE;
/*!40000 ALTER TABLE `cities_translations` DISABLE KEYS */;
/*!40000 ALTER TABLE `cities_translations` ENABLE KEYS */;
UNLOCK TABLES;

--
-- Table structure for table `contact_replies`
--

DROP TABLE IF EXISTS `contact_replies`;
/*!40101 SET @saved_cs_client     = @@character_set_client */;
/*!50503 SET character_set_client = utf8mb4 */;
CREATE TABLE `contact_replies` (
  `id` bigint unsigned NOT NULL AUTO_INCREMENT,
  `message` longtext COLLATE utf8mb4_unicode_ci NOT NULL,
  `contact_id` int NOT NULL,
  `created_at` timestamp NULL DEFAULT NULL,
  `updated_at` timestamp NULL DEFAULT NULL,
  PRIMARY KEY (`id`)
) ENGINE=InnoDB DEFAULT CHARSET=utf8mb4 COLLATE=utf8mb4_unicode_ci;
/*!40101 SET character_set_client = @saved_cs_client */;

--
-- Dumping data for table `contact_replies`
--

LOCK TABLES `contact_replies` WRITE;
/*!40000 ALTER TABLE `contact_replies` DISABLE KEYS */;
/*!40000 ALTER TABLE `contact_replies` ENABLE KEYS */;
UNLOCK TABLES;

--
-- Table structure for table `contacts`
--

DROP TABLE IF EXISTS `contacts`;
/*!40101 SET @saved_cs_client     = @@character_set_client */;
/*!50503 SET character_set_client = utf8mb4 */;
CREATE TABLE `contacts` (
  `id` bigint unsigned NOT NULL AUTO_INCREMENT,
  `name` varchar(60) COLLATE utf8mb4_unicode_ci NOT NULL,
  `email` varchar(60) COLLATE utf8mb4_unicode_ci NOT NULL,
  `phone` varchar(60) COLLATE utf8mb4_unicode_ci DEFAULT NULL,
  `address` varchar(120) COLLATE utf8mb4_unicode_ci DEFAULT NULL,
  `subject` varchar(120) COLLATE utf8mb4_unicode_ci DEFAULT NULL,
  `content` longtext COLLATE utf8mb4_unicode_ci NOT NULL,
  `status` varchar(60) COLLATE utf8mb4_unicode_ci NOT NULL DEFAULT 'unread',
  `created_at` timestamp NULL DEFAULT NULL,
  `updated_at` timestamp NULL DEFAULT NULL,
  PRIMARY KEY (`id`)
) ENGINE=InnoDB DEFAULT CHARSET=utf8mb4 COLLATE=utf8mb4_unicode_ci;
/*!40101 SET character_set_client = @saved_cs_client */;

--
-- Dumping data for table `contacts`
--

LOCK TABLES `contacts` WRITE;
/*!40000 ALTER TABLE `contacts` DISABLE KEYS */;
/*!40000 ALTER TABLE `contacts` ENABLE KEYS */;
UNLOCK TABLES;

--
-- Table structure for table `countries`
--

DROP TABLE IF EXISTS `countries`;
/*!40101 SET @saved_cs_client     = @@character_set_client */;
/*!50503 SET character_set_client = utf8mb4 */;
CREATE TABLE `countries` (
  `id` bigint unsigned NOT NULL AUTO_INCREMENT,
  `name` varchar(120) COLLATE utf8mb4_unicode_ci NOT NULL,
  `nationality` varchar(120) CHARACTER SET utf8mb4 COLLATE utf8mb4_unicode_ci DEFAULT NULL,
  `order` tinyint NOT NULL DEFAULT '0',
  `is_default` tinyint unsigned NOT NULL DEFAULT '0',
  `status` varchar(60) COLLATE utf8mb4_unicode_ci NOT NULL DEFAULT 'published',
  `created_at` timestamp NULL DEFAULT NULL,
  `updated_at` timestamp NULL DEFAULT NULL,
  `code` varchar(10) COLLATE utf8mb4_unicode_ci DEFAULT NULL,
  PRIMARY KEY (`id`)
) ENGINE=InnoDB DEFAULT CHARSET=utf8mb4 COLLATE=utf8mb4_unicode_ci;
/*!40101 SET character_set_client = @saved_cs_client */;

--
-- Dumping data for table `countries`
--

LOCK TABLES `countries` WRITE;
/*!40000 ALTER TABLE `countries` DISABLE KEYS */;
/*!40000 ALTER TABLE `countries` ENABLE KEYS */;
UNLOCK TABLES;

--
-- Table structure for table `countries_translations`
--

DROP TABLE IF EXISTS `countries_translations`;
/*!40101 SET @saved_cs_client     = @@character_set_client */;
/*!50503 SET character_set_client = utf8mb4 */;
CREATE TABLE `countries_translations` (
  `lang_code` varchar(191) COLLATE utf8mb4_unicode_ci NOT NULL,
  `countries_id` int NOT NULL,
  `name` varchar(120) COLLATE utf8mb4_unicode_ci DEFAULT NULL,
  `nationality` varchar(120) COLLATE utf8mb4_unicode_ci DEFAULT NULL,
  PRIMARY KEY (`lang_code`,`countries_id`)
) ENGINE=InnoDB DEFAULT CHARSET=utf8mb4 COLLATE=utf8mb4_unicode_ci;
/*!40101 SET character_set_client = @saved_cs_client */;

--
-- Dumping data for table `countries_translations`
--

LOCK TABLES `countries_translations` WRITE;
/*!40000 ALTER TABLE `countries_translations` DISABLE KEYS */;
/*!40000 ALTER TABLE `countries_translations` ENABLE KEYS */;
UNLOCK TABLES;

--
-- Table structure for table `dashboard_widget_settings`
--

DROP TABLE IF EXISTS `dashboard_widget_settings`;
/*!40101 SET @saved_cs_client     = @@character_set_client */;
/*!50503 SET character_set_client = utf8mb4 */;
CREATE TABLE `dashboard_widget_settings` (
  `id` bigint unsigned NOT NULL AUTO_INCREMENT,
  `settings` text COLLATE utf8mb4_unicode_ci,
  `user_id` int unsigned NOT NULL,
  `widget_id` int unsigned NOT NULL,
  `order` tinyint unsigned NOT NULL DEFAULT '0',
  `status` tinyint unsigned NOT NULL DEFAULT '1',
  `created_at` timestamp NULL DEFAULT NULL,
  `updated_at` timestamp NULL DEFAULT NULL,
  PRIMARY KEY (`id`),
  KEY `dashboard_widget_settings_user_id_index` (`user_id`),
  KEY `dashboard_widget_settings_widget_id_index` (`widget_id`)
) ENGINE=InnoDB DEFAULT CHARSET=utf8mb4 COLLATE=utf8mb4_unicode_ci;
/*!40101 SET character_set_client = @saved_cs_client */;

--
-- Dumping data for table `dashboard_widget_settings`
--

LOCK TABLES `dashboard_widget_settings` WRITE;
/*!40000 ALTER TABLE `dashboard_widget_settings` DISABLE KEYS */;
/*!40000 ALTER TABLE `dashboard_widget_settings` ENABLE KEYS */;
UNLOCK TABLES;

--
-- Table structure for table `dashboard_widgets`
--

DROP TABLE IF EXISTS `dashboard_widgets`;
/*!40101 SET @saved_cs_client     = @@character_set_client */;
/*!50503 SET character_set_client = utf8mb4 */;
CREATE TABLE `dashboard_widgets` (
  `id` bigint unsigned NOT NULL AUTO_INCREMENT,
  `name` varchar(120) COLLATE utf8mb4_unicode_ci NOT NULL,
  `created_at` timestamp NULL DEFAULT NULL,
  `updated_at` timestamp NULL DEFAULT NULL,
  PRIMARY KEY (`id`)
) ENGINE=InnoDB DEFAULT CHARSET=utf8mb4 COLLATE=utf8mb4_unicode_ci;
/*!40101 SET character_set_client = @saved_cs_client */;

--
-- Dumping data for table `dashboard_widgets`
--

LOCK TABLES `dashboard_widgets` WRITE;
/*!40000 ALTER TABLE `dashboard_widgets` DISABLE KEYS */;
/*!40000 ALTER TABLE `dashboard_widgets` ENABLE KEYS */;
UNLOCK TABLES;

--
-- Table structure for table `ec_brands`
--

DROP TABLE IF EXISTS `ec_brands`;
/*!40101 SET @saved_cs_client     = @@character_set_client */;
/*!50503 SET character_set_client = utf8mb4 */;
CREATE TABLE `ec_brands` (
  `id` bigint unsigned NOT NULL AUTO_INCREMENT,
  `name` varchar(191) COLLATE utf8mb4_unicode_ci NOT NULL,
  `description` mediumtext COLLATE utf8mb4_unicode_ci,
  `website` varchar(255) COLLATE utf8mb4_unicode_ci DEFAULT NULL,
  `logo` varchar(255) COLLATE utf8mb4_unicode_ci DEFAULT NULL,
  `status` varchar(60) COLLATE utf8mb4_unicode_ci NOT NULL DEFAULT 'published',
  `order` tinyint unsigned NOT NULL DEFAULT '0',
  `is_featured` tinyint unsigned NOT NULL DEFAULT '0',
  `created_at` timestamp NULL DEFAULT NULL,
  `updated_at` timestamp NULL DEFAULT NULL,
  PRIMARY KEY (`id`)
) ENGINE=InnoDB AUTO_INCREMENT=8 DEFAULT CHARSET=utf8mb4 COLLATE=utf8mb4_unicode_ci;
/*!40101 SET character_set_client = @saved_cs_client */;

--
-- Dumping data for table `ec_brands`
--

LOCK TABLES `ec_brands` WRITE;
/*!40000 ALTER TABLE `ec_brands` DISABLE KEYS */;
INSERT INTO `ec_brands` VALUES (1,'Perxsion',NULL,NULL,'brands/1.png','published',0,1,'2022-09-27 01:53:54','2022-09-27 01:53:54'),(2,'Hiching',NULL,NULL,'brands/2.png','published',1,1,'2022-09-27 01:53:54','2022-09-27 01:53:54'),(3,'Kepslo',NULL,NULL,'brands/3.png','published',2,1,'2022-09-27 01:53:54','2022-09-27 01:53:54'),(4,'Groneba',NULL,NULL,'brands/4.png','published',3,1,'2022-09-27 01:53:54','2022-09-27 01:53:54'),(5,'Babian',NULL,NULL,'brands/5.png','published',4,1,'2022-09-27 01:53:54','2022-09-27 01:53:54'),(6,'Valorant',NULL,NULL,'brands/6.png','published',5,1,'2022-09-27 01:53:54','2022-09-27 01:53:54'),(7,'Pure',NULL,NULL,'brands/7.png','published',6,1,'2022-09-27 01:53:54','2022-09-27 01:53:54');
/*!40000 ALTER TABLE `ec_brands` ENABLE KEYS */;
UNLOCK TABLES;

--
-- Table structure for table `ec_brands_translations`
--

DROP TABLE IF EXISTS `ec_brands_translations`;
/*!40101 SET @saved_cs_client     = @@character_set_client */;
/*!50503 SET character_set_client = utf8mb4 */;
CREATE TABLE `ec_brands_translations` (
  `lang_code` varchar(191) COLLATE utf8mb4_unicode_ci NOT NULL,
  `ec_brands_id` int NOT NULL,
  `name` varchar(191) COLLATE utf8mb4_unicode_ci DEFAULT NULL,
  `description` varchar(191) COLLATE utf8mb4_unicode_ci DEFAULT NULL,
  PRIMARY KEY (`lang_code`,`ec_brands_id`)
) ENGINE=InnoDB DEFAULT CHARSET=utf8mb4 COLLATE=utf8mb4_unicode_ci;
/*!40101 SET character_set_client = @saved_cs_client */;

--
-- Dumping data for table `ec_brands_translations`
--

LOCK TABLES `ec_brands_translations` WRITE;
/*!40000 ALTER TABLE `ec_brands_translations` DISABLE KEYS */;
INSERT INTO `ec_brands_translations` VALUES ('vi',1,'Perxsion',NULL),('vi',2,'Hiching',NULL),('vi',3,'Kepslo',NULL),('vi',4,'Groneba',NULL),('vi',5,'Babian',NULL),('vi',6,'Valorant',NULL),('vi',7,'Pure',NULL);
/*!40000 ALTER TABLE `ec_brands_translations` ENABLE KEYS */;
UNLOCK TABLES;

--
-- Table structure for table `ec_cart`
--

DROP TABLE IF EXISTS `ec_cart`;
/*!40101 SET @saved_cs_client     = @@character_set_client */;
/*!50503 SET character_set_client = utf8mb4 */;
CREATE TABLE `ec_cart` (
  `identifier` varchar(191) COLLATE utf8mb4_unicode_ci NOT NULL,
  `instance` varchar(191) COLLATE utf8mb4_unicode_ci NOT NULL,
  `content` longtext COLLATE utf8mb4_unicode_ci NOT NULL,
  `created_at` timestamp NULL DEFAULT NULL,
  `updated_at` timestamp NULL DEFAULT NULL,
  PRIMARY KEY (`identifier`,`instance`)
) ENGINE=InnoDB DEFAULT CHARSET=utf8mb4 COLLATE=utf8mb4_unicode_ci;
/*!40101 SET character_set_client = @saved_cs_client */;

--
-- Dumping data for table `ec_cart`
--

LOCK TABLES `ec_cart` WRITE;
/*!40000 ALTER TABLE `ec_cart` DISABLE KEYS */;
/*!40000 ALTER TABLE `ec_cart` ENABLE KEYS */;
UNLOCK TABLES;

--
-- Table structure for table `ec_currencies`
--

DROP TABLE IF EXISTS `ec_currencies`;
/*!40101 SET @saved_cs_client     = @@character_set_client */;
/*!50503 SET character_set_client = utf8mb4 */;
CREATE TABLE `ec_currencies` (
  `id` bigint unsigned NOT NULL AUTO_INCREMENT,
  `title` varchar(191) COLLATE utf8mb4_unicode_ci NOT NULL,
  `symbol` varchar(10) COLLATE utf8mb4_unicode_ci NOT NULL,
  `is_prefix_symbol` tinyint unsigned NOT NULL DEFAULT '0',
  `decimals` tinyint unsigned DEFAULT '0',
  `order` int unsigned DEFAULT '0',
  `is_default` tinyint NOT NULL DEFAULT '0',
  `exchange_rate` double NOT NULL DEFAULT '1',
  `created_at` timestamp NULL DEFAULT NULL,
  `updated_at` timestamp NULL DEFAULT NULL,
  PRIMARY KEY (`id`)
) ENGINE=InnoDB AUTO_INCREMENT=4 DEFAULT CHARSET=utf8mb4 COLLATE=utf8mb4_unicode_ci;
/*!40101 SET character_set_client = @saved_cs_client */;

--
-- Dumping data for table `ec_currencies`
--

LOCK TABLES `ec_currencies` WRITE;
/*!40000 ALTER TABLE `ec_currencies` DISABLE KEYS */;
INSERT INTO `ec_currencies` VALUES (1,'USD','$',1,2,0,1,1,'2022-09-27 01:53:54','2022-09-27 01:53:54'),(2,'EUR','€',0,2,1,0,0.84,'2022-09-27 01:53:54','2022-09-27 01:53:54'),(3,'VND','₫',0,0,2,0,23203,'2022-09-27 01:53:54','2022-09-27 01:53:54');
/*!40000 ALTER TABLE `ec_currencies` ENABLE KEYS */;
UNLOCK TABLES;

--
-- Table structure for table `ec_customer_addresses`
--

DROP TABLE IF EXISTS `ec_customer_addresses`;
/*!40101 SET @saved_cs_client     = @@character_set_client */;
/*!50503 SET character_set_client = utf8mb4 */;
CREATE TABLE `ec_customer_addresses` (
  `id` bigint unsigned NOT NULL AUTO_INCREMENT,
  `name` varchar(191) COLLATE utf8mb4_unicode_ci NOT NULL,
  `email` varchar(60) COLLATE utf8mb4_unicode_ci DEFAULT NULL,
  `phone` varchar(20) CHARACTER SET utf8mb4 COLLATE utf8mb4_unicode_ci DEFAULT NULL,
  `country` varchar(120) COLLATE utf8mb4_unicode_ci DEFAULT NULL,
  `state` varchar(120) COLLATE utf8mb4_unicode_ci DEFAULT NULL,
  `city` varchar(120) COLLATE utf8mb4_unicode_ci DEFAULT NULL,
  `address` varchar(191) COLLATE utf8mb4_unicode_ci NOT NULL,
  `customer_id` int unsigned NOT NULL,
  `is_default` tinyint unsigned NOT NULL DEFAULT '0',
  `created_at` timestamp NULL DEFAULT NULL,
  `updated_at` timestamp NULL DEFAULT NULL,
  `zip_code` varchar(20) COLLATE utf8mb4_unicode_ci DEFAULT NULL,
  PRIMARY KEY (`id`)
) ENGINE=InnoDB AUTO_INCREMENT=13 DEFAULT CHARSET=utf8mb4 COLLATE=utf8mb4_unicode_ci;
/*!40101 SET character_set_client = @saved_cs_client */;

--
-- Dumping data for table `ec_customer_addresses`
--

LOCK TABLES `ec_customer_addresses` WRITE;
/*!40000 ALTER TABLE `ec_customer_addresses` DISABLE KEYS */;
INSERT INTO `ec_customer_addresses` VALUES (1,'Prof. Olin Hodkiewicz III','john.smith@botble.com','+14708866498','IQ','Kansas','Garrisonhaven','177 Nelda Ports',1,1,'2022-09-27 01:54:05','2022-09-27 01:54:05','27120-8481'),(2,'Prof. Olin Hodkiewicz III','john.smith@botble.com','+18605153220','MY','Oklahoma','Graycefort','77623 Lionel Spur',1,0,'2022-09-27 01:54:05','2022-09-27 01:54:05','95435'),(3,'Cade Grady','customer@botble.com','+18502056250','TG','New York','South Betsyfort','5046 Titus Centers',2,1,'2022-09-27 01:54:05','2022-09-27 01:54:05','04975'),(4,'Cade Grady','customer@botble.com','+17087360654','PA','Alabama','East Carmelberg','513 Freida Viaduct Suite 276',2,0,'2022-09-27 01:54:05','2022-09-27 01:54:05','98533'),(5,'Ms. Stephany Williamson','astrid76@example.net','+16785300508','MS','Idaho','Jaclynbury','66893 Vesta Road Suite 543',3,1,'2022-09-27 01:54:05','2022-09-27 01:54:05','69819'),(6,'Jamarcus Douglas','alta.volkman@example.net','+17603345323','MK','Colorado','South Orland','10677 Bessie Fields Suite 475',4,1,'2022-09-27 01:54:05','2022-09-27 01:54:05','86669'),(7,'Miss Lillian Von I','bart37@example.net','+19293764260','MZ','New Jersey','New Zionland','32684 Lewis Corners',5,1,'2022-09-27 01:54:05','2022-09-27 01:54:05','86149'),(8,'Vivienne Hahn','kailyn90@example.org','+16106322889','CV','Mississippi','Considinemouth','65299 Torphy Harbor Suite 283',6,1,'2022-09-27 01:54:05','2022-09-27 01:54:05','69163'),(9,'Camille Dietrich','marcus23@example.com','+14302755445','BQ','California','West Arnulfo','654 Fay Knolls',7,1,'2022-09-27 01:54:06','2022-09-27 01:54:06','87533'),(10,'Arnold Kunze','mckenzie.adan@example.com','+13522262369','PH','Rhode Island','West Bryanahaven','57932 Kerluke Landing',8,1,'2022-09-27 01:54:06','2022-09-27 01:54:06','81980'),(11,'Shayne Wyman','aidan.stanton@example.org','+17195096412','VG','Hawaii','Kozeybury','770 Zieme Burgs Apt. 248',9,1,'2022-09-27 01:54:06','2022-09-27 01:54:06','54261-8714'),(12,'Oleta Schaden','esmith@example.net','+15413394498','KY','West Virginia','Port Robertaborough','225 Lynch Road',10,1,'2022-09-27 01:54:06','2022-09-27 01:54:06','58524-4324');
/*!40000 ALTER TABLE `ec_customer_addresses` ENABLE KEYS */;
UNLOCK TABLES;

--
-- Table structure for table `ec_customer_password_resets`
--

DROP TABLE IF EXISTS `ec_customer_password_resets`;
/*!40101 SET @saved_cs_client     = @@character_set_client */;
/*!50503 SET character_set_client = utf8mb4 */;
CREATE TABLE `ec_customer_password_resets` (
  `email` varchar(191) COLLATE utf8mb4_unicode_ci NOT NULL,
  `token` varchar(191) COLLATE utf8mb4_unicode_ci NOT NULL,
  `created_at` timestamp NULL DEFAULT NULL,
  KEY `ec_customer_password_resets_email_index` (`email`),
  KEY `ec_customer_password_resets_token_index` (`token`)
) ENGINE=InnoDB DEFAULT CHARSET=utf8mb4 COLLATE=utf8mb4_unicode_ci;
/*!40101 SET character_set_client = @saved_cs_client */;

--
-- Dumping data for table `ec_customer_password_resets`
--

LOCK TABLES `ec_customer_password_resets` WRITE;
/*!40000 ALTER TABLE `ec_customer_password_resets` DISABLE KEYS */;
/*!40000 ALTER TABLE `ec_customer_password_resets` ENABLE KEYS */;
UNLOCK TABLES;

--
-- Table structure for table `ec_customer_recently_viewed_products`
--

DROP TABLE IF EXISTS `ec_customer_recently_viewed_products`;
/*!40101 SET @saved_cs_client     = @@character_set_client */;
/*!50503 SET character_set_client = utf8mb4 */;
CREATE TABLE `ec_customer_recently_viewed_products` (
  `id` bigint unsigned NOT NULL AUTO_INCREMENT,
  `customer_id` int unsigned NOT NULL,
  `product_id` int unsigned NOT NULL,
  PRIMARY KEY (`id`)
) ENGINE=InnoDB DEFAULT CHARSET=utf8mb4 COLLATE=utf8mb4_unicode_ci;
/*!40101 SET character_set_client = @saved_cs_client */;

--
-- Dumping data for table `ec_customer_recently_viewed_products`
--

LOCK TABLES `ec_customer_recently_viewed_products` WRITE;
/*!40000 ALTER TABLE `ec_customer_recently_viewed_products` DISABLE KEYS */;
/*!40000 ALTER TABLE `ec_customer_recently_viewed_products` ENABLE KEYS */;
UNLOCK TABLES;

--
-- Table structure for table `ec_customers`
--

DROP TABLE IF EXISTS `ec_customers`;
/*!40101 SET @saved_cs_client     = @@character_set_client */;
/*!50503 SET character_set_client = utf8mb4 */;
CREATE TABLE `ec_customers` (
  `id` bigint unsigned NOT NULL AUTO_INCREMENT,
  `name` varchar(191) COLLATE utf8mb4_unicode_ci NOT NULL,
  `email` varchar(191) COLLATE utf8mb4_unicode_ci NOT NULL,
  `password` varchar(191) COLLATE utf8mb4_unicode_ci NOT NULL,
  `avatar` varchar(255) COLLATE utf8mb4_unicode_ci DEFAULT NULL,
  `dob` date DEFAULT NULL,
  `phone` varchar(25) COLLATE utf8mb4_unicode_ci DEFAULT NULL,
  `remember_token` varchar(100) COLLATE utf8mb4_unicode_ci DEFAULT NULL,
  `created_at` timestamp NULL DEFAULT NULL,
  `updated_at` timestamp NULL DEFAULT NULL,
  `confirmed_at` datetime DEFAULT NULL,
  `email_verify_token` varchar(120) COLLATE utf8mb4_unicode_ci DEFAULT NULL,
  `status` varchar(60) COLLATE utf8mb4_unicode_ci NOT NULL DEFAULT 'activated',
  PRIMARY KEY (`id`),
  UNIQUE KEY `ec_customers_email_unique` (`email`)
) ENGINE=InnoDB AUTO_INCREMENT=11 DEFAULT CHARSET=utf8mb4 COLLATE=utf8mb4_unicode_ci;
/*!40101 SET character_set_client = @saved_cs_client */;

--
-- Dumping data for table `ec_customers`
--

LOCK TABLES `ec_customers` WRITE;
/*!40000 ALTER TABLE `ec_customers` DISABLE KEYS */;
INSERT INTO `ec_customers` VALUES (1,'Prof. Olin Hodkiewicz III','john.smith@botble.com','$2y$10$tuAxFDxdwAEShfm4EWaYUevVsIzGbyiaAeHKlP1JyLZkt9rWetHLa','customers/6.jpg','1972-09-17','+12483255586',NULL,'2022-09-27 01:54:05','2022-09-27 01:54:05','2022-09-27 08:54:05',NULL,'activated'),(2,'Cade Grady','customer@botble.com','$2y$10$oJ7.nbUJCBT6.Q/lRkh9q.7OzV7gHVFdtXCt7TByzGUQJBSNonfay','customers/1.jpg','2001-09-06','+19893774569',NULL,'2022-09-27 01:54:05','2022-09-27 01:54:05','2022-09-27 08:54:05',NULL,'activated'),(3,'Ms. Stephany Williamson','astrid76@example.net','$2y$10$Te8qNYf5NnUt3WctuSx9/e/VsL2szVdYuuRGNHdaw0J95sM.3Mroe','customers/1.jpg','1981-09-22','+14137581662',NULL,'2022-09-27 01:54:05','2022-09-27 01:54:05','2022-09-27 08:54:05',NULL,'activated'),(4,'Jamarcus Douglas','alta.volkman@example.net','$2y$10$3g/jrMVI1NJtRrkSGdcULe.2ozQ3Vq/SjXGb.MrT8gVjjR.bB2yAO','customers/2.jpg','1974-09-10','+16232196317',NULL,'2022-09-27 01:54:05','2022-09-27 01:54:05','2022-09-27 08:54:05',NULL,'activated'),(5,'Miss Lillian Von I','bart37@example.net','$2y$10$DmH8kcHkcuXxaGzhrN7XNOqb3klGTy/A6Yp5Tby.NU2Lnuz/MR45.','customers/3.jpg','1997-09-25','+12729098603',NULL,'2022-09-27 01:54:05','2022-09-27 01:54:05','2022-09-27 08:54:05',NULL,'activated'),(6,'Vivienne Hahn','kailyn90@example.org','$2y$10$vyDYLQEHc6K7bRuTy6PwTuCQ6Z7/54DTtshmjoJkLPZu.hCZ1zITm','customers/4.jpg','1998-09-16','+12098479040',NULL,'2022-09-27 01:54:05','2022-09-27 01:54:05','2022-09-27 08:54:05',NULL,'activated'),(7,'Camille Dietrich','marcus23@example.com','$2y$10$BIxHSmUHL0MV.zvRyEKll.KzGwDbh6o7fDNX5zHsq56VPrs175dyu','customers/5.jpg','1973-09-21','+14027683184',NULL,'2022-09-27 01:54:06','2022-09-27 01:54:06','2022-09-27 08:54:06',NULL,'activated'),(8,'Arnold Kunze','mckenzie.adan@example.com','$2y$10$n5ywDj1oHv39SzbMi4TQ9.dE53rcS20J5/3riRqMZIxUK1NQTVpHq','customers/6.jpg','2001-09-23','+12082919404',NULL,'2022-09-27 01:54:06','2022-09-27 01:54:06','2022-09-27 08:54:06',NULL,'activated'),(9,'Shayne Wyman','aidan.stanton@example.org','$2y$10$vf9kqNogyjJokLUoyvqLhuWjWYxfeB.qHFW9RFgzQ96co0spA6eZK','customers/7.jpg','1979-09-12','+18139381778',NULL,'2022-09-27 01:54:06','2022-09-27 01:54:06','2022-09-27 08:54:06',NULL,'activated'),(10,'Oleta Schaden','esmith@example.net','$2y$10$Q8YOvrnK2Nig9m6SZsBHxuHCFX75KN4zcXps/2sobif.Cm4IdLB6u','customers/8.jpg','1994-09-07','+18487378534',NULL,'2022-09-27 01:54:06','2022-09-27 01:54:06','2022-09-27 08:54:06',NULL,'activated');
/*!40000 ALTER TABLE `ec_customers` ENABLE KEYS */;
UNLOCK TABLES;

--
-- Table structure for table `ec_discount_customers`
--

DROP TABLE IF EXISTS `ec_discount_customers`;
/*!40101 SET @saved_cs_client     = @@character_set_client */;
/*!50503 SET character_set_client = utf8mb4 */;
CREATE TABLE `ec_discount_customers` (
  `discount_id` int unsigned NOT NULL,
  `customer_id` int unsigned NOT NULL,
  PRIMARY KEY (`discount_id`,`customer_id`)
) ENGINE=InnoDB DEFAULT CHARSET=utf8mb4 COLLATE=utf8mb4_unicode_ci;
/*!40101 SET character_set_client = @saved_cs_client */;

--
-- Dumping data for table `ec_discount_customers`
--

LOCK TABLES `ec_discount_customers` WRITE;
/*!40000 ALTER TABLE `ec_discount_customers` DISABLE KEYS */;
/*!40000 ALTER TABLE `ec_discount_customers` ENABLE KEYS */;
UNLOCK TABLES;

--
-- Table structure for table `ec_discount_product_collections`
--

DROP TABLE IF EXISTS `ec_discount_product_collections`;
/*!40101 SET @saved_cs_client     = @@character_set_client */;
/*!50503 SET character_set_client = utf8mb4 */;
CREATE TABLE `ec_discount_product_collections` (
  `discount_id` int unsigned NOT NULL,
  `product_collection_id` int unsigned NOT NULL,
  PRIMARY KEY (`discount_id`,`product_collection_id`)
) ENGINE=InnoDB DEFAULT CHARSET=utf8mb4 COLLATE=utf8mb4_unicode_ci;
/*!40101 SET character_set_client = @saved_cs_client */;

--
-- Dumping data for table `ec_discount_product_collections`
--

LOCK TABLES `ec_discount_product_collections` WRITE;
/*!40000 ALTER TABLE `ec_discount_product_collections` DISABLE KEYS */;
/*!40000 ALTER TABLE `ec_discount_product_collections` ENABLE KEYS */;
UNLOCK TABLES;

--
-- Table structure for table `ec_discount_products`
--

DROP TABLE IF EXISTS `ec_discount_products`;
/*!40101 SET @saved_cs_client     = @@character_set_client */;
/*!50503 SET character_set_client = utf8mb4 */;
CREATE TABLE `ec_discount_products` (
  `discount_id` int unsigned NOT NULL,
  `product_id` int unsigned NOT NULL,
  PRIMARY KEY (`discount_id`,`product_id`)
) ENGINE=InnoDB DEFAULT CHARSET=utf8mb4 COLLATE=utf8mb4_unicode_ci;
/*!40101 SET character_set_client = @saved_cs_client */;

--
-- Dumping data for table `ec_discount_products`
--

LOCK TABLES `ec_discount_products` WRITE;
/*!40000 ALTER TABLE `ec_discount_products` DISABLE KEYS */;
/*!40000 ALTER TABLE `ec_discount_products` ENABLE KEYS */;
UNLOCK TABLES;

--
-- Table structure for table `ec_discounts`
--

DROP TABLE IF EXISTS `ec_discounts`;
/*!40101 SET @saved_cs_client     = @@character_set_client */;
/*!50503 SET character_set_client = utf8mb4 */;
CREATE TABLE `ec_discounts` (
  `id` bigint unsigned NOT NULL AUTO_INCREMENT,
  `title` varchar(120) COLLATE utf8mb4_unicode_ci DEFAULT NULL,
  `code` varchar(20) COLLATE utf8mb4_unicode_ci DEFAULT NULL,
  `start_date` datetime DEFAULT NULL,
  `end_date` datetime DEFAULT NULL,
  `quantity` int DEFAULT NULL,
  `total_used` int unsigned NOT NULL DEFAULT '0',
  `value` double DEFAULT NULL,
  `type` varchar(60) COLLATE utf8mb4_unicode_ci DEFAULT 'coupon',
  `can_use_with_promotion` tinyint(1) NOT NULL DEFAULT '0',
  `discount_on` varchar(20) COLLATE utf8mb4_unicode_ci DEFAULT NULL,
  `product_quantity` int unsigned DEFAULT NULL,
  `type_option` varchar(100) COLLATE utf8mb4_unicode_ci NOT NULL DEFAULT 'amount',
  `target` varchar(100) COLLATE utf8mb4_unicode_ci NOT NULL DEFAULT 'all-orders',
  `min_order_price` decimal(15,2) DEFAULT NULL,
  `created_at` timestamp NULL DEFAULT NULL,
  `updated_at` timestamp NULL DEFAULT NULL,
  PRIMARY KEY (`id`),
  UNIQUE KEY `ec_discounts_code_unique` (`code`)
) ENGINE=InnoDB DEFAULT CHARSET=utf8mb4 COLLATE=utf8mb4_unicode_ci;
/*!40101 SET character_set_client = @saved_cs_client */;

--
-- Dumping data for table `ec_discounts`
--

LOCK TABLES `ec_discounts` WRITE;
/*!40000 ALTER TABLE `ec_discounts` DISABLE KEYS */;
/*!40000 ALTER TABLE `ec_discounts` ENABLE KEYS */;
UNLOCK TABLES;

--
-- Table structure for table `ec_flash_sale_products`
--

DROP TABLE IF EXISTS `ec_flash_sale_products`;
/*!40101 SET @saved_cs_client     = @@character_set_client */;
/*!50503 SET character_set_client = utf8mb4 */;
CREATE TABLE `ec_flash_sale_products` (
  `flash_sale_id` int unsigned NOT NULL,
  `product_id` int unsigned NOT NULL,
  `price` double unsigned DEFAULT NULL,
  `quantity` int unsigned DEFAULT NULL,
  `sold` int unsigned NOT NULL DEFAULT '0'
) ENGINE=InnoDB DEFAULT CHARSET=utf8mb4 COLLATE=utf8mb4_unicode_ci;
/*!40101 SET character_set_client = @saved_cs_client */;

--
-- Dumping data for table `ec_flash_sale_products`
--

LOCK TABLES `ec_flash_sale_products` WRITE;
/*!40000 ALTER TABLE `ec_flash_sale_products` DISABLE KEYS */;
INSERT INTO `ec_flash_sale_products` VALUES (1,5,26.24,12,3),(2,1,120.25,10,1);
/*!40000 ALTER TABLE `ec_flash_sale_products` ENABLE KEYS */;
UNLOCK TABLES;

--
-- Table structure for table `ec_flash_sales`
--

DROP TABLE IF EXISTS `ec_flash_sales`;
/*!40101 SET @saved_cs_client     = @@character_set_client */;
/*!50503 SET character_set_client = utf8mb4 */;
CREATE TABLE `ec_flash_sales` (
  `id` bigint unsigned NOT NULL AUTO_INCREMENT,
  `name` varchar(255) COLLATE utf8mb4_unicode_ci NOT NULL,
  `end_date` datetime NOT NULL,
  `status` varchar(60) COLLATE utf8mb4_unicode_ci NOT NULL DEFAULT 'published',
  `created_at` timestamp NULL DEFAULT NULL,
  `updated_at` timestamp NULL DEFAULT NULL,
  PRIMARY KEY (`id`)
) ENGINE=InnoDB AUTO_INCREMENT=3 DEFAULT CHARSET=utf8mb4 COLLATE=utf8mb4_unicode_ci;
/*!40101 SET character_set_client = @saved_cs_client */;

--
-- Dumping data for table `ec_flash_sales`
--

LOCK TABLES `ec_flash_sales` WRITE;
/*!40000 ALTER TABLE `ec_flash_sales` DISABLE KEYS */;
INSERT INTO `ec_flash_sales` VALUES (1,'Deal of the Day.','2022-10-25 00:00:00','published','2022-09-27 01:54:06','2022-09-27 01:54:06'),(2,'Gadgets & Accessories','2022-11-08 00:00:00','published','2022-09-27 01:54:06','2022-09-27 01:54:06');
/*!40000 ALTER TABLE `ec_flash_sales` ENABLE KEYS */;
UNLOCK TABLES;

--
-- Table structure for table `ec_flash_sales_translations`
--

DROP TABLE IF EXISTS `ec_flash_sales_translations`;
/*!40101 SET @saved_cs_client     = @@character_set_client */;
/*!50503 SET character_set_client = utf8mb4 */;
CREATE TABLE `ec_flash_sales_translations` (
  `lang_code` varchar(191) COLLATE utf8mb4_unicode_ci NOT NULL,
  `ec_flash_sales_id` int NOT NULL,
  `name` varchar(191) COLLATE utf8mb4_unicode_ci DEFAULT NULL,
  PRIMARY KEY (`lang_code`,`ec_flash_sales_id`)
) ENGINE=InnoDB DEFAULT CHARSET=utf8mb4 COLLATE=utf8mb4_unicode_ci;
/*!40101 SET character_set_client = @saved_cs_client */;

--
-- Dumping data for table `ec_flash_sales_translations`
--

LOCK TABLES `ec_flash_sales_translations` WRITE;
/*!40000 ALTER TABLE `ec_flash_sales_translations` DISABLE KEYS */;
INSERT INTO `ec_flash_sales_translations` VALUES ('vi',1,'Khuyến mãi trong ngày.'),('vi',2,'Tiện ích & Phụ kiện');
/*!40000 ALTER TABLE `ec_flash_sales_translations` ENABLE KEYS */;
UNLOCK TABLES;

--
-- Table structure for table `ec_grouped_products`
--

DROP TABLE IF EXISTS `ec_grouped_products`;
/*!40101 SET @saved_cs_client     = @@character_set_client */;
/*!50503 SET character_set_client = utf8mb4 */;
CREATE TABLE `ec_grouped_products` (
  `id` bigint unsigned NOT NULL AUTO_INCREMENT,
  `parent_product_id` int unsigned NOT NULL,
  `product_id` int unsigned NOT NULL,
  `fixed_qty` int NOT NULL DEFAULT '1',
  PRIMARY KEY (`id`)
) ENGINE=InnoDB DEFAULT CHARSET=utf8mb4 COLLATE=utf8mb4_unicode_ci;
/*!40101 SET character_set_client = @saved_cs_client */;

--
-- Dumping data for table `ec_grouped_products`
--

LOCK TABLES `ec_grouped_products` WRITE;
/*!40000 ALTER TABLE `ec_grouped_products` DISABLE KEYS */;
/*!40000 ALTER TABLE `ec_grouped_products` ENABLE KEYS */;
UNLOCK TABLES;

--
-- Table structure for table `ec_order_addresses`
--

DROP TABLE IF EXISTS `ec_order_addresses`;
/*!40101 SET @saved_cs_client     = @@character_set_client */;
/*!50503 SET character_set_client = utf8mb4 */;
CREATE TABLE `ec_order_addresses` (
  `id` bigint unsigned NOT NULL AUTO_INCREMENT,
  `name` varchar(191) COLLATE utf8mb4_unicode_ci NOT NULL,
  `phone` varchar(20) COLLATE utf8mb4_unicode_ci DEFAULT NULL,
  `email` varchar(191) COLLATE utf8mb4_unicode_ci DEFAULT NULL,
  `country` varchar(120) COLLATE utf8mb4_unicode_ci DEFAULT NULL,
  `state` varchar(120) COLLATE utf8mb4_unicode_ci DEFAULT NULL,
  `city` varchar(120) COLLATE utf8mb4_unicode_ci DEFAULT NULL,
  `address` varchar(255) COLLATE utf8mb4_unicode_ci DEFAULT NULL,
  `order_id` int unsigned NOT NULL,
  `zip_code` varchar(20) COLLATE utf8mb4_unicode_ci DEFAULT NULL,
  `type` varchar(60) COLLATE utf8mb4_unicode_ci NOT NULL DEFAULT 'shipping_address',
  PRIMARY KEY (`id`)
) ENGINE=InnoDB AUTO_INCREMENT=21 DEFAULT CHARSET=utf8mb4 COLLATE=utf8mb4_unicode_ci;
/*!40101 SET character_set_client = @saved_cs_client */;

--
-- Dumping data for table `ec_order_addresses`
--

LOCK TABLES `ec_order_addresses` WRITE;
/*!40000 ALTER TABLE `ec_order_addresses` DISABLE KEYS */;
INSERT INTO `ec_order_addresses` VALUES (1,'Camille Dietrich','+14302755445','marcus23@example.com','BQ','California','West Arnulfo','654 Fay Knolls',1,'87533','shipping_address'),(2,'Ms. Stephany Williamson','+16785300508','astrid76@example.net','MS','Idaho','Jaclynbury','66893 Vesta Road Suite 543',2,'69819','shipping_address'),(3,'Vivienne Hahn','+16106322889','kailyn90@example.org','CV','Mississippi','Considinemouth','65299 Torphy Harbor Suite 283',3,'69163','shipping_address'),(4,'Arnold Kunze','+13522262369','mckenzie.adan@example.com','PH','Rhode Island','West Bryanahaven','57932 Kerluke Landing',4,'81980','shipping_address'),(5,'Oleta Schaden','+15413394498','esmith@example.net','KY','West Virginia','Port Robertaborough','225 Lynch Road',5,'58524-4324','shipping_address'),(6,'Jamarcus Douglas','+17603345323','alta.volkman@example.net','MK','Colorado','South Orland','10677 Bessie Fields Suite 475',6,'86669','shipping_address'),(7,'Oleta Schaden','+15413394498','esmith@example.net','KY','West Virginia','Port Robertaborough','225 Lynch Road',7,'58524-4324','shipping_address'),(8,'Jamarcus Douglas','+17603345323','alta.volkman@example.net','MK','Colorado','South Orland','10677 Bessie Fields Suite 475',8,'86669','shipping_address'),(9,'Miss Lillian Von I','+19293764260','bart37@example.net','MZ','New Jersey','New Zionland','32684 Lewis Corners',9,'86149','shipping_address'),(10,'Jamarcus Douglas','+17603345323','alta.volkman@example.net','MK','Colorado','South Orland','10677 Bessie Fields Suite 475',10,'86669','shipping_address'),(11,'Shayne Wyman','+17195096412','aidan.stanton@example.org','VG','Hawaii','Kozeybury','770 Zieme Burgs Apt. 248',11,'54261-8714','shipping_address'),(12,'Prof. Olin Hodkiewicz III','+14708866498','john.smith@botble.com','IQ','Kansas','Garrisonhaven','177 Nelda Ports',12,'27120-8481','shipping_address'),(13,'Prof. Olin Hodkiewicz III','+14708866498','john.smith@botble.com','IQ','Kansas','Garrisonhaven','177 Nelda Ports',13,'27120-8481','shipping_address'),(14,'Cade Grady','+18502056250','customer@botble.com','TG','New York','South Betsyfort','5046 Titus Centers',14,'04975','shipping_address'),(15,'Ms. Stephany Williamson','+16785300508','astrid76@example.net','MS','Idaho','Jaclynbury','66893 Vesta Road Suite 543',15,'69819','shipping_address'),(16,'Miss Lillian Von I','+19293764260','bart37@example.net','MZ','New Jersey','New Zionland','32684 Lewis Corners',16,'86149','shipping_address'),(17,'Prof. Olin Hodkiewicz III','+14708866498','john.smith@botble.com','IQ','Kansas','Garrisonhaven','177 Nelda Ports',17,'27120-8481','shipping_address'),(18,'Jamarcus Douglas','+17603345323','alta.volkman@example.net','MK','Colorado','South Orland','10677 Bessie Fields Suite 475',18,'86669','shipping_address'),(19,'Prof. Olin Hodkiewicz III','+14708866498','john.smith@botble.com','IQ','Kansas','Garrisonhaven','177 Nelda Ports',19,'27120-8481','shipping_address'),(20,'Vivienne Hahn','+16106322889','kailyn90@example.org','CV','Mississippi','Considinemouth','65299 Torphy Harbor Suite 283',20,'69163','shipping_address');
/*!40000 ALTER TABLE `ec_order_addresses` ENABLE KEYS */;
UNLOCK TABLES;

--
-- Table structure for table `ec_order_histories`
--

DROP TABLE IF EXISTS `ec_order_histories`;
/*!40101 SET @saved_cs_client     = @@character_set_client */;
/*!50503 SET character_set_client = utf8mb4 */;
CREATE TABLE `ec_order_histories` (
  `id` bigint unsigned NOT NULL AUTO_INCREMENT,
  `action` varchar(120) COLLATE utf8mb4_unicode_ci NOT NULL,
  `description` varchar(255) COLLATE utf8mb4_unicode_ci NOT NULL,
  `user_id` int unsigned DEFAULT NULL,
  `order_id` int unsigned NOT NULL,
  `extras` text COLLATE utf8mb4_unicode_ci,
  `created_at` timestamp NULL DEFAULT NULL,
  `updated_at` timestamp NULL DEFAULT NULL,
  PRIMARY KEY (`id`)
) ENGINE=InnoDB AUTO_INCREMENT=90 DEFAULT CHARSET=utf8mb4 COLLATE=utf8mb4_unicode_ci;
/*!40101 SET character_set_client = @saved_cs_client */;

--
-- Dumping data for table `ec_order_histories`
--

LOCK TABLES `ec_order_histories` WRITE;
/*!40000 ALTER TABLE `ec_order_histories` DISABLE KEYS */;
INSERT INTO `ec_order_histories` VALUES (1,'create_order_from_seeder','Order is created from the checkout page',NULL,1,NULL,'2022-09-22 01:54:06','2022-09-22 01:54:06'),(2,'confirm_order','Order was verified by %user_name%',0,1,NULL,'2022-09-22 01:54:06','2022-09-22 01:54:06'),(3,'confirm_payment','Payment was confirmed (amount $882.80) by %user_name%',0,1,NULL,'2022-09-27 01:54:06','2022-09-27 01:54:06'),(4,'create_shipment','Created shipment for order',0,1,NULL,'2022-09-27 01:54:06','2022-09-27 01:54:06'),(5,'create_order_from_seeder','Order is created from the checkout page',NULL,2,NULL,'2022-09-15 23:54:06','2022-09-15 23:54:06'),(6,'confirm_order','Order was verified by %user_name%',0,2,NULL,'2022-09-15 23:54:06','2022-09-15 23:54:06'),(7,'confirm_payment','Payment was confirmed (amount $656.70) by %user_name%',0,2,NULL,'2022-09-27 01:54:06','2022-09-27 01:54:06'),(8,'create_shipment','Created shipment for order',0,2,NULL,'2022-09-27 01:54:06','2022-09-27 01:54:06'),(9,'create_order_from_seeder','Order is created from the checkout page',NULL,3,NULL,'2022-09-13 13:54:06','2022-09-13 13:54:06'),(10,'confirm_order','Order was verified by %user_name%',0,3,NULL,'2022-09-13 13:54:06','2022-09-13 13:54:06'),(11,'create_shipment','Created shipment for order',0,3,NULL,'2022-09-27 01:54:06','2022-09-27 01:54:06'),(12,'update_status','Changed status of shipping to: Delivered. Updated by: %user_name%',0,3,NULL,'2022-09-27 01:54:06','2022-09-27 01:54:06'),(13,'create_order_from_seeder','Order is created from the checkout page',NULL,4,NULL,'2022-09-12 21:54:06','2022-09-12 21:54:06'),(14,'confirm_order','Order was verified by %user_name%',0,4,NULL,'2022-09-12 21:54:06','2022-09-12 21:54:06'),(15,'create_shipment','Created shipment for order',0,4,NULL,'2022-09-27 01:54:06','2022-09-27 01:54:06'),(16,'create_order_from_seeder','Order is created from the checkout page',NULL,5,NULL,'2022-09-16 09:54:06','2022-09-16 09:54:06'),(17,'confirm_order','Order was verified by %user_name%',0,5,NULL,'2022-09-16 09:54:06','2022-09-16 09:54:06'),(18,'confirm_payment','Payment was confirmed (amount $1,458.90) by %user_name%',0,5,NULL,'2022-09-27 01:54:06','2022-09-27 01:54:06'),(19,'create_shipment','Created shipment for order',0,5,NULL,'2022-09-27 01:54:06','2022-09-27 01:54:06'),(20,'create_order_from_seeder','Order is created from the checkout page',NULL,6,NULL,'2022-09-14 13:54:06','2022-09-14 13:54:06'),(21,'confirm_order','Order was verified by %user_name%',0,6,NULL,'2022-09-14 13:54:06','2022-09-14 13:54:06'),(22,'confirm_payment','Payment was confirmed (amount $755.10) by %user_name%',0,6,NULL,'2022-09-27 01:54:06','2022-09-27 01:54:06'),(23,'create_shipment','Created shipment for order',0,6,NULL,'2022-09-27 01:54:06','2022-09-27 01:54:06'),(24,'create_order_from_seeder','Order is created from the checkout page',NULL,7,NULL,'2022-09-22 09:54:06','2022-09-22 09:54:06'),(25,'confirm_order','Order was verified by %user_name%',0,7,NULL,'2022-09-22 09:54:06','2022-09-22 09:54:06'),(26,'confirm_payment','Payment was confirmed (amount $761.20) by %user_name%',0,7,NULL,'2022-09-27 01:54:06','2022-09-27 01:54:06'),(27,'create_shipment','Created shipment for order',0,7,NULL,'2022-09-27 01:54:06','2022-09-27 01:54:06'),(28,'create_order_from_seeder','Order is created from the checkout page',NULL,8,NULL,'2022-09-25 23:54:06','2022-09-25 23:54:06'),(29,'confirm_order','Order was verified by %user_name%',0,8,NULL,'2022-09-25 23:54:06','2022-09-25 23:54:06'),(30,'confirm_payment','Payment was confirmed (amount $1,884.80) by %user_name%',0,8,NULL,'2022-09-27 01:54:06','2022-09-27 01:54:06'),(31,'create_shipment','Created shipment for order',0,8,NULL,'2022-09-27 01:54:06','2022-09-27 01:54:06'),(32,'update_status','Changed status of shipping to: Delivered. Updated by: %user_name%',0,8,NULL,'2022-09-27 01:54:06','2022-09-27 01:54:06'),(33,'create_order_from_seeder','Order is created from the checkout page',NULL,9,NULL,'2022-09-24 01:54:06','2022-09-24 01:54:06'),(34,'confirm_order','Order was verified by %user_name%',0,9,NULL,'2022-09-24 01:54:06','2022-09-24 01:54:06'),(35,'confirm_payment','Payment was confirmed (amount $492.20) by %user_name%',0,9,NULL,'2022-09-27 01:54:06','2022-09-27 01:54:06'),(36,'create_shipment','Created shipment for order',0,9,NULL,'2022-09-27 01:54:06','2022-09-27 01:54:06'),(37,'update_status','Changed status of shipping to: Delivered. Updated by: %user_name%',0,9,NULL,'2022-09-27 01:54:06','2022-09-27 01:54:06'),(38,'create_order_from_seeder','Order is created from the checkout page',NULL,10,NULL,'2022-09-20 15:54:06','2022-09-20 15:54:06'),(39,'confirm_order','Order was verified by %user_name%',0,10,NULL,'2022-09-20 15:54:06','2022-09-20 15:54:06'),(40,'confirm_payment','Payment was confirmed (amount $740.90) by %user_name%',0,10,NULL,'2022-09-27 01:54:06','2022-09-27 01:54:06'),(41,'create_shipment','Created shipment for order',0,10,NULL,'2022-09-27 01:54:06','2022-09-27 01:54:06'),(42,'create_order_from_seeder','Order is created from the checkout page',NULL,11,NULL,'2022-09-19 13:54:06','2022-09-19 13:54:06'),(43,'confirm_order','Order was verified by %user_name%',0,11,NULL,'2022-09-19 13:54:06','2022-09-19 13:54:06'),(44,'confirm_payment','Payment was confirmed (amount $1,533.10) by %user_name%',0,11,NULL,'2022-09-27 01:54:06','2022-09-27 01:54:06'),(45,'create_shipment','Created shipment for order',0,11,NULL,'2022-09-27 01:54:06','2022-09-27 01:54:06'),(46,'create_order_from_seeder','Order is created from the checkout page',NULL,12,NULL,'2022-09-25 13:54:06','2022-09-25 13:54:06'),(47,'confirm_order','Order was verified by %user_name%',0,12,NULL,'2022-09-25 13:54:06','2022-09-25 13:54:06'),(48,'confirm_payment','Payment was confirmed (amount $1,436.00) by %user_name%',0,12,NULL,'2022-09-27 01:54:06','2022-09-27 01:54:06'),(49,'create_shipment','Created shipment for order',0,12,NULL,'2022-09-27 01:54:06','2022-09-27 01:54:06'),(50,'update_status','Changed status of shipping to: Delivered. Updated by: %user_name%',0,12,NULL,'2022-09-27 01:54:06','2022-09-27 01:54:06'),(51,'create_order_from_seeder','Order is created from the checkout page',NULL,13,NULL,'2022-09-20 09:54:06','2022-09-20 09:54:06'),(52,'confirm_order','Order was verified by %user_name%',0,13,NULL,'2022-09-20 09:54:06','2022-09-20 09:54:06'),(53,'confirm_payment','Payment was confirmed (amount $2,028.10) by %user_name%',0,13,NULL,'2022-09-27 01:54:06','2022-09-27 01:54:06'),(54,'create_shipment','Created shipment for order',0,13,NULL,'2022-09-27 01:54:06','2022-09-27 01:54:06'),(55,'update_status','Changed status of shipping to: Delivered. Updated by: %user_name%',0,13,NULL,'2022-09-27 01:54:06','2022-09-27 01:54:06'),(56,'create_order_from_seeder','Order is created from the checkout page',NULL,14,NULL,'2022-09-26 11:54:06','2022-09-26 11:54:06'),(57,'confirm_order','Order was verified by %user_name%',0,14,NULL,'2022-09-26 11:54:06','2022-09-26 11:54:06'),(58,'confirm_payment','Payment was confirmed (amount $1,317.10) by %user_name%',0,14,NULL,'2022-09-27 01:54:06','2022-09-27 01:54:06'),(59,'create_shipment','Created shipment for order',0,14,NULL,'2022-09-27 01:54:06','2022-09-27 01:54:06'),(60,'create_order_from_seeder','Order is created from the checkout page',NULL,15,NULL,'2022-09-24 01:54:06','2022-09-24 01:54:06'),(61,'confirm_order','Order was verified by %user_name%',0,15,NULL,'2022-09-24 01:54:06','2022-09-24 01:54:06'),(62,'create_shipment','Created shipment for order',0,15,NULL,'2022-09-27 01:54:06','2022-09-27 01:54:06'),(63,'create_order_from_seeder','Order is created from the checkout page',NULL,16,NULL,'2022-09-26 05:54:06','2022-09-26 05:54:06'),(64,'confirm_order','Order was verified by %user_name%',0,16,NULL,'2022-09-26 05:54:06','2022-09-26 05:54:06'),(65,'confirm_payment','Payment was confirmed (amount $1,870.60) by %user_name%',0,16,NULL,'2022-09-27 01:54:06','2022-09-27 01:54:06'),(66,'create_shipment','Created shipment for order',0,16,NULL,'2022-09-27 01:54:06','2022-09-27 01:54:06'),(67,'create_order_from_seeder','Order is created from the checkout page',NULL,17,NULL,'2022-09-26 17:54:06','2022-09-26 17:54:06'),(68,'confirm_order','Order was verified by %user_name%',0,17,NULL,'2022-09-26 17:54:06','2022-09-26 17:54:06'),(69,'confirm_payment','Payment was confirmed (amount $588.00) by %user_name%',0,17,NULL,'2022-09-27 01:54:06','2022-09-27 01:54:06'),(70,'create_shipment','Created shipment for order',0,17,NULL,'2022-09-27 01:54:06','2022-09-27 01:54:06'),(71,'create_order_from_seeder','Order is created from the checkout page',NULL,18,NULL,'2022-09-26 01:54:06','2022-09-26 01:54:06'),(72,'confirm_order','Order was verified by %user_name%',0,18,NULL,'2022-09-26 01:54:06','2022-09-26 01:54:06'),(73,'create_shipment','Created shipment for order',0,18,NULL,'2022-09-27 01:54:06','2022-09-27 01:54:06'),(74,'create_order_from_seeder','Order is created from the checkout page',NULL,19,NULL,'2022-09-26 09:54:06','2022-09-26 09:54:06'),(75,'confirm_order','Order was verified by %user_name%',0,19,NULL,'2022-09-26 09:54:06','2022-09-26 09:54:06'),(76,'confirm_payment','Payment was confirmed (amount $1,522.50) by %user_name%',0,19,NULL,'2022-09-27 01:54:06','2022-09-27 01:54:06'),(77,'create_shipment','Created shipment for order',0,19,NULL,'2022-09-27 01:54:06','2022-09-27 01:54:06'),(78,'update_status','Changed status of shipping to: Delivered. Updated by: %user_name%',0,19,NULL,'2022-09-27 01:54:06','2022-09-27 01:54:06'),(79,'create_order_from_seeder','Order is created from the checkout page',NULL,20,NULL,'2022-09-26 07:54:06','2022-09-26 07:54:06'),(80,'confirm_order','Order was verified by %user_name%',0,20,NULL,'2022-09-26 07:54:06','2022-09-26 07:54:06'),(81,'confirm_payment','Payment was confirmed (amount $862.70) by %user_name%',0,20,NULL,'2022-09-27 01:54:06','2022-09-27 01:54:06'),(82,'create_shipment','Created shipment for order',0,20,NULL,'2022-09-27 01:54:06','2022-09-27 01:54:06'),(83,'update_status','Changed status of shipping to: Delivered. Updated by: %user_name%',0,20,NULL,'2022-09-27 01:54:06','2022-09-27 01:54:06'),(84,'update_status','Order confirmed by %user_name%',0,8,NULL,'2022-09-27 01:54:06','2022-09-27 01:54:06'),(85,'update_status','Order confirmed by %user_name%',0,9,NULL,'2022-09-27 01:54:06','2022-09-27 01:54:06'),(86,'update_status','Order confirmed by %user_name%',0,12,NULL,'2022-09-27 01:54:06','2022-09-27 01:54:06'),(87,'update_status','Order confirmed by %user_name%',0,13,NULL,'2022-09-27 01:54:06','2022-09-27 01:54:06'),(88,'update_status','Order confirmed by %user_name%',0,19,NULL,'2022-09-27 01:54:06','2022-09-27 01:54:06'),(89,'update_status','Order confirmed by %user_name%',0,20,NULL,'2022-09-27 01:54:06','2022-09-27 01:54:06');
/*!40000 ALTER TABLE `ec_order_histories` ENABLE KEYS */;
UNLOCK TABLES;

--
-- Table structure for table `ec_order_product`
--

DROP TABLE IF EXISTS `ec_order_product`;
/*!40101 SET @saved_cs_client     = @@character_set_client */;
/*!50503 SET character_set_client = utf8mb4 */;
CREATE TABLE `ec_order_product` (
  `id` bigint unsigned NOT NULL AUTO_INCREMENT,
  `order_id` int unsigned NOT NULL,
  `qty` int NOT NULL,
  `price` decimal(15,2) NOT NULL,
  `tax_amount` decimal(15,2) NOT NULL,
  `options` text COLLATE utf8mb4_unicode_ci,
  `product_id` int unsigned DEFAULT NULL,
  `product_name` varchar(191) COLLATE utf8mb4_unicode_ci NOT NULL,
  `weight` double(8,2) DEFAULT '0.00',
  `restock_quantity` int unsigned DEFAULT '0',
  `created_at` timestamp NULL DEFAULT NULL,
  `updated_at` timestamp NULL DEFAULT NULL,
  `product_type` varchar(60) COLLATE utf8mb4_unicode_ci NOT NULL DEFAULT 'physical',
  `times_downloaded` int NOT NULL DEFAULT '0',
  PRIMARY KEY (`id`)
) ENGINE=InnoDB AUTO_INCREMENT=70 DEFAULT CHARSET=utf8mb4 COLLATE=utf8mb4_unicode_ci;
/*!40101 SET character_set_client = @saved_cs_client */;

--
-- Dumping data for table `ec_order_product`
--

LOCK TABLES `ec_order_product` WRITE;
/*!40000 ALTER TABLE `ec_order_product` DISABLE KEYS */;
INSERT INTO `ec_order_product` VALUES (1,1,3,81.00,8.10,'[]',32,'Chikie - Bluetooth Speaker',2157.00,0,'2022-09-27 01:54:06','2022-09-27 01:54:06','physical',0),(2,1,2,129.00,12.90,'[]',45,'Macbook Pro 2015',1152.00,0,'2022-09-27 01:54:06','2022-09-27 01:54:06','physical',0),(3,1,1,118.00,11.80,'[]',55,'Apple Keyboard',698.00,0,'2022-09-27 01:54:06','2022-09-27 01:54:06','physical',0),(4,1,2,110.00,11.00,'[]',62,'Black Smart Watches',1658.00,0,'2022-09-27 01:54:06','2022-09-27 01:54:06','physical',0),(5,2,1,129.00,12.90,'[]',47,'Macbook Pro 2015',576.00,0,'2022-09-27 01:54:06','2022-09-27 01:54:06','physical',0),(6,2,2,121.00,12.10,'[]',53,'Macbook Pro 13 inch',1280.00,0,'2022-09-27 01:54:06','2022-09-27 01:54:06','physical',0),(7,2,1,116.00,11.60,'[]',75,'Phillips Mouse',756.00,0,'2022-09-27 01:54:06','2022-09-27 01:54:06','physical',0),(8,2,1,121.00,12.10,'[]',77,'Gaming Keyboard',606.00,0,'2022-09-27 01:54:06','2022-09-27 01:54:06','physical',0),(9,3,2,81.00,8.10,'[]',33,'Chikie - Bluetooth Speaker',1438.00,0,'2022-09-27 01:54:06','2022-09-27 01:54:06','physical',0),(10,3,1,110.00,11.00,'[]',64,'Black Smart Watches',829.00,0,'2022-09-27 01:54:06','2022-09-27 01:54:06','physical',0),(11,3,1,110.00,11.00,'[]',65,'Black Smart Watches',829.00,0,'2022-09-27 01:54:06','2022-09-27 01:54:06','physical',0),(12,4,1,41.00,4.10,'[]',34,'Camera Hikvision HK-35VS8',517.00,0,'2022-09-27 01:54:06','2022-09-27 01:54:06','physical',0),(13,4,2,116.00,11.60,'[]',39,'Leather Watch Band',1446.00,0,'2022-09-27 01:54:06','2022-09-27 01:54:06','physical',0),(14,4,2,119.00,11.90,'[]',66,'Leather Watch Band Serial 3',1070.00,0,'2022-09-27 01:54:06','2022-09-27 01:54:06','physical',0),(15,5,3,376.00,37.60,'[]',29,'Headphone Ultra Bass',1941.00,0,'2022-09-27 01:54:06','2022-09-27 01:54:06','physical',0),(16,5,2,81.00,8.10,'[]',33,'Chikie - Bluetooth Speaker',1438.00,0,'2022-09-27 01:54:06','2022-09-27 01:54:06','physical',0),(17,5,1,112.00,11.20,'[]',59,'Hand playstation',829.00,0,'2022-09-27 01:54:06','2022-09-27 01:54:06','physical',0),(18,6,2,116.00,11.60,'[]',41,'Leather Watch Band',1446.00,0,'2022-09-27 01:54:06','2022-09-27 01:54:06','physical',0),(19,6,1,121.00,12.10,'[]',53,'Macbook Pro 13 inch',640.00,0,'2022-09-27 01:54:06','2022-09-27 01:54:06','physical',0),(20,6,1,113.00,11.30,'[]',60,'Apple Airpods Serial 3',537.00,0,'2022-09-27 01:54:06','2022-09-27 01:54:06','physical',0),(21,6,2,121.00,12.10,'[]',77,'Gaming Keyboard',1212.00,0,'2022-09-27 01:54:06','2022-09-27 01:54:06','physical',0),(22,7,3,41.00,4.10,'[]',34,'Camera Hikvision HK-35VS8',1551.00,0,'2022-09-27 01:54:06','2022-09-27 01:54:06','physical',0),(23,7,1,129.00,12.90,'[]',45,'Macbook Pro 2015',576.00,0,'2022-09-27 01:54:06','2022-09-27 01:54:06','physical',0),(24,7,1,129.00,12.90,'[]',46,'Macbook Pro 2015',576.00,0,'2022-09-27 01:54:06','2022-09-27 01:54:06','physical',0),(25,7,3,113.00,11.30,'[]',60,'Apple Airpods Serial 3',1611.00,0,'2022-09-27 01:54:06','2022-09-27 01:54:06','physical',0),(26,8,3,376.00,37.60,'[]',28,'Headphone Ultra Bass',1941.00,0,'2022-09-27 01:54:06','2022-09-27 01:54:06','physical',0),(27,8,3,116.00,11.60,'[]',41,'Leather Watch Band',2169.00,0,'2022-09-27 01:54:06','2022-09-27 01:54:06','physical',0),(28,8,3,116.00,11.60,'[]',74,'Phillips Mouse',2268.00,0,'2022-09-27 01:54:06','2022-09-27 01:54:06','physical',0),(29,9,1,116.00,11.60,'[]',42,'Leather Watch Band',723.00,0,'2022-09-27 01:54:06','2022-09-27 01:54:06','physical',0),(30,9,1,110.00,11.00,'[]',63,'Black Smart Watches',829.00,0,'2022-09-27 01:54:06','2022-09-27 01:54:06','physical',0),(31,9,2,116.00,11.60,'[]',72,'Historic Alarm Clock',1300.00,0,'2022-09-27 01:54:06','2022-09-27 01:54:06','physical',0),(32,10,3,123.00,12.30,'[]',58,'MacSafe 80W',2208.00,0,'2022-09-27 01:54:06','2022-09-27 01:54:06','physical',0),(33,10,3,116.00,11.60,'[]',74,'Phillips Mouse',2268.00,0,'2022-09-27 01:54:06','2022-09-27 01:54:06','physical',0),(34,11,2,392.00,39.20,'[]',48,'Macbook Air 12 inch',1376.00,0,'2022-09-27 01:54:06','2022-09-27 01:54:06','physical',0),(35,11,3,113.00,11.30,'[]',60,'Apple Airpods Serial 3',1611.00,0,'2022-09-27 01:54:06','2022-09-27 01:54:06','physical',0),(36,11,3,116.00,11.60,'[]',76,'Phillips Mouse',2268.00,0,'2022-09-27 01:54:06','2022-09-27 01:54:06','physical',0),(37,12,2,471.00,47.10,'[]',30,'Boxed - Bluetooth Headphone',1022.00,0,'2022-09-27 01:54:06','2022-09-27 01:54:06','physical',0),(38,12,2,41.00,4.10,'[]',36,'Camera Hikvision HK-35VS8',1034.00,0,'2022-09-27 01:54:06','2022-09-27 01:54:06','physical',0),(39,12,1,118.00,11.80,'[]',55,'Apple Keyboard',698.00,0,'2022-09-27 01:54:06','2022-09-27 01:54:06','physical',0),(40,12,2,110.00,11.00,'[]',64,'Black Smart Watches',1658.00,0,'2022-09-27 01:54:06','2022-09-27 01:54:06','physical',0),(41,13,3,325.00,32.50,'[]',26,'Smart Home Speaker',2307.00,0,'2022-09-27 01:54:06','2022-09-27 01:54:06','physical',0),(42,13,2,376.00,37.60,'[]',29,'Headphone Ultra Bass',1294.00,0,'2022-09-27 01:54:06','2022-09-27 01:54:06','physical',0),(43,13,1,81.00,8.10,'[]',32,'Chikie - Bluetooth Speaker',719.00,0,'2022-09-27 01:54:06','2022-09-27 01:54:06','physical',0),(44,13,1,129.00,12.90,'[]',46,'Macbook Pro 2015',576.00,0,'2022-09-27 01:54:06','2022-09-27 01:54:06','physical',0),(45,14,1,325.00,32.50,'[]',25,'Smart Home Speaker',769.00,0,'2022-09-27 01:54:06','2022-09-27 01:54:06','physical',0),(46,14,3,116.00,11.60,'[]',39,'Leather Watch Band',2169.00,0,'2022-09-27 01:54:06','2022-09-27 01:54:06','physical',0),(47,14,2,113.00,11.30,'[]',60,'Apple Airpods Serial 3',1074.00,0,'2022-09-27 01:54:06','2022-09-27 01:54:06','physical',0),(48,14,3,117.00,11.70,'[]',61,'Cool Smart Watches',1974.00,0,'2022-09-27 01:54:06','2022-09-27 01:54:06','physical',0),(49,15,1,41.00,4.10,'[]',37,'Camera Hikvision HK-35VS8',517.00,0,'2022-09-27 01:54:06','2022-09-27 01:54:06','physical',0),(50,15,2,116.00,11.60,'[]',42,'Leather Watch Band',1446.00,0,'2022-09-27 01:54:06','2022-09-27 01:54:06','physical',0),(51,15,2,129.00,12.90,'[]',47,'Macbook Pro 2015',1152.00,0,'2022-09-27 01:54:06','2022-09-27 01:54:06','physical',0),(52,15,3,116.00,11.60,'[]',72,'Historic Alarm Clock',1950.00,0,'2022-09-27 01:54:06','2022-09-27 01:54:06','physical',0),(53,16,2,325.00,32.50,'[]',25,'Smart Home Speaker',1538.00,0,'2022-09-27 01:54:06','2022-09-27 01:54:06','physical',0),(54,16,2,376.00,37.60,'[]',28,'Headphone Ultra Bass',1294.00,0,'2022-09-27 01:54:06','2022-09-27 01:54:06','physical',0),(55,16,2,129.00,12.90,'[]',45,'Macbook Pro 2015',1152.00,0,'2022-09-27 01:54:06','2022-09-27 01:54:06','physical',0),(56,16,1,116.00,11.60,'[]',75,'Phillips Mouse',756.00,0,'2022-09-27 01:54:06','2022-09-27 01:54:06','physical',0),(57,17,2,41.00,4.10,'[]',36,'Camera Hikvision HK-35VS8',1034.00,0,'2022-09-27 01:54:06','2022-09-27 01:54:06','physical',0),(58,17,2,129.00,12.90,'[]',45,'Macbook Pro 2015',1152.00,0,'2022-09-27 01:54:06','2022-09-27 01:54:06','physical',0),(59,17,2,110.00,11.00,'[]',65,'Black Smart Watches',1658.00,0,'2022-09-27 01:54:06','2022-09-27 01:54:06','physical',0),(60,18,1,325.00,32.50,'[]',27,'Smart Home Speaker',769.00,0,'2022-09-27 01:54:06','2022-09-27 01:54:06','physical',0),(61,18,3,41.00,4.10,'[]',34,'Camera Hikvision HK-35VS8',1551.00,0,'2022-09-27 01:54:06','2022-09-27 01:54:06','physical',0),(62,19,2,376.00,37.60,'[]',28,'Headphone Ultra Bass',1294.00,0,'2022-09-27 01:54:06','2022-09-27 01:54:06','physical',0),(63,19,2,117.00,11.70,'[]',61,'Cool Smart Watches',1316.00,0,'2022-09-27 01:54:06','2022-09-27 01:54:06','physical',0),(64,19,1,116.00,11.60,'[]',74,'Phillips Mouse',756.00,0,'2022-09-27 01:54:06','2022-09-27 01:54:06','physical',0),(65,19,3,116.00,11.60,'[]',75,'Phillips Mouse',2268.00,0,'2022-09-27 01:54:06','2022-09-27 01:54:06','physical',0),(66,20,1,81.00,8.10,'[]',33,'Chikie - Bluetooth Speaker',719.00,0,'2022-09-27 01:54:06','2022-09-27 01:54:06','physical',0),(67,20,1,41.00,4.10,'[]',36,'Camera Hikvision HK-35VS8',517.00,0,'2022-09-27 01:54:06','2022-09-27 01:54:06','physical',0),(68,20,3,118.00,11.80,'[]',51,'Apple Watch Serial 7',2136.00,0,'2022-09-27 01:54:06','2022-09-27 01:54:06','physical',0),(69,20,3,117.00,11.70,'[]',61,'Cool Smart Watches',1974.00,0,'2022-09-27 01:54:06','2022-09-27 01:54:06','physical',0);
/*!40000 ALTER TABLE `ec_order_product` ENABLE KEYS */;
UNLOCK TABLES;

--
-- Table structure for table `ec_order_referrals`
--

DROP TABLE IF EXISTS `ec_order_referrals`;
/*!40101 SET @saved_cs_client     = @@character_set_client */;
/*!50503 SET character_set_client = utf8mb4 */;
CREATE TABLE `ec_order_referrals` (
  `id` bigint unsigned NOT NULL AUTO_INCREMENT,
  `ip` varchar(39) COLLATE utf8mb4_unicode_ci DEFAULT NULL,
  `landing_domain` varchar(255) COLLATE utf8mb4_unicode_ci DEFAULT NULL,
  `landing_page` varchar(255) COLLATE utf8mb4_unicode_ci DEFAULT NULL,
  `landing_params` varchar(255) COLLATE utf8mb4_unicode_ci DEFAULT NULL,
  `referral` varchar(255) COLLATE utf8mb4_unicode_ci DEFAULT NULL,
  `gclid` varchar(255) COLLATE utf8mb4_unicode_ci DEFAULT NULL,
  `fclid` varchar(255) COLLATE utf8mb4_unicode_ci DEFAULT NULL,
  `utm_source` varchar(255) COLLATE utf8mb4_unicode_ci DEFAULT NULL,
  `utm_campaign` varchar(255) COLLATE utf8mb4_unicode_ci DEFAULT NULL,
  `utm_medium` varchar(255) COLLATE utf8mb4_unicode_ci DEFAULT NULL,
  `utm_term` varchar(255) COLLATE utf8mb4_unicode_ci DEFAULT NULL,
  `utm_content` varchar(255) COLLATE utf8mb4_unicode_ci DEFAULT NULL,
  `referrer_url` text COLLATE utf8mb4_unicode_ci,
  `referrer_domain` varchar(255) COLLATE utf8mb4_unicode_ci DEFAULT NULL,
  `order_id` int DEFAULT NULL,
  `created_at` timestamp NULL DEFAULT NULL,
  `updated_at` timestamp NULL DEFAULT NULL,
  PRIMARY KEY (`id`),
  KEY `ec_order_referrals_order_id_index` (`order_id`)
) ENGINE=InnoDB DEFAULT CHARSET=utf8mb4 COLLATE=utf8mb4_unicode_ci;
/*!40101 SET character_set_client = @saved_cs_client */;

--
-- Dumping data for table `ec_order_referrals`
--

LOCK TABLES `ec_order_referrals` WRITE;
/*!40000 ALTER TABLE `ec_order_referrals` DISABLE KEYS */;
/*!40000 ALTER TABLE `ec_order_referrals` ENABLE KEYS */;
UNLOCK TABLES;

--
-- Table structure for table `ec_order_return_items`
--

DROP TABLE IF EXISTS `ec_order_return_items`;
/*!40101 SET @saved_cs_client     = @@character_set_client */;
/*!50503 SET character_set_client = utf8mb4 */;
CREATE TABLE `ec_order_return_items` (
  `id` bigint unsigned NOT NULL AUTO_INCREMENT,
  `order_return_id` int unsigned NOT NULL COMMENT 'Order return id',
  `order_product_id` int unsigned NOT NULL COMMENT 'Order product id',
  `product_id` int unsigned NOT NULL COMMENT 'Product id',
  `product_name` varchar(191) COLLATE utf8mb4_unicode_ci NOT NULL,
  `qty` int NOT NULL COMMENT 'Quantity return',
  `price` decimal(15,2) NOT NULL COMMENT 'Price Product',
  `reason` text COLLATE utf8mb4_unicode_ci,
  `created_at` timestamp NULL DEFAULT NULL,
  `updated_at` timestamp NULL DEFAULT NULL,
  PRIMARY KEY (`id`)
) ENGINE=InnoDB DEFAULT CHARSET=utf8mb4 COLLATE=utf8mb4_unicode_ci;
/*!40101 SET character_set_client = @saved_cs_client */;

--
-- Dumping data for table `ec_order_return_items`
--

LOCK TABLES `ec_order_return_items` WRITE;
/*!40000 ALTER TABLE `ec_order_return_items` DISABLE KEYS */;
/*!40000 ALTER TABLE `ec_order_return_items` ENABLE KEYS */;
UNLOCK TABLES;

--
-- Table structure for table `ec_order_returns`
--

DROP TABLE IF EXISTS `ec_order_returns`;
/*!40101 SET @saved_cs_client     = @@character_set_client */;
/*!50503 SET character_set_client = utf8mb4 */;
CREATE TABLE `ec_order_returns` (
  `id` bigint unsigned NOT NULL AUTO_INCREMENT,
  `order_id` int unsigned NOT NULL COMMENT 'Order ID',
  `store_id` int unsigned DEFAULT NULL COMMENT 'Store ID',
  `user_id` int unsigned NOT NULL COMMENT 'Customer ID',
  `reason` text COLLATE utf8mb4_unicode_ci COMMENT 'Reason return order',
  `order_status` varchar(191) COLLATE utf8mb4_unicode_ci DEFAULT NULL COMMENT 'Order current status',
  `return_status` varchar(191) COLLATE utf8mb4_unicode_ci NOT NULL COMMENT 'Return status',
  `created_at` timestamp NULL DEFAULT NULL,
  `updated_at` timestamp NULL DEFAULT NULL,
  PRIMARY KEY (`id`)
) ENGINE=InnoDB DEFAULT CHARSET=utf8mb4 COLLATE=utf8mb4_unicode_ci;
/*!40101 SET character_set_client = @saved_cs_client */;

--
-- Dumping data for table `ec_order_returns`
--

LOCK TABLES `ec_order_returns` WRITE;
/*!40000 ALTER TABLE `ec_order_returns` DISABLE KEYS */;
/*!40000 ALTER TABLE `ec_order_returns` ENABLE KEYS */;
UNLOCK TABLES;

--
-- Table structure for table `ec_orders`
--

DROP TABLE IF EXISTS `ec_orders`;
/*!40101 SET @saved_cs_client     = @@character_set_client */;
/*!50503 SET character_set_client = utf8mb4 */;
CREATE TABLE `ec_orders` (
  `id` bigint unsigned NOT NULL AUTO_INCREMENT,
  `user_id` int unsigned NOT NULL,
  `shipping_option` varchar(60) COLLATE utf8mb4_unicode_ci DEFAULT NULL,
  `shipping_method` varchar(60) COLLATE utf8mb4_unicode_ci NOT NULL DEFAULT 'default',
  `status` varchar(120) COLLATE utf8mb4_unicode_ci NOT NULL DEFAULT 'pending',
  `amount` decimal(15,2) NOT NULL,
  `tax_amount` decimal(15,2) DEFAULT NULL,
  `shipping_amount` decimal(15,2) DEFAULT NULL,
  `description` text COLLATE utf8mb4_unicode_ci,
  `coupon_code` varchar(120) COLLATE utf8mb4_unicode_ci DEFAULT NULL,
  `discount_amount` decimal(15,2) DEFAULT NULL,
  `sub_total` decimal(15,2) NOT NULL,
  `is_confirmed` tinyint(1) NOT NULL DEFAULT '0',
  `discount_description` varchar(255) COLLATE utf8mb4_unicode_ci DEFAULT NULL,
  `is_finished` tinyint(1) DEFAULT '0',
  `completed_at` timestamp NULL DEFAULT NULL,
  `token` varchar(120) COLLATE utf8mb4_unicode_ci DEFAULT NULL,
  `payment_id` int unsigned DEFAULT NULL,
  `created_at` timestamp NULL DEFAULT NULL,
  `updated_at` timestamp NULL DEFAULT NULL,
  PRIMARY KEY (`id`),
  KEY `ec_orders_user_id_status_created_at_index` (`user_id`,`status`,`created_at`)
) ENGINE=InnoDB AUTO_INCREMENT=21 DEFAULT CHARSET=utf8mb4 COLLATE=utf8mb4_unicode_ci;
/*!40101 SET character_set_client = @saved_cs_client */;

--
-- Dumping data for table `ec_orders`
--

LOCK TABLES `ec_orders` WRITE;
/*!40000 ALTER TABLE `ec_orders` DISABLE KEYS */;
INSERT INTO `ec_orders` VALUES (1,7,'1','default','pending',882.80,43.80,0.00,NULL,NULL,0.00,839.00,1,NULL,1,NULL,'lHJtc5NSt33WbzCKhHkpowb9T2upu',1,'2022-09-22 01:54:06','2022-09-27 01:54:06'),(2,3,'1','default','pending',656.70,48.70,0.00,NULL,NULL,0.00,608.00,1,NULL,1,NULL,'hbVyN1Fg3yb0918DygRmBkvXPqanP',2,'2022-09-15 23:54:06','2022-09-27 01:54:06'),(3,6,'1','default','completed',412.10,30.10,0.00,NULL,NULL,0.00,382.00,1,NULL,1,'2022-09-27 01:54:06','ivsEHGWhoxgJWW7t9gHYx5M0aVlGW',3,'2022-09-13 13:54:06','2022-09-27 01:54:06'),(4,8,'1','default','pending',538.60,27.60,0.00,NULL,NULL,0.00,511.00,1,NULL,1,NULL,'bb35HNxByDcO0NyCU8AdSnufLfWtG',4,'2022-09-12 21:54:06','2022-09-27 01:54:06'),(5,10,'1','default','pending',1458.90,56.90,0.00,NULL,NULL,0.00,1402.00,1,NULL,1,NULL,'YFpY56iQlLZ5YwpxVZWzkHGxuKE4H',5,'2022-09-16 09:54:06','2022-09-27 01:54:06'),(6,4,'1','default','pending',755.10,47.10,0.00,NULL,NULL,0.00,708.00,1,NULL,1,NULL,'ZUsPRvkDlWAXOaekp9RemJOwXZBRP',6,'2022-09-14 13:54:06','2022-09-27 01:54:06'),(7,10,'1','default','pending',761.20,41.20,0.00,NULL,NULL,0.00,720.00,1,NULL,1,NULL,'gT1v9cbrY5iB5XAdHsFfiumg3PXop',7,'2022-09-22 09:54:06','2022-09-27 01:54:06'),(8,4,'1','default','completed',1884.80,60.80,0.00,NULL,NULL,0.00,1824.00,1,NULL,1,'2022-09-27 01:54:06','WXpn4uep0VyRfFpw8V6LY7roqi0lF',8,'2022-09-25 23:54:06','2022-09-27 01:54:06'),(9,5,'1','default','completed',492.20,34.20,0.00,NULL,NULL,0.00,458.00,1,NULL,1,'2022-09-27 01:54:06','VP8CCKVACQwcXevm6olS0xmgctfSM',9,'2022-09-24 01:54:06','2022-09-27 01:54:06'),(10,4,'1','default','pending',740.90,23.90,0.00,NULL,NULL,0.00,717.00,1,NULL,1,NULL,'2W0tRYRIajVQeA9w8WURJgmVR3hJv',10,'2022-09-20 15:54:06','2022-09-27 01:54:06'),(11,9,'1','default','pending',1533.10,62.10,0.00,NULL,NULL,0.00,1471.00,1,NULL,1,NULL,'Sa547whdmRAiORepbs6KtMefmcExY',11,'2022-09-19 13:54:06','2022-09-27 01:54:06'),(12,1,'1','default','completed',1436.00,74.00,0.00,NULL,NULL,0.00,1362.00,1,NULL,1,'2022-09-27 01:54:06','IG0F0DiXMoAZR7a7Jtdr4LzT7Nk3p',12,'2022-09-25 13:54:06','2022-09-27 01:54:06'),(13,1,'1','default','completed',2028.10,91.10,0.00,NULL,NULL,0.00,1937.00,1,NULL,1,'2022-09-27 01:54:06','T76iMlwOLLyEN7Te3XiJc1TWoRfcr',13,'2022-09-20 09:54:06','2022-09-27 01:54:06'),(14,2,'1','default','pending',1317.10,67.10,0.00,NULL,NULL,0.00,1250.00,1,NULL,1,NULL,'VeqDz3S9NwDhQb64ao1x8aNauTFXq',14,'2022-09-26 11:54:06','2022-09-27 01:54:06'),(15,3,'1','default','pending',919.20,40.20,0.00,NULL,NULL,0.00,879.00,1,NULL,1,NULL,'seqbJYooAvy8C0fHNUSFkOlwbh6zc',15,'2022-09-24 01:54:06','2022-09-27 01:54:06'),(16,5,'1','default','pending',1870.60,94.60,0.00,NULL,NULL,0.00,1776.00,1,NULL,1,NULL,'2aMmk9wAOrrCHQ8zT6m7ICOUJ6vRO',16,'2022-09-26 05:54:06','2022-09-27 01:54:06'),(17,1,'1','default','pending',588.00,28.00,0.00,NULL,NULL,0.00,560.00,1,NULL,1,NULL,'YaDDN0kcRVgqJFqeCyc8b4eXJJopA',17,'2022-09-26 17:54:06','2022-09-27 01:54:06'),(18,4,'1','default','pending',484.60,36.60,0.00,NULL,NULL,0.00,448.00,1,NULL,1,NULL,'d2yBGKLxJAtyKE9BlivckUD4CpLT4',18,'2022-09-26 01:54:06','2022-09-27 01:54:06'),(19,1,'1','default','completed',1522.50,72.50,0.00,NULL,NULL,0.00,1450.00,1,NULL,1,'2022-09-27 01:54:06','R2iW6rPeVHawQg3qiI6yzaN2ZqEcZ',19,'2022-09-26 09:54:06','2022-09-27 01:54:06'),(20,6,'1','default','completed',862.70,35.70,0.00,NULL,NULL,0.00,827.00,1,NULL,1,'2022-09-27 01:54:06','RXj4erl9lVNKfSFqLhtB9f52DeE5a',20,'2022-09-26 07:54:06','2022-09-27 01:54:06');
/*!40000 ALTER TABLE `ec_orders` ENABLE KEYS */;
UNLOCK TABLES;

--
-- Table structure for table `ec_product_attribute_sets`
--

DROP TABLE IF EXISTS `ec_product_attribute_sets`;
/*!40101 SET @saved_cs_client     = @@character_set_client */;
/*!50503 SET character_set_client = utf8mb4 */;
CREATE TABLE `ec_product_attribute_sets` (
  `id` bigint unsigned NOT NULL AUTO_INCREMENT,
  `title` varchar(120) COLLATE utf8mb4_unicode_ci NOT NULL,
  `slug` varchar(120) COLLATE utf8mb4_unicode_ci DEFAULT NULL,
  `display_layout` varchar(191) COLLATE utf8mb4_unicode_ci NOT NULL DEFAULT 'swatch_dropdown',
  `is_searchable` tinyint unsigned NOT NULL DEFAULT '1',
  `is_comparable` tinyint unsigned NOT NULL DEFAULT '1',
  `is_use_in_product_listing` tinyint unsigned NOT NULL DEFAULT '0',
  `status` varchar(60) COLLATE utf8mb4_unicode_ci NOT NULL DEFAULT 'published',
  `order` tinyint unsigned NOT NULL DEFAULT '0',
  `created_at` timestamp NULL DEFAULT NULL,
  `updated_at` timestamp NULL DEFAULT NULL,
  `use_image_from_product_variation` tinyint unsigned NOT NULL DEFAULT '0',
  PRIMARY KEY (`id`)
) ENGINE=InnoDB AUTO_INCREMENT=3 DEFAULT CHARSET=utf8mb4 COLLATE=utf8mb4_unicode_ci;
/*!40101 SET character_set_client = @saved_cs_client */;

--
-- Dumping data for table `ec_product_attribute_sets`
--

LOCK TABLES `ec_product_attribute_sets` WRITE;
/*!40000 ALTER TABLE `ec_product_attribute_sets` DISABLE KEYS */;
INSERT INTO `ec_product_attribute_sets` VALUES (1,'Color','color','visual',1,1,1,'published',0,'2022-09-27 01:53:55','2022-09-27 01:53:55',0),(2,'Size','size','text',1,1,1,'published',1,'2022-09-27 01:53:55','2022-09-27 01:53:55',0);
/*!40000 ALTER TABLE `ec_product_attribute_sets` ENABLE KEYS */;
UNLOCK TABLES;

--
-- Table structure for table `ec_product_attribute_sets_translations`
--

DROP TABLE IF EXISTS `ec_product_attribute_sets_translations`;
/*!40101 SET @saved_cs_client     = @@character_set_client */;
/*!50503 SET character_set_client = utf8mb4 */;
CREATE TABLE `ec_product_attribute_sets_translations` (
  `lang_code` varchar(191) COLLATE utf8mb4_unicode_ci NOT NULL,
  `ec_product_attribute_sets_id` int NOT NULL,
  `title` varchar(191) COLLATE utf8mb4_unicode_ci DEFAULT NULL,
  PRIMARY KEY (`lang_code`,`ec_product_attribute_sets_id`)
) ENGINE=InnoDB DEFAULT CHARSET=utf8mb4 COLLATE=utf8mb4_unicode_ci;
/*!40101 SET character_set_client = @saved_cs_client */;

--
-- Dumping data for table `ec_product_attribute_sets_translations`
--

LOCK TABLES `ec_product_attribute_sets_translations` WRITE;
/*!40000 ALTER TABLE `ec_product_attribute_sets_translations` DISABLE KEYS */;
INSERT INTO `ec_product_attribute_sets_translations` VALUES ('vi',1,'Màu sắc'),('vi',2,'Kích thước');
/*!40000 ALTER TABLE `ec_product_attribute_sets_translations` ENABLE KEYS */;
UNLOCK TABLES;

--
-- Table structure for table `ec_product_attributes`
--

DROP TABLE IF EXISTS `ec_product_attributes`;
/*!40101 SET @saved_cs_client     = @@character_set_client */;
/*!50503 SET character_set_client = utf8mb4 */;
CREATE TABLE `ec_product_attributes` (
  `id` bigint unsigned NOT NULL AUTO_INCREMENT,
  `attribute_set_id` int unsigned NOT NULL,
  `title` varchar(120) COLLATE utf8mb4_unicode_ci NOT NULL,
  `slug` varchar(120) COLLATE utf8mb4_unicode_ci DEFAULT NULL,
  `color` varchar(50) COLLATE utf8mb4_unicode_ci DEFAULT NULL,
  `image` varchar(191) COLLATE utf8mb4_unicode_ci DEFAULT NULL,
  `is_default` tinyint unsigned NOT NULL DEFAULT '0',
  `order` tinyint unsigned NOT NULL DEFAULT '0',
  `status` varchar(60) COLLATE utf8mb4_unicode_ci NOT NULL DEFAULT 'published',
  `created_at` timestamp NULL DEFAULT NULL,
  `updated_at` timestamp NULL DEFAULT NULL,
  PRIMARY KEY (`id`),
  KEY `ec_product_attributes_attribute_set_id_status_index` (`attribute_set_id`,`status`)
) ENGINE=InnoDB AUTO_INCREMENT=11 DEFAULT CHARSET=utf8mb4 COLLATE=utf8mb4_unicode_ci;
/*!40101 SET character_set_client = @saved_cs_client */;

--
-- Dumping data for table `ec_product_attributes`
--

LOCK TABLES `ec_product_attributes` WRITE;
/*!40000 ALTER TABLE `ec_product_attributes` DISABLE KEYS */;
INSERT INTO `ec_product_attributes` VALUES (1,1,'Green','green','#5FB7D4',NULL,1,1,'published','2022-09-27 01:53:55','2022-09-27 01:53:55'),(2,1,'Blue','blue','#333333',NULL,0,2,'published','2022-09-27 01:53:55','2022-09-27 01:53:55'),(3,1,'Red','red','#DA323F',NULL,0,3,'published','2022-09-27 01:53:55','2022-09-27 01:53:55'),(4,1,'Black','back','#2F366C',NULL,0,4,'published','2022-09-27 01:53:55','2022-09-27 01:53:55'),(5,1,'Brown','brown','#87554B',NULL,0,5,'published','2022-09-27 01:53:55','2022-09-27 01:53:55'),(6,2,'S','s',NULL,NULL,1,1,'published','2022-09-27 01:53:55','2022-09-27 01:53:55'),(7,2,'M','m',NULL,NULL,0,2,'published','2022-09-27 01:53:55','2022-09-27 01:53:55'),(8,2,'L','l',NULL,NULL,0,3,'published','2022-09-27 01:53:55','2022-09-27 01:53:55'),(9,2,'XL','xl',NULL,NULL,0,4,'published','2022-09-27 01:53:55','2022-09-27 01:53:55'),(10,2,'XXL','xxl',NULL,NULL,0,5,'published','2022-09-27 01:53:55','2022-09-27 01:53:55');
/*!40000 ALTER TABLE `ec_product_attributes` ENABLE KEYS */;
UNLOCK TABLES;

--
-- Table structure for table `ec_product_attributes_translations`
--

DROP TABLE IF EXISTS `ec_product_attributes_translations`;
/*!40101 SET @saved_cs_client     = @@character_set_client */;
/*!50503 SET character_set_client = utf8mb4 */;
CREATE TABLE `ec_product_attributes_translations` (
  `lang_code` varchar(191) COLLATE utf8mb4_unicode_ci NOT NULL,
  `ec_product_attributes_id` int NOT NULL,
  `title` varchar(191) COLLATE utf8mb4_unicode_ci DEFAULT NULL,
  PRIMARY KEY (`lang_code`,`ec_product_attributes_id`)
) ENGINE=InnoDB DEFAULT CHARSET=utf8mb4 COLLATE=utf8mb4_unicode_ci;
/*!40101 SET character_set_client = @saved_cs_client */;

--
-- Dumping data for table `ec_product_attributes_translations`
--

LOCK TABLES `ec_product_attributes_translations` WRITE;
/*!40000 ALTER TABLE `ec_product_attributes_translations` DISABLE KEYS */;
INSERT INTO `ec_product_attributes_translations` VALUES ('vi',1,'Xanh lá cây'),('vi',2,'Xanh da trời'),('vi',3,'Đỏ'),('vi',4,'Đen'),('vi',5,'Nâu'),('vi',6,'S'),('vi',7,'M'),('vi',8,'L'),('vi',9,'XL'),('vi',10,'XXL');
/*!40000 ALTER TABLE `ec_product_attributes_translations` ENABLE KEYS */;
UNLOCK TABLES;

--
-- Table structure for table `ec_product_categories`
--

DROP TABLE IF EXISTS `ec_product_categories`;
/*!40101 SET @saved_cs_client     = @@character_set_client */;
/*!50503 SET character_set_client = utf8mb4 */;
CREATE TABLE `ec_product_categories` (
  `id` bigint unsigned NOT NULL AUTO_INCREMENT,
  `name` varchar(191) COLLATE utf8mb4_unicode_ci NOT NULL,
  `parent_id` int unsigned NOT NULL DEFAULT '0',
  `description` mediumtext COLLATE utf8mb4_unicode_ci,
  `status` varchar(60) COLLATE utf8mb4_unicode_ci NOT NULL DEFAULT 'published',
  `order` int unsigned NOT NULL DEFAULT '0',
  `image` varchar(255) COLLATE utf8mb4_unicode_ci DEFAULT NULL,
  `is_featured` tinyint unsigned NOT NULL DEFAULT '0',
  `created_at` timestamp NULL DEFAULT NULL,
  `updated_at` timestamp NULL DEFAULT NULL,
  PRIMARY KEY (`id`),
  KEY `ec_product_categories_parent_id_status_created_at_index` (`parent_id`,`status`,`created_at`),
  KEY `ec_product_categories_parent_id_status_index` (`parent_id`,`status`)
) ENGINE=InnoDB AUTO_INCREMENT=31 DEFAULT CHARSET=utf8mb4 COLLATE=utf8mb4_unicode_ci;
/*!40101 SET character_set_client = @saved_cs_client */;

--
-- Dumping data for table `ec_product_categories`
--

LOCK TABLES `ec_product_categories` WRITE;
/*!40000 ALTER TABLE `ec_product_categories` DISABLE KEYS */;
INSERT INTO `ec_product_categories` VALUES (1,'Hot Promotions',0,NULL,'published',0,NULL,0,'2022-09-27 01:53:55','2022-09-27 01:53:55'),(2,'Electronics',0,NULL,'published',1,'product-categories/1.jpg',1,'2022-09-27 01:53:55','2022-09-27 01:53:55'),(3,'Home Audio & Theaters',2,NULL,'published',0,NULL,0,'2022-09-27 01:53:55','2022-09-27 01:53:55'),(4,'TV & Videos',2,NULL,'published',1,NULL,0,'2022-09-27 01:53:55','2022-09-27 01:53:55'),(5,'Camera, Photos & Videos',2,NULL,'published',2,NULL,0,'2022-09-27 01:53:55','2022-09-27 01:53:55'),(6,'Cellphones & Accessories',2,NULL,'published',3,NULL,0,'2022-09-27 01:53:55','2022-09-27 01:53:55'),(7,'Headphones',2,NULL,'published',4,NULL,0,'2022-09-27 01:53:55','2022-09-27 01:53:55'),(8,'Videos games',2,NULL,'published',5,NULL,0,'2022-09-27 01:53:55','2022-09-27 01:53:55'),(9,'Wireless Speakers',2,NULL,'published',6,NULL,0,'2022-09-27 01:53:55','2022-09-27 01:53:55'),(10,'Office Electronic',2,NULL,'published',7,NULL,0,'2022-09-27 01:53:55','2022-09-27 01:53:55'),(11,'Clothing',0,NULL,'published',2,'product-categories/2.jpg',1,'2022-09-27 01:53:55','2022-09-27 01:53:55'),(12,'Computers',0,NULL,'published',3,'product-categories/3.jpg',1,'2022-09-27 01:53:55','2022-09-27 01:53:55'),(13,'Computer & Tablets',12,NULL,'published',0,NULL,0,'2022-09-27 01:53:55','2022-09-27 01:53:55'),(14,'Laptop',12,NULL,'published',1,NULL,0,'2022-09-27 01:53:55','2022-09-27 01:53:55'),(15,'Monitors',12,NULL,'published',2,NULL,0,'2022-09-27 01:53:55','2022-09-27 01:53:55'),(16,'Computer Components',12,NULL,'published',3,NULL,0,'2022-09-27 01:53:55','2022-09-27 01:53:55'),(17,'Home & Kitchen',0,NULL,'published',4,'product-categories/4.jpg',1,'2022-09-27 01:53:55','2022-09-27 01:53:55'),(18,'Health & Beauty',0,NULL,'published',5,'product-categories/5.jpg',1,'2022-09-27 01:53:55','2022-09-27 01:53:55'),(19,'Jewelry & Watch',0,NULL,'published',6,'product-categories/6.jpg',1,'2022-09-27 01:53:55','2022-09-27 01:53:55'),(20,'Technology Toys',0,NULL,'published',7,'product-categories/7.jpg',1,'2022-09-27 01:53:55','2022-09-27 01:53:55'),(21,'Drive & Storages',20,NULL,'published',0,NULL,0,'2022-09-27 01:53:55','2022-09-27 01:53:55'),(22,'Gaming Laptop',20,NULL,'published',1,NULL,0,'2022-09-27 01:53:55','2022-09-27 01:53:55'),(23,'Security & Protection',20,NULL,'published',2,NULL,0,'2022-09-27 01:53:55','2022-09-27 01:53:55'),(24,'Accessories',20,NULL,'published',3,NULL,0,'2022-09-27 01:53:55','2022-09-27 01:53:55'),(25,'Phones',0,NULL,'published',8,'product-categories/8.jpg',1,'2022-09-27 01:53:55','2022-09-27 01:53:55'),(26,'Babies & Moms',0,NULL,'published',9,NULL,0,'2022-09-27 01:53:55','2022-09-27 01:53:55'),(27,'Sport & Outdoor',0,NULL,'published',10,NULL,0,'2022-09-27 01:53:55','2022-09-27 01:53:55'),(28,'Books & Office',0,NULL,'published',11,NULL,0,'2022-09-27 01:53:55','2022-09-27 01:53:55'),(29,'Cars & Motorcycles',0,NULL,'published',12,NULL,0,'2022-09-27 01:53:55','2022-09-27 01:53:55'),(30,'Home Improvements',0,NULL,'published',13,NULL,0,'2022-09-27 01:53:55','2022-09-27 01:53:55');
/*!40000 ALTER TABLE `ec_product_categories` ENABLE KEYS */;
UNLOCK TABLES;

--
-- Table structure for table `ec_product_categories_translations`
--

DROP TABLE IF EXISTS `ec_product_categories_translations`;
/*!40101 SET @saved_cs_client     = @@character_set_client */;
/*!50503 SET character_set_client = utf8mb4 */;
CREATE TABLE `ec_product_categories_translations` (
  `lang_code` varchar(191) COLLATE utf8mb4_unicode_ci NOT NULL,
  `ec_product_categories_id` int NOT NULL,
  `name` varchar(191) COLLATE utf8mb4_unicode_ci DEFAULT NULL,
  `description` text COLLATE utf8mb4_unicode_ci,
  PRIMARY KEY (`lang_code`,`ec_product_categories_id`)
) ENGINE=InnoDB DEFAULT CHARSET=utf8mb4 COLLATE=utf8mb4_unicode_ci;
/*!40101 SET character_set_client = @saved_cs_client */;

--
-- Dumping data for table `ec_product_categories_translations`
--

LOCK TABLES `ec_product_categories_translations` WRITE;
/*!40000 ALTER TABLE `ec_product_categories_translations` DISABLE KEYS */;
INSERT INTO `ec_product_categories_translations` VALUES ('vi',1,'Khuyến mãi nổi bật',NULL),('vi',2,'Điện tử',NULL),('vi',3,'Âm thanh và hình ảnh',NULL),('vi',4,'TV & Videos',NULL),('vi',5,'Máy ảnh, Ảnh & Videos',NULL),('vi',6,'Điện thoại & Phụ kiện',NULL),('vi',7,'Tai nghe',NULL),('vi',8,'Trò chơi',NULL),('vi',9,'Tai nghe không dây',NULL),('vi',10,'Điện tử văn phòng',NULL),('vi',11,'Quần áo',NULL),('vi',12,'Máy tính',NULL),('vi',13,'Máy tính và máy tính bảng',NULL),('vi',14,'Máy vi tính',NULL),('vi',15,'Màn hình',NULL),('vi',16,'Thiết bị máy tính',NULL),('vi',17,'Đồ dùng nhà bếp',NULL),('vi',18,'Sức khỏe & làm đẹp',NULL),('vi',19,'Đồng hồ & trang sức',NULL),('vi',20,'Đồ chơi công nghệ',NULL),('vi',21,'Thiết bị lưu trữ',NULL),('vi',22,'Máy tính chơi game',NULL),('vi',23,'Bảo mật',NULL),('vi',24,'Phụ kiện',NULL),('vi',25,'Điện thoại',NULL),('vi',26,'Mẹ và bé',NULL),('vi',27,'Thể thao & ngoài trời',NULL),('vi',28,'Sách & Văn phòng',NULL),('vi',29,'Ôto & Xe máy',NULL),('vi',30,'Thiết bị gia đình',NULL);
/*!40000 ALTER TABLE `ec_product_categories_translations` ENABLE KEYS */;
UNLOCK TABLES;

--
-- Table structure for table `ec_product_category_product`
--

DROP TABLE IF EXISTS `ec_product_category_product`;
/*!40101 SET @saved_cs_client     = @@character_set_client */;
/*!50503 SET character_set_client = utf8mb4 */;
CREATE TABLE `ec_product_category_product` (
  `id` bigint unsigned NOT NULL AUTO_INCREMENT,
  `category_id` int unsigned NOT NULL,
  `product_id` int unsigned NOT NULL,
  PRIMARY KEY (`id`),
  KEY `ec_product_category_product_category_id_index` (`category_id`),
  KEY `ec_product_category_product_product_id_index` (`product_id`)
) ENGINE=InnoDB AUTO_INCREMENT=25 DEFAULT CHARSET=utf8mb4 COLLATE=utf8mb4_unicode_ci;
/*!40101 SET character_set_client = @saved_cs_client */;

--
-- Dumping data for table `ec_product_category_product`
--

LOCK TABLES `ec_product_category_product` WRITE;
/*!40000 ALTER TABLE `ec_product_category_product` DISABLE KEYS */;
INSERT INTO `ec_product_category_product` VALUES (1,4,1),(2,22,2),(3,8,3),(4,28,4),(5,18,5),(6,33,6),(7,23,7),(8,2,8),(9,31,9),(10,2,10),(11,31,11),(12,16,12),(13,34,13),(14,7,14),(15,35,15),(16,21,16),(17,6,17),(18,20,18),(19,25,19),(20,6,20),(21,3,21),(22,35,22),(23,27,23),(24,15,24);
/*!40000 ALTER TABLE `ec_product_category_product` ENABLE KEYS */;
UNLOCK TABLES;

--
-- Table structure for table `ec_product_collection_products`
--

DROP TABLE IF EXISTS `ec_product_collection_products`;
/*!40101 SET @saved_cs_client     = @@character_set_client */;
/*!50503 SET character_set_client = utf8mb4 */;
CREATE TABLE `ec_product_collection_products` (
  `id` bigint unsigned NOT NULL AUTO_INCREMENT,
  `product_collection_id` int unsigned NOT NULL,
  `product_id` int unsigned NOT NULL,
  PRIMARY KEY (`id`),
  KEY `ec_product_collection_products_product_collection_id_index` (`product_collection_id`),
  KEY `ec_product_collection_products_product_id_index` (`product_id`)
) ENGINE=InnoDB AUTO_INCREMENT=25 DEFAULT CHARSET=utf8mb4 COLLATE=utf8mb4_unicode_ci;
/*!40101 SET character_set_client = @saved_cs_client */;

--
-- Dumping data for table `ec_product_collection_products`
--

LOCK TABLES `ec_product_collection_products` WRITE;
/*!40000 ALTER TABLE `ec_product_collection_products` DISABLE KEYS */;
INSERT INTO `ec_product_collection_products` VALUES (1,2,1),(2,1,2),(3,3,3),(4,3,4),(5,1,5),(6,3,6),(7,2,7),(8,3,8),(9,3,9),(10,1,10),(11,3,11),(12,3,12),(13,2,13),(14,1,14),(15,1,15),(16,2,16),(17,2,17),(18,2,18),(19,1,19),(20,3,20),(21,2,21),(22,2,22),(23,3,23),(24,3,24);
/*!40000 ALTER TABLE `ec_product_collection_products` ENABLE KEYS */;
UNLOCK TABLES;

--
-- Table structure for table `ec_product_collections`
--

DROP TABLE IF EXISTS `ec_product_collections`;
/*!40101 SET @saved_cs_client     = @@character_set_client */;
/*!50503 SET character_set_client = utf8mb4 */;
CREATE TABLE `ec_product_collections` (
  `id` bigint unsigned NOT NULL AUTO_INCREMENT,
  `name` varchar(191) COLLATE utf8mb4_unicode_ci NOT NULL,
  `slug` varchar(191) COLLATE utf8mb4_unicode_ci NOT NULL,
  `description` varchar(400) COLLATE utf8mb4_unicode_ci DEFAULT NULL,
  `image` varchar(255) COLLATE utf8mb4_unicode_ci DEFAULT NULL,
  `status` varchar(60) COLLATE utf8mb4_unicode_ci NOT NULL DEFAULT 'published',
  `created_at` timestamp NULL DEFAULT NULL,
  `updated_at` timestamp NULL DEFAULT NULL,
  `is_featured` tinyint unsigned NOT NULL DEFAULT '0',
  PRIMARY KEY (`id`)
) ENGINE=InnoDB AUTO_INCREMENT=4 DEFAULT CHARSET=utf8mb4 COLLATE=utf8mb4_unicode_ci;
/*!40101 SET character_set_client = @saved_cs_client */;

--
-- Dumping data for table `ec_product_collections`
--

LOCK TABLES `ec_product_collections` WRITE;
/*!40000 ALTER TABLE `ec_product_collections` DISABLE KEYS */;
INSERT INTO `ec_product_collections` VALUES (1,'New Arrival','new-arrival',NULL,NULL,'published','2022-09-27 01:53:55','2022-09-27 01:53:55',0),(2,'Best Sellers','best-sellers',NULL,NULL,'published','2022-09-27 01:53:55','2022-09-27 01:53:55',0),(3,'Special Offer','special-offer',NULL,NULL,'published','2022-09-27 01:53:55','2022-09-27 01:53:55',0);
/*!40000 ALTER TABLE `ec_product_collections` ENABLE KEYS */;
UNLOCK TABLES;

--
-- Table structure for table `ec_product_collections_translations`
--

DROP TABLE IF EXISTS `ec_product_collections_translations`;
/*!40101 SET @saved_cs_client     = @@character_set_client */;
/*!50503 SET character_set_client = utf8mb4 */;
CREATE TABLE `ec_product_collections_translations` (
  `lang_code` varchar(191) COLLATE utf8mb4_unicode_ci NOT NULL,
  `ec_product_collections_id` int NOT NULL,
  `name` varchar(191) COLLATE utf8mb4_unicode_ci DEFAULT NULL,
  `description` varchar(191) COLLATE utf8mb4_unicode_ci DEFAULT NULL,
  PRIMARY KEY (`lang_code`,`ec_product_collections_id`)
) ENGINE=InnoDB DEFAULT CHARSET=utf8mb4 COLLATE=utf8mb4_unicode_ci;
/*!40101 SET character_set_client = @saved_cs_client */;

--
-- Dumping data for table `ec_product_collections_translations`
--

LOCK TABLES `ec_product_collections_translations` WRITE;
/*!40000 ALTER TABLE `ec_product_collections_translations` DISABLE KEYS */;
INSERT INTO `ec_product_collections_translations` VALUES ('vi',1,'Hàng mới về',NULL),('vi',2,'Bán chạy nhất',NULL),('vi',3,'Khuyến mãi đặc biệt',NULL);
/*!40000 ALTER TABLE `ec_product_collections_translations` ENABLE KEYS */;
UNLOCK TABLES;

--
-- Table structure for table `ec_product_cross_sale_relations`
--

DROP TABLE IF EXISTS `ec_product_cross_sale_relations`;
/*!40101 SET @saved_cs_client     = @@character_set_client */;
/*!50503 SET character_set_client = utf8mb4 */;
CREATE TABLE `ec_product_cross_sale_relations` (
  `id` bigint unsigned NOT NULL AUTO_INCREMENT,
  `from_product_id` int unsigned NOT NULL,
  `to_product_id` int unsigned NOT NULL,
  PRIMARY KEY (`id`),
  KEY `ec_product_cross_sale_relations_from_product_id_index` (`from_product_id`),
  KEY `ec_product_cross_sale_relations_to_product_id_index` (`to_product_id`)
) ENGINE=InnoDB AUTO_INCREMENT=88 DEFAULT CHARSET=utf8mb4 COLLATE=utf8mb4_unicode_ci;
/*!40101 SET character_set_client = @saved_cs_client */;

--
-- Dumping data for table `ec_product_cross_sale_relations`
--

LOCK TABLES `ec_product_cross_sale_relations` WRITE;
/*!40000 ALTER TABLE `ec_product_cross_sale_relations` DISABLE KEYS */;
INSERT INTO `ec_product_cross_sale_relations` VALUES (1,1,23),(2,1,15),(3,1,12),(4,1,20),(5,2,5),(6,2,17),(7,2,10),(8,3,8),(9,3,21),(10,3,17),(11,3,9),(12,4,22),(13,4,1),(14,4,16),(15,4,2),(16,5,8),(17,5,9),(18,5,23),(19,5,11),(20,6,17),(21,6,9),(22,6,11),(23,6,19),(24,7,11),(25,7,10),(26,7,9),(27,7,2),(28,8,1),(29,8,2),(30,8,7),(31,8,14),(32,9,21),(33,9,16),(34,9,1),(35,9,18),(36,10,13),(37,10,11),(38,10,18),(39,10,3),(40,11,21),(41,11,4),(42,11,5),(43,12,9),(44,12,4),(45,12,21),(46,13,10),(47,13,18),(48,13,2),(49,14,5),(50,14,1),(51,14,20),(52,14,18),(53,15,17),(54,15,7),(55,15,9),(56,16,12),(57,16,19),(58,16,5),(59,16,9),(60,17,11),(61,17,23),(62,17,19),(63,18,3),(64,18,8),(65,18,13),(66,18,21),(67,19,9),(68,19,4),(69,19,15),(70,20,6),(71,20,23),(72,20,16),(73,21,8),(74,21,10),(75,21,17),(76,21,19),(77,22,11),(78,22,15),(79,22,20),(80,22,18),(81,23,21),(82,23,1),(83,23,18),(84,23,20),(85,24,17),(86,24,5),(87,24,23);
/*!40000 ALTER TABLE `ec_product_cross_sale_relations` ENABLE KEYS */;
UNLOCK TABLES;

--
-- Table structure for table `ec_product_files`
--

DROP TABLE IF EXISTS `ec_product_files`;
/*!40101 SET @saved_cs_client     = @@character_set_client */;
/*!50503 SET character_set_client = utf8mb4 */;
CREATE TABLE `ec_product_files` (
  `id` bigint unsigned NOT NULL AUTO_INCREMENT,
  `product_id` int DEFAULT NULL,
  `url` varchar(400) COLLATE utf8mb4_unicode_ci DEFAULT NULL,
  `extras` mediumtext COLLATE utf8mb4_unicode_ci,
  `created_at` timestamp NULL DEFAULT NULL,
  `updated_at` timestamp NULL DEFAULT NULL,
  PRIMARY KEY (`id`),
  KEY `ec_product_files_product_id_index` (`product_id`)
) ENGINE=InnoDB DEFAULT CHARSET=utf8mb4 COLLATE=utf8mb4_unicode_ci;
/*!40101 SET character_set_client = @saved_cs_client */;

--
-- Dumping data for table `ec_product_files`
--

LOCK TABLES `ec_product_files` WRITE;
/*!40000 ALTER TABLE `ec_product_files` DISABLE KEYS */;
/*!40000 ALTER TABLE `ec_product_files` ENABLE KEYS */;
UNLOCK TABLES;

--
-- Table structure for table `ec_product_label_products`
--

DROP TABLE IF EXISTS `ec_product_label_products`;
/*!40101 SET @saved_cs_client     = @@character_set_client */;
/*!50503 SET character_set_client = utf8mb4 */;
CREATE TABLE `ec_product_label_products` (
  `product_label_id` int unsigned NOT NULL,
  `product_id` int unsigned NOT NULL,
  PRIMARY KEY (`product_label_id`,`product_id`),
  KEY `ec_product_label_products_product_label_id_index` (`product_label_id`),
  KEY `ec_product_label_products_product_id_index` (`product_id`)
) ENGINE=InnoDB DEFAULT CHARSET=utf8mb4 COLLATE=utf8mb4_unicode_ci;
/*!40101 SET character_set_client = @saved_cs_client */;

--
-- Dumping data for table `ec_product_label_products`
--

LOCK TABLES `ec_product_label_products` WRITE;
/*!40000 ALTER TABLE `ec_product_label_products` DISABLE KEYS */;
INSERT INTO `ec_product_label_products` VALUES (1,7),(2,21),(3,14);
/*!40000 ALTER TABLE `ec_product_label_products` ENABLE KEYS */;
UNLOCK TABLES;

--
-- Table structure for table `ec_product_labels`
--

DROP TABLE IF EXISTS `ec_product_labels`;
/*!40101 SET @saved_cs_client     = @@character_set_client */;
/*!50503 SET character_set_client = utf8mb4 */;
CREATE TABLE `ec_product_labels` (
  `id` bigint unsigned NOT NULL AUTO_INCREMENT,
  `name` varchar(255) COLLATE utf8mb4_unicode_ci NOT NULL,
  `color` varchar(120) COLLATE utf8mb4_unicode_ci DEFAULT NULL,
  `status` varchar(60) COLLATE utf8mb4_unicode_ci NOT NULL DEFAULT 'published',
  `created_at` timestamp NULL DEFAULT NULL,
  `updated_at` timestamp NULL DEFAULT NULL,
  PRIMARY KEY (`id`)
) ENGINE=InnoDB AUTO_INCREMENT=4 DEFAULT CHARSET=utf8mb4 COLLATE=utf8mb4_unicode_ci;
/*!40101 SET character_set_client = @saved_cs_client */;

--
-- Dumping data for table `ec_product_labels`
--

LOCK TABLES `ec_product_labels` WRITE;
/*!40000 ALTER TABLE `ec_product_labels` DISABLE KEYS */;
INSERT INTO `ec_product_labels` VALUES (1,'Hot','#ec2434','published','2022-09-27 01:53:55','2022-09-27 01:53:55'),(2,'New','#00c9a7','published','2022-09-27 01:53:55','2022-09-27 01:53:55'),(3,'Sale','#fe9931','published','2022-09-27 01:53:55','2022-09-27 01:53:55');
/*!40000 ALTER TABLE `ec_product_labels` ENABLE KEYS */;
UNLOCK TABLES;

--
-- Table structure for table `ec_product_labels_translations`
--

DROP TABLE IF EXISTS `ec_product_labels_translations`;
/*!40101 SET @saved_cs_client     = @@character_set_client */;
/*!50503 SET character_set_client = utf8mb4 */;
CREATE TABLE `ec_product_labels_translations` (
  `lang_code` varchar(191) COLLATE utf8mb4_unicode_ci NOT NULL,
  `ec_product_labels_id` int NOT NULL,
  `name` varchar(191) COLLATE utf8mb4_unicode_ci DEFAULT NULL,
  `description` varchar(191) COLLATE utf8mb4_unicode_ci DEFAULT NULL,
  PRIMARY KEY (`lang_code`,`ec_product_labels_id`)
) ENGINE=InnoDB DEFAULT CHARSET=utf8mb4 COLLATE=utf8mb4_unicode_ci;
/*!40101 SET character_set_client = @saved_cs_client */;

--
-- Dumping data for table `ec_product_labels_translations`
--

LOCK TABLES `ec_product_labels_translations` WRITE;
/*!40000 ALTER TABLE `ec_product_labels_translations` DISABLE KEYS */;
INSERT INTO `ec_product_labels_translations` VALUES ('vi',1,'Nổi bật',NULL),('vi',2,'Mới',NULL),('vi',3,'Giảm giá',NULL);
/*!40000 ALTER TABLE `ec_product_labels_translations` ENABLE KEYS */;
UNLOCK TABLES;

--
-- Table structure for table `ec_product_related_relations`
--

DROP TABLE IF EXISTS `ec_product_related_relations`;
/*!40101 SET @saved_cs_client     = @@character_set_client */;
/*!50503 SET character_set_client = utf8mb4 */;
CREATE TABLE `ec_product_related_relations` (
  `id` bigint unsigned NOT NULL AUTO_INCREMENT,
  `from_product_id` int unsigned NOT NULL,
  `to_product_id` int unsigned NOT NULL,
  PRIMARY KEY (`id`),
  KEY `ec_product_related_relations_from_product_id_index` (`from_product_id`),
  KEY `ec_product_related_relations_to_product_id_index` (`to_product_id`)
) ENGINE=InnoDB DEFAULT CHARSET=utf8mb4 COLLATE=utf8mb4_unicode_ci;
/*!40101 SET character_set_client = @saved_cs_client */;

--
-- Dumping data for table `ec_product_related_relations`
--

LOCK TABLES `ec_product_related_relations` WRITE;
/*!40000 ALTER TABLE `ec_product_related_relations` DISABLE KEYS */;
/*!40000 ALTER TABLE `ec_product_related_relations` ENABLE KEYS */;
UNLOCK TABLES;

--
-- Table structure for table `ec_product_tag_product`
--

DROP TABLE IF EXISTS `ec_product_tag_product`;
/*!40101 SET @saved_cs_client     = @@character_set_client */;
/*!50503 SET character_set_client = utf8mb4 */;
CREATE TABLE `ec_product_tag_product` (
  `product_id` int unsigned NOT NULL,
  `tag_id` int unsigned NOT NULL,
  PRIMARY KEY (`product_id`,`tag_id`),
  KEY `ec_product_tag_product_product_id_index` (`product_id`),
  KEY `ec_product_tag_product_tag_id_index` (`tag_id`)
) ENGINE=InnoDB DEFAULT CHARSET=utf8mb4 COLLATE=utf8mb4_unicode_ci;
/*!40101 SET character_set_client = @saved_cs_client */;

--
-- Dumping data for table `ec_product_tag_product`
--

LOCK TABLES `ec_product_tag_product` WRITE;
/*!40000 ALTER TABLE `ec_product_tag_product` DISABLE KEYS */;
INSERT INTO `ec_product_tag_product` VALUES (1,1),(1,3),(1,6),(2,2),(2,5),(3,3),(3,4),(4,3),(4,4),(4,6),(5,1),(5,4),(5,5),(6,2),(6,3),(7,2),(7,3),(7,5),(8,2),(8,3),(8,5),(9,4),(9,5),(9,6),(10,4),(10,5),(10,6),(11,2),(11,5),(11,6),(12,1),(12,3),(12,4),(13,2),(13,3),(14,3),(14,6),(15,6),(16,1),(16,3),(16,4),(17,1),(17,2),(17,3),(18,5),(18,6),(19,3),(19,5),(20,1),(20,6),(21,1),(21,5),(22,3),(22,5),(22,6),(23,1),(23,5),(24,1),(24,6);
/*!40000 ALTER TABLE `ec_product_tag_product` ENABLE KEYS */;
UNLOCK TABLES;

--
-- Table structure for table `ec_product_tags`
--

DROP TABLE IF EXISTS `ec_product_tags`;
/*!40101 SET @saved_cs_client     = @@character_set_client */;
/*!50503 SET character_set_client = utf8mb4 */;
CREATE TABLE `ec_product_tags` (
  `id` bigint unsigned NOT NULL AUTO_INCREMENT,
  `name` varchar(120) COLLATE utf8mb4_unicode_ci NOT NULL,
  `description` varchar(400) COLLATE utf8mb4_unicode_ci DEFAULT NULL,
  `status` varchar(60) COLLATE utf8mb4_unicode_ci NOT NULL DEFAULT 'published',
  `created_at` timestamp NULL DEFAULT NULL,
  `updated_at` timestamp NULL DEFAULT NULL,
  PRIMARY KEY (`id`)
) ENGINE=InnoDB AUTO_INCREMENT=6 DEFAULT CHARSET=utf8mb4 COLLATE=utf8mb4_unicode_ci;
/*!40101 SET character_set_client = @saved_cs_client */;

--
-- Dumping data for table `ec_product_tags`
--

LOCK TABLES `ec_product_tags` WRITE;
/*!40000 ALTER TABLE `ec_product_tags` DISABLE KEYS */;
INSERT INTO `ec_product_tags` VALUES (1,'Wallet',NULL,'published','2022-09-27 01:53:55','2022-09-27 01:53:55'),(2,'Bags',NULL,'published','2022-09-27 01:53:55','2022-09-27 01:53:55'),(3,'Shoes',NULL,'published','2022-09-27 01:53:55','2022-09-27 01:53:55'),(4,'Clothes',NULL,'published','2022-09-27 01:53:55','2022-09-27 01:53:55'),(5,'Hand bag',NULL,'published','2022-09-27 01:53:55','2022-09-27 01:53:55');
/*!40000 ALTER TABLE `ec_product_tags` ENABLE KEYS */;
UNLOCK TABLES;

--
-- Table structure for table `ec_product_tags_translations`
--

DROP TABLE IF EXISTS `ec_product_tags_translations`;
/*!40101 SET @saved_cs_client     = @@character_set_client */;
/*!50503 SET character_set_client = utf8mb4 */;
CREATE TABLE `ec_product_tags_translations` (
  `lang_code` varchar(191) COLLATE utf8mb4_unicode_ci NOT NULL,
  `ec_product_tags_id` int NOT NULL,
  `name` varchar(191) COLLATE utf8mb4_unicode_ci DEFAULT NULL,
  PRIMARY KEY (`lang_code`,`ec_product_tags_id`)
) ENGINE=InnoDB DEFAULT CHARSET=utf8mb4 COLLATE=utf8mb4_unicode_ci;
/*!40101 SET character_set_client = @saved_cs_client */;

--
-- Dumping data for table `ec_product_tags_translations`
--

LOCK TABLES `ec_product_tags_translations` WRITE;
/*!40000 ALTER TABLE `ec_product_tags_translations` DISABLE KEYS */;
/*!40000 ALTER TABLE `ec_product_tags_translations` ENABLE KEYS */;
UNLOCK TABLES;

--
-- Table structure for table `ec_product_up_sale_relations`
--

DROP TABLE IF EXISTS `ec_product_up_sale_relations`;
/*!40101 SET @saved_cs_client     = @@character_set_client */;
/*!50503 SET character_set_client = utf8mb4 */;
CREATE TABLE `ec_product_up_sale_relations` (
  `id` bigint unsigned NOT NULL AUTO_INCREMENT,
  `from_product_id` int unsigned NOT NULL,
  `to_product_id` int unsigned NOT NULL,
  PRIMARY KEY (`id`),
  KEY `ec_product_up_sale_relations_from_product_id_index` (`from_product_id`),
  KEY `ec_product_up_sale_relations_to_product_id_index` (`to_product_id`)
) ENGINE=InnoDB DEFAULT CHARSET=utf8mb4 COLLATE=utf8mb4_unicode_ci;
/*!40101 SET character_set_client = @saved_cs_client */;

--
-- Dumping data for table `ec_product_up_sale_relations`
--

LOCK TABLES `ec_product_up_sale_relations` WRITE;
/*!40000 ALTER TABLE `ec_product_up_sale_relations` DISABLE KEYS */;
/*!40000 ALTER TABLE `ec_product_up_sale_relations` ENABLE KEYS */;
UNLOCK TABLES;

--
-- Table structure for table `ec_product_variation_items`
--

DROP TABLE IF EXISTS `ec_product_variation_items`;
/*!40101 SET @saved_cs_client     = @@character_set_client */;
/*!50503 SET character_set_client = utf8mb4 */;
CREATE TABLE `ec_product_variation_items` (
  `id` bigint unsigned NOT NULL AUTO_INCREMENT,
  `attribute_id` int unsigned NOT NULL,
  `variation_id` int unsigned NOT NULL,
  PRIMARY KEY (`id`),
  KEY `ec_product_variation_items_attribute_id_variation_id_index` (`attribute_id`,`variation_id`)
) ENGINE=InnoDB AUTO_INCREMENT=107 DEFAULT CHARSET=utf8mb4 COLLATE=utf8mb4_unicode_ci;
/*!40101 SET character_set_client = @saved_cs_client */;

--
-- Dumping data for table `ec_product_variation_items`
--

LOCK TABLES `ec_product_variation_items` WRITE;
/*!40000 ALTER TABLE `ec_product_variation_items` DISABLE KEYS */;
INSERT INTO `ec_product_variation_items` VALUES (1,1,1),(9,1,5),(19,1,10),(31,1,16),(37,1,19),(43,1,22),(49,1,25),(53,1,27),(65,1,33),(87,1,44),(95,1,48),(103,1,52),(105,1,53),(7,2,4),(11,2,6),(39,2,20),(59,2,30),(69,2,35),(83,2,42),(85,2,43),(89,2,45),(15,3,8),(27,3,14),(45,3,23),(55,3,28),(61,3,31),(67,3,34),(75,3,38),(97,3,49),(17,4,9),(23,4,12),(47,4,24),(57,4,29),(71,4,36),(73,4,37),(77,4,39),(81,4,41),(101,4,51),(3,5,2),(5,5,3),(13,5,7),(21,5,11),(25,5,13),(29,5,15),(33,5,17),(35,5,18),(41,5,21),(51,5,26),(63,5,32),(79,5,40),(91,5,46),(93,5,47),(99,5,50),(2,6,1),(24,6,12),(60,6,30),(62,6,31),(66,6,33),(68,6,34),(84,6,42),(88,6,44),(94,6,47),(96,6,48),(4,7,2),(6,7,3),(8,7,4),(16,7,8),(22,7,11),(30,7,15),(34,7,17),(38,7,19),(46,7,23),(70,7,35),(72,7,36),(76,7,38),(92,7,46),(10,8,5),(12,8,6),(14,8,7),(18,8,9),(32,8,16),(36,8,18),(42,8,21),(44,8,22),(52,8,26),(54,8,27),(58,8,29),(90,8,45),(104,8,52),(20,9,10),(26,9,13),(56,9,28),(64,9,32),(78,9,39),(82,9,41),(86,9,43),(100,9,50),(102,9,51),(106,9,53),(28,10,14),(40,10,20),(48,10,24),(50,10,25),(74,10,37),(80,10,40),(98,10,49);
/*!40000 ALTER TABLE `ec_product_variation_items` ENABLE KEYS */;
UNLOCK TABLES;

--
-- Table structure for table `ec_product_variations`
--

DROP TABLE IF EXISTS `ec_product_variations`;
/*!40101 SET @saved_cs_client     = @@character_set_client */;
/*!50503 SET character_set_client = utf8mb4 */;
CREATE TABLE `ec_product_variations` (
  `id` bigint unsigned NOT NULL AUTO_INCREMENT,
  `product_id` int unsigned DEFAULT NULL,
  `configurable_product_id` int unsigned NOT NULL,
  `is_default` tinyint NOT NULL DEFAULT '0',
  PRIMARY KEY (`id`),
  KEY `ec_product_variations_product_id_configurable_product_id_index` (`product_id`,`configurable_product_id`)
) ENGINE=InnoDB AUTO_INCREMENT=54 DEFAULT CHARSET=utf8mb4 COLLATE=utf8mb4_unicode_ci;
/*!40101 SET character_set_client = @saved_cs_client */;

--
-- Dumping data for table `ec_product_variations`
--

LOCK TABLES `ec_product_variations` WRITE;
/*!40000 ALTER TABLE `ec_product_variations` DISABLE KEYS */;
INSERT INTO `ec_product_variations` VALUES (1,25,1,1),(2,26,1,0),(3,27,1,0),(4,28,2,1),(5,29,2,0),(6,30,3,1),(7,31,3,0),(8,32,4,1),(9,33,4,0),(10,34,5,1),(11,35,5,0),(12,36,5,0),(13,37,5,0),(14,38,6,1),(15,39,7,1),(16,40,7,0),(17,41,7,0),(18,42,7,0),(19,43,7,0),(20,44,8,1),(21,45,9,1),(22,46,9,0),(23,47,9,0),(24,48,10,1),(25,49,10,0),(26,50,11,1),(27,51,11,0),(28,52,11,0),(29,53,12,1),(30,54,13,1),(31,55,13,0),(32,56,14,1),(33,57,14,0),(34,58,14,0),(35,59,15,1),(36,60,16,1),(37,61,17,1),(38,62,18,1),(39,63,18,0),(40,64,18,0),(41,65,18,0),(42,66,19,1),(43,67,19,0),(44,68,20,1),(45,69,20,0),(46,70,20,0),(47,71,21,1),(48,72,21,0),(49,73,22,1),(50,74,23,1),(51,75,23,0),(52,76,23,0),(53,77,24,1);
/*!40000 ALTER TABLE `ec_product_variations` ENABLE KEYS */;
UNLOCK TABLES;

--
-- Table structure for table `ec_product_with_attribute_set`
--

DROP TABLE IF EXISTS `ec_product_with_attribute_set`;
/*!40101 SET @saved_cs_client     = @@character_set_client */;
/*!50503 SET character_set_client = utf8mb4 */;
CREATE TABLE `ec_product_with_attribute_set` (
  `id` bigint unsigned NOT NULL AUTO_INCREMENT,
  `attribute_set_id` int unsigned NOT NULL,
  `product_id` int unsigned NOT NULL,
  `order` tinyint unsigned NOT NULL DEFAULT '0',
  PRIMARY KEY (`id`)
) ENGINE=InnoDB AUTO_INCREMENT=49 DEFAULT CHARSET=utf8mb4 COLLATE=utf8mb4_unicode_ci;
/*!40101 SET character_set_client = @saved_cs_client */;

--
-- Dumping data for table `ec_product_with_attribute_set`
--

LOCK TABLES `ec_product_with_attribute_set` WRITE;
/*!40000 ALTER TABLE `ec_product_with_attribute_set` DISABLE KEYS */;
INSERT INTO `ec_product_with_attribute_set` VALUES (1,1,1,0),(2,2,1,0),(3,1,2,0),(4,2,2,0),(5,1,3,0),(6,2,3,0),(7,1,4,0),(8,2,4,0),(9,1,5,0),(10,2,5,0),(11,1,6,0),(12,2,6,0),(13,1,7,0),(14,2,7,0),(15,1,8,0),(16,2,8,0),(17,1,9,0),(18,2,9,0),(19,1,10,0),(20,2,10,0),(21,1,11,0),(22,2,11,0),(23,1,12,0),(24,2,12,0),(25,1,13,0),(26,2,13,0),(27,1,14,0),(28,2,14,0),(29,1,15,0),(30,2,15,0),(31,1,16,0),(32,2,16,0),(33,1,17,0),(34,2,17,0),(35,1,18,0),(36,2,18,0),(37,1,19,0),(38,2,19,0),(39,1,20,0),(40,2,20,0),(41,1,21,0),(42,2,21,0),(43,1,22,0),(44,2,22,0),(45,1,23,0),(46,2,23,0),(47,1,24,0),(48,2,24,0);
/*!40000 ALTER TABLE `ec_product_with_attribute_set` ENABLE KEYS */;
UNLOCK TABLES;

--
-- Table structure for table `ec_products`
--

DROP TABLE IF EXISTS `ec_products`;
/*!40101 SET @saved_cs_client     = @@character_set_client */;
/*!50503 SET character_set_client = utf8mb4 */;
CREATE TABLE `ec_products` (
  `id` bigint unsigned NOT NULL AUTO_INCREMENT,
  `name` varchar(191) COLLATE utf8mb4_unicode_ci NOT NULL,
  `description` text COLLATE utf8mb4_unicode_ci,
  `content` longtext COLLATE utf8mb4_unicode_ci,
  `status` varchar(60) COLLATE utf8mb4_unicode_ci NOT NULL DEFAULT 'published',
  `images` text COLLATE utf8mb4_unicode_ci,
  `sku` varchar(191) COLLATE utf8mb4_unicode_ci DEFAULT NULL,
  `order` int unsigned NOT NULL DEFAULT '0',
  `quantity` int unsigned DEFAULT NULL,
  `allow_checkout_when_out_of_stock` tinyint unsigned NOT NULL DEFAULT '0',
  `with_storehouse_management` tinyint unsigned NOT NULL DEFAULT '0',
  `is_featured` tinyint unsigned NOT NULL DEFAULT '0',
  `brand_id` int unsigned DEFAULT NULL,
  `is_variation` tinyint NOT NULL DEFAULT '0',
  `sale_type` tinyint NOT NULL DEFAULT '0',
  `price` double unsigned DEFAULT NULL,
  `sale_price` double unsigned DEFAULT NULL,
  `start_date` timestamp NULL DEFAULT NULL,
  `end_date` timestamp NULL DEFAULT NULL,
  `length` double(8,2) DEFAULT NULL,
  `wide` double(8,2) DEFAULT NULL,
  `height` double(8,2) DEFAULT NULL,
  `weight` double(8,2) DEFAULT NULL,
  `tax_id` int unsigned DEFAULT NULL,
  `views` bigint NOT NULL DEFAULT '0',
  `created_at` timestamp NULL DEFAULT NULL,
  `updated_at` timestamp NULL DEFAULT NULL,
  `stock_status` varchar(191) COLLATE utf8mb4_unicode_ci DEFAULT 'in_stock',
  `created_by_id` int DEFAULT '0',
  `created_by_type` varchar(255) COLLATE utf8mb4_unicode_ci NOT NULL DEFAULT 'Botble\\ACL\\Models\\User',
  `image` varchar(255) COLLATE utf8mb4_unicode_ci DEFAULT NULL,
  `product_type` varchar(60) COLLATE utf8mb4_unicode_ci DEFAULT 'physical',
  PRIMARY KEY (`id`),
  KEY `ec_products_brand_id_status_is_variation_created_at_index` (`brand_id`,`status`,`is_variation`,`created_at`),
  KEY `ec_products_sale_type_index` (`sale_type`),
  KEY `ec_products_start_date_index` (`start_date`),
  KEY `ec_products_end_date_index` (`end_date`),
  KEY `ec_products_sale_price_index` (`sale_price`),
  KEY `ec_products_is_variation_index` (`is_variation`)
) ENGINE=InnoDB AUTO_INCREMENT=78 DEFAULT CHARSET=utf8mb4 COLLATE=utf8mb4_unicode_ci;
/*!40101 SET character_set_client = @saved_cs_client */;

--
-- Dumping data for table `ec_products`
--

LOCK TABLES `ec_products` WRITE;
/*!40000 ALTER TABLE `ec_products` DISABLE KEYS */;
INSERT INTO `ec_products` VALUES (1,'Smart Home Speaker','<p>Short Hooded Coat features a straight body, large pockets with button flaps, ventilation air holes, and a string detail along the hemline.</p><ul>\n                                        <li class=\"mb-10\"><i class=\"far fa-hourglass mr-5 text-brand\"></i> 1 Year AL Jazeera Brand Warranty</li>\n                                        <li class=\"mb-10\"><i class=\"far fa-paper-plane mr-5 text-brand\"></i> 30 Day Return Policy</li>\n                                        <li><i class=\"far fa-address-card mr-5 text-brand\"></i> Cash on Delivery available</li>\n                                    </ul>','<p>Short Hooded Coat features a straight body, large pockets with button flaps, ventilation air holes, and a string detail along the hemline. The style is completed with a drawstring hood, featuring Rains&rsquo; signature built-in cap. Made from waterproof, matte PU, this lightweight unisex rain jacket is an ode to nostalgia through its classic silhouette and utilitarian design details.</p>\n                                <p>- Casual unisex fit</p>\n\n                                <p>- 64% polyester, 36% polyurethane</p>\n\n                                <p>- Water column pressure: 4000 mm</p>\n\n                                <p>- Model is 187cm tall and wearing a size S / M</p>\n\n                                <p>- Unisex fit</p>\n\n                                <p>- Drawstring hood with built-in cap</p>\n\n                                <p>- Front placket with snap buttons</p>\n\n                                <p>- Ventilation under armpit</p>\n\n                                <p>- Adjustable cuffs</p>\n\n                                <p>- Double welted front pockets</p>\n\n                                <p>- Adjustable elastic string at hempen</p>\n\n                                <p>- Ultrasonically welded seams</p>\n\n                                <p>This is a unisex item, please check our clothing &amp; footwear sizing guide for specific Rains jacket sizing information. RAINS comes from the rainy nation of Denmark at the edge of the European continent, close to the ocean and with prevailing westerly winds; all factors that contribute to an average of 121 rain days each year. Arising from these rainy weather conditions comes the attitude that a quick rain shower may be beautiful, as well as moody- but first and foremost requires the right outfit. Rains focus on the whole experience of going outside on rainy days, issuing an invitation to explore even in the most mercurial weather.</p>','published','[\"products\\/1.jpg\",\"products\\/1-1.jpg\",\"products\\/1-2.jpg\",\"products\\/1-3.jpg\"]','HS-181-A0',0,12,0,1,1,4,0,0,325,NULL,NULL,NULL,19.00,10.00,18.00,769.00,1,105977,'2022-09-27 01:54:04','2022-09-27 01:54:04','in_stock',0,'Botble\\ACL\\Models\\User',NULL,'physical'),(2,'Headphone Ultra Bass','<p>Short Hooded Coat features a straight body, large pockets with button flaps, ventilation air holes, and a string detail along the hemline.</p><ul>\n                                        <li class=\"mb-10\"><i class=\"far fa-hourglass mr-5 text-brand\"></i> 1 Year AL Jazeera Brand Warranty</li>\n                                        <li class=\"mb-10\"><i class=\"far fa-paper-plane mr-5 text-brand\"></i> 30 Day Return Policy</li>\n                                        <li><i class=\"far fa-address-card mr-5 text-brand\"></i> Cash on Delivery available</li>\n                                    </ul>','<p>Short Hooded Coat features a straight body, large pockets with button flaps, ventilation air holes, and a string detail along the hemline. The style is completed with a drawstring hood, featuring Rains&rsquo; signature built-in cap. Made from waterproof, matte PU, this lightweight unisex rain jacket is an ode to nostalgia through its classic silhouette and utilitarian design details.</p>\n                                <p>- Casual unisex fit</p>\n\n                                <p>- 64% polyester, 36% polyurethane</p>\n\n                                <p>- Water column pressure: 4000 mm</p>\n\n                                <p>- Model is 187cm tall and wearing a size S / M</p>\n\n                                <p>- Unisex fit</p>\n\n                                <p>- Drawstring hood with built-in cap</p>\n\n                                <p>- Front placket with snap buttons</p>\n\n                                <p>- Ventilation under armpit</p>\n\n                                <p>- Adjustable cuffs</p>\n\n                                <p>- Double welted front pockets</p>\n\n                                <p>- Adjustable elastic string at hempen</p>\n\n                                <p>- Ultrasonically welded seams</p>\n\n                                <p>This is a unisex item, please check our clothing &amp; footwear sizing guide for specific Rains jacket sizing information. RAINS comes from the rainy nation of Denmark at the edge of the European continent, close to the ocean and with prevailing westerly winds; all factors that contribute to an average of 121 rain days each year. Arising from these rainy weather conditions comes the attitude that a quick rain shower may be beautiful, as well as moody- but first and foremost requires the right outfit. Rains focus on the whole experience of going outside on rainy days, issuing an invitation to explore even in the most mercurial weather.</p>','published','[\"products\\/2.jpg\",\"products\\/2-1.jpg\",\"products\\/2-2.jpg\",\"products\\/2-3.jpg\"]','HS-186-A0',0,11,0,1,1,5,0,0,376,NULL,NULL,NULL,17.00,10.00,15.00,647.00,1,99839,'2022-09-27 01:54:04','2022-09-27 01:54:04','in_stock',0,'Botble\\ACL\\Models\\User',NULL,'physical'),(3,'Boxed - Bluetooth Headphone','<p>Short Hooded Coat features a straight body, large pockets with button flaps, ventilation air holes, and a string detail along the hemline.</p><ul>\n                                        <li class=\"mb-10\"><i class=\"far fa-hourglass mr-5 text-brand\"></i> 1 Year AL Jazeera Brand Warranty</li>\n                                        <li class=\"mb-10\"><i class=\"far fa-paper-plane mr-5 text-brand\"></i> 30 Day Return Policy</li>\n                                        <li><i class=\"far fa-address-card mr-5 text-brand\"></i> Cash on Delivery available</li>\n                                    </ul>','<p>Short Hooded Coat features a straight body, large pockets with button flaps, ventilation air holes, and a string detail along the hemline. The style is completed with a drawstring hood, featuring Rains&rsquo; signature built-in cap. Made from waterproof, matte PU, this lightweight unisex rain jacket is an ode to nostalgia through its classic silhouette and utilitarian design details.</p>\n                                <p>- Casual unisex fit</p>\n\n                                <p>- 64% polyester, 36% polyurethane</p>\n\n                                <p>- Water column pressure: 4000 mm</p>\n\n                                <p>- Model is 187cm tall and wearing a size S / M</p>\n\n                                <p>- Unisex fit</p>\n\n                                <p>- Drawstring hood with built-in cap</p>\n\n                                <p>- Front placket with snap buttons</p>\n\n                                <p>- Ventilation under armpit</p>\n\n                                <p>- Adjustable cuffs</p>\n\n                                <p>- Double welted front pockets</p>\n\n                                <p>- Adjustable elastic string at hempen</p>\n\n                                <p>- Ultrasonically welded seams</p>\n\n                                <p>This is a unisex item, please check our clothing &amp; footwear sizing guide for specific Rains jacket sizing information. RAINS comes from the rainy nation of Denmark at the edge of the European continent, close to the ocean and with prevailing westerly winds; all factors that contribute to an average of 121 rain days each year. Arising from these rainy weather conditions comes the attitude that a quick rain shower may be beautiful, as well as moody- but first and foremost requires the right outfit. Rains focus on the whole experience of going outside on rainy days, issuing an invitation to explore even in the most mercurial weather.</p>','published','[\"products\\/3.jpg\",\"products\\/3-1.jpg\",\"products\\/3-2.jpg\",\"products\\/3-3.jpg\"]','HS-190-A0',0,15,0,1,1,1,0,0,471,NULL,NULL,NULL,16.00,20.00,12.00,511.00,1,158402,'2022-09-27 01:54:04','2022-09-27 01:54:04','in_stock',0,'Botble\\ACL\\Models\\User',NULL,'physical'),(4,'Chikie - Bluetooth Speaker','<p>Short Hooded Coat features a straight body, large pockets with button flaps, ventilation air holes, and a string detail along the hemline.</p><ul>\n                                        <li class=\"mb-10\"><i class=\"far fa-hourglass mr-5 text-brand\"></i> 1 Year AL Jazeera Brand Warranty</li>\n                                        <li class=\"mb-10\"><i class=\"far fa-paper-plane mr-5 text-brand\"></i> 30 Day Return Policy</li>\n                                        <li><i class=\"far fa-address-card mr-5 text-brand\"></i> Cash on Delivery available</li>\n                                    </ul>','<p>Short Hooded Coat features a straight body, large pockets with button flaps, ventilation air holes, and a string detail along the hemline. The style is completed with a drawstring hood, featuring Rains&rsquo; signature built-in cap. Made from waterproof, matte PU, this lightweight unisex rain jacket is an ode to nostalgia through its classic silhouette and utilitarian design details.</p>\n                                <p>- Casual unisex fit</p>\n\n                                <p>- 64% polyester, 36% polyurethane</p>\n\n                                <p>- Water column pressure: 4000 mm</p>\n\n                                <p>- Model is 187cm tall and wearing a size S / M</p>\n\n                                <p>- Unisex fit</p>\n\n                                <p>- Drawstring hood with built-in cap</p>\n\n                                <p>- Front placket with snap buttons</p>\n\n                                <p>- Ventilation under armpit</p>\n\n                                <p>- Adjustable cuffs</p>\n\n                                <p>- Double welted front pockets</p>\n\n                                <p>- Adjustable elastic string at hempen</p>\n\n                                <p>- Ultrasonically welded seams</p>\n\n                                <p>This is a unisex item, please check our clothing &amp; footwear sizing guide for specific Rains jacket sizing information. RAINS comes from the rainy nation of Denmark at the edge of the European continent, close to the ocean and with prevailing westerly winds; all factors that contribute to an average of 121 rain days each year. Arising from these rainy weather conditions comes the attitude that a quick rain shower may be beautiful, as well as moody- but first and foremost requires the right outfit. Rains focus on the whole experience of going outside on rainy days, issuing an invitation to explore even in the most mercurial weather.</p>','published','[\"products\\/4.jpg\",\"products\\/4-1.jpg\",\"products\\/4-2.jpg\",\"products\\/4-3.jpg\"]','HS-121-A0',0,12,0,1,1,3,0,0,81,61.56,NULL,NULL,15.00,18.00,13.00,719.00,1,104520,'2022-09-27 01:54:04','2022-09-27 01:54:04','in_stock',0,'Botble\\ACL\\Models\\User',NULL,'physical'),(5,'Camera Hikvision HK-35VS8','<p>Short Hooded Coat features a straight body, large pockets with button flaps, ventilation air holes, and a string detail along the hemline.</p><ul>\n                                        <li class=\"mb-10\"><i class=\"far fa-hourglass mr-5 text-brand\"></i> 1 Year AL Jazeera Brand Warranty</li>\n                                        <li class=\"mb-10\"><i class=\"far fa-paper-plane mr-5 text-brand\"></i> 30 Day Return Policy</li>\n                                        <li><i class=\"far fa-address-card mr-5 text-brand\"></i> Cash on Delivery available</li>\n                                    </ul>','<p>Short Hooded Coat features a straight body, large pockets with button flaps, ventilation air holes, and a string detail along the hemline. The style is completed with a drawstring hood, featuring Rains&rsquo; signature built-in cap. Made from waterproof, matte PU, this lightweight unisex rain jacket is an ode to nostalgia through its classic silhouette and utilitarian design details.</p>\n                                <p>- Casual unisex fit</p>\n\n                                <p>- 64% polyester, 36% polyurethane</p>\n\n                                <p>- Water column pressure: 4000 mm</p>\n\n                                <p>- Model is 187cm tall and wearing a size S / M</p>\n\n                                <p>- Unisex fit</p>\n\n                                <p>- Drawstring hood with built-in cap</p>\n\n                                <p>- Front placket with snap buttons</p>\n\n                                <p>- Ventilation under armpit</p>\n\n                                <p>- Adjustable cuffs</p>\n\n                                <p>- Double welted front pockets</p>\n\n                                <p>- Adjustable elastic string at hempen</p>\n\n                                <p>- Ultrasonically welded seams</p>\n\n                                <p>This is a unisex item, please check our clothing &amp; footwear sizing guide for specific Rains jacket sizing information. RAINS comes from the rainy nation of Denmark at the edge of the European continent, close to the ocean and with prevailing westerly winds; all factors that contribute to an average of 121 rain days each year. Arising from these rainy weather conditions comes the attitude that a quick rain shower may be beautiful, as well as moody- but first and foremost requires the right outfit. Rains focus on the whole experience of going outside on rainy days, issuing an invitation to explore even in the most mercurial weather.</p>','published','[\"products\\/5.jpg\",\"products\\/5-1.jpg\",\"products\\/5-2.jpg\",\"products\\/5-3.jpg\"]','HS-109-A0',0,18,0,1,1,5,0,0,41,NULL,NULL,NULL,18.00,11.00,12.00,517.00,1,176994,'2022-09-27 01:54:04','2022-09-27 01:54:04','in_stock',0,'Botble\\ACL\\Models\\User',NULL,'physical'),(6,'Camera Samsung SS-24','<p>Short Hooded Coat features a straight body, large pockets with button flaps, ventilation air holes, and a string detail along the hemline.</p><ul>\n                                        <li class=\"mb-10\"><i class=\"far fa-hourglass mr-5 text-brand\"></i> 1 Year AL Jazeera Brand Warranty</li>\n                                        <li class=\"mb-10\"><i class=\"far fa-paper-plane mr-5 text-brand\"></i> 30 Day Return Policy</li>\n                                        <li><i class=\"far fa-address-card mr-5 text-brand\"></i> Cash on Delivery available</li>\n                                    </ul>','<p>Short Hooded Coat features a straight body, large pockets with button flaps, ventilation air holes, and a string detail along the hemline. The style is completed with a drawstring hood, featuring Rains&rsquo; signature built-in cap. Made from waterproof, matte PU, this lightweight unisex rain jacket is an ode to nostalgia through its classic silhouette and utilitarian design details.</p>\n                                <p>- Casual unisex fit</p>\n\n                                <p>- 64% polyester, 36% polyurethane</p>\n\n                                <p>- Water column pressure: 4000 mm</p>\n\n                                <p>- Model is 187cm tall and wearing a size S / M</p>\n\n                                <p>- Unisex fit</p>\n\n                                <p>- Drawstring hood with built-in cap</p>\n\n                                <p>- Front placket with snap buttons</p>\n\n                                <p>- Ventilation under armpit</p>\n\n                                <p>- Adjustable cuffs</p>\n\n                                <p>- Double welted front pockets</p>\n\n                                <p>- Adjustable elastic string at hempen</p>\n\n                                <p>- Ultrasonically welded seams</p>\n\n                                <p>This is a unisex item, please check our clothing &amp; footwear sizing guide for specific Rains jacket sizing information. RAINS comes from the rainy nation of Denmark at the edge of the European continent, close to the ocean and with prevailing westerly winds; all factors that contribute to an average of 121 rain days each year. Arising from these rainy weather conditions comes the attitude that a quick rain shower may be beautiful, as well as moody- but first and foremost requires the right outfit. Rains focus on the whole experience of going outside on rainy days, issuing an invitation to explore even in the most mercurial weather.</p>','published','[\"products\\/6.jpg\",\"products\\/6-1.jpg\"]','HS-165-A0',0,11,0,1,1,7,0,0,52,NULL,NULL,NULL,15.00,10.00,16.00,629.00,1,86607,'2022-09-27 01:54:04','2022-09-27 01:54:04','in_stock',0,'Botble\\ACL\\Models\\User',NULL,'physical'),(7,'Leather Watch Band','<p>Short Hooded Coat features a straight body, large pockets with button flaps, ventilation air holes, and a string detail along the hemline.</p><ul>\n                                        <li class=\"mb-10\"><i class=\"far fa-hourglass mr-5 text-brand\"></i> 1 Year AL Jazeera Brand Warranty</li>\n                                        <li class=\"mb-10\"><i class=\"far fa-paper-plane mr-5 text-brand\"></i> 30 Day Return Policy</li>\n                                        <li><i class=\"far fa-address-card mr-5 text-brand\"></i> Cash on Delivery available</li>\n                                    </ul>','<p>Short Hooded Coat features a straight body, large pockets with button flaps, ventilation air holes, and a string detail along the hemline. The style is completed with a drawstring hood, featuring Rains&rsquo; signature built-in cap. Made from waterproof, matte PU, this lightweight unisex rain jacket is an ode to nostalgia through its classic silhouette and utilitarian design details.</p>\n                                <p>- Casual unisex fit</p>\n\n                                <p>- 64% polyester, 36% polyurethane</p>\n\n                                <p>- Water column pressure: 4000 mm</p>\n\n                                <p>- Model is 187cm tall and wearing a size S / M</p>\n\n                                <p>- Unisex fit</p>\n\n                                <p>- Drawstring hood with built-in cap</p>\n\n                                <p>- Front placket with snap buttons</p>\n\n                                <p>- Ventilation under armpit</p>\n\n                                <p>- Adjustable cuffs</p>\n\n                                <p>- Double welted front pockets</p>\n\n                                <p>- Adjustable elastic string at hempen</p>\n\n                                <p>- Ultrasonically welded seams</p>\n\n                                <p>This is a unisex item, please check our clothing &amp; footwear sizing guide for specific Rains jacket sizing information. RAINS comes from the rainy nation of Denmark at the edge of the European continent, close to the ocean and with prevailing westerly winds; all factors that contribute to an average of 121 rain days each year. Arising from these rainy weather conditions comes the attitude that a quick rain shower may be beautiful, as well as moody- but first and foremost requires the right outfit. Rains focus on the whole experience of going outside on rainy days, issuing an invitation to explore even in the most mercurial weather.</p>','published','[\"products\\/7.jpg\",\"products\\/7-1.jpg\"]','HS-185-A0',0,10,0,1,1,6,0,0,116,NULL,NULL,NULL,10.00,18.00,13.00,723.00,1,89354,'2022-09-27 01:54:04','2022-09-27 01:54:04','in_stock',0,'Botble\\ACL\\Models\\User',NULL,'physical'),(8,'Apple iPhone 13 Plus','<p>Short Hooded Coat features a straight body, large pockets with button flaps, ventilation air holes, and a string detail along the hemline.</p><ul>\n                                        <li class=\"mb-10\"><i class=\"far fa-hourglass mr-5 text-brand\"></i> 1 Year AL Jazeera Brand Warranty</li>\n                                        <li class=\"mb-10\"><i class=\"far fa-paper-plane mr-5 text-brand\"></i> 30 Day Return Policy</li>\n                                        <li><i class=\"far fa-address-card mr-5 text-brand\"></i> Cash on Delivery available</li>\n                                    </ul>','<p>Short Hooded Coat features a straight body, large pockets with button flaps, ventilation air holes, and a string detail along the hemline. The style is completed with a drawstring hood, featuring Rains&rsquo; signature built-in cap. Made from waterproof, matte PU, this lightweight unisex rain jacket is an ode to nostalgia through its classic silhouette and utilitarian design details.</p>\n                                <p>- Casual unisex fit</p>\n\n                                <p>- 64% polyester, 36% polyurethane</p>\n\n                                <p>- Water column pressure: 4000 mm</p>\n\n                                <p>- Model is 187cm tall and wearing a size S / M</p>\n\n                                <p>- Unisex fit</p>\n\n                                <p>- Drawstring hood with built-in cap</p>\n\n                                <p>- Front placket with snap buttons</p>\n\n                                <p>- Ventilation under armpit</p>\n\n                                <p>- Adjustable cuffs</p>\n\n                                <p>- Double welted front pockets</p>\n\n                                <p>- Adjustable elastic string at hempen</p>\n\n                                <p>- Ultrasonically welded seams</p>\n\n                                <p>This is a unisex item, please check our clothing &amp; footwear sizing guide for specific Rains jacket sizing information. RAINS comes from the rainy nation of Denmark at the edge of the European continent, close to the ocean and with prevailing westerly winds; all factors that contribute to an average of 121 rain days each year. Arising from these rainy weather conditions comes the attitude that a quick rain shower may be beautiful, as well as moody- but first and foremost requires the right outfit. Rains focus on the whole experience of going outside on rainy days, issuing an invitation to explore even in the most mercurial weather.</p>','published','[\"products\\/8.jpg\",\"products\\/8-1.jpg\"]','HS-109-A0',0,10,0,1,1,6,0,0,130,93.6,NULL,NULL,18.00,20.00,13.00,517.00,1,35989,'2022-09-27 01:54:04','2022-09-27 01:54:04','in_stock',0,'Botble\\ACL\\Models\\User',NULL,'physical'),(9,'Macbook Pro 2015','<p>Short Hooded Coat features a straight body, large pockets with button flaps, ventilation air holes, and a string detail along the hemline.</p><ul>\n                                        <li class=\"mb-10\"><i class=\"far fa-hourglass mr-5 text-brand\"></i> 1 Year AL Jazeera Brand Warranty</li>\n                                        <li class=\"mb-10\"><i class=\"far fa-paper-plane mr-5 text-brand\"></i> 30 Day Return Policy</li>\n                                        <li><i class=\"far fa-address-card mr-5 text-brand\"></i> Cash on Delivery available</li>\n                                    </ul>','<p>Short Hooded Coat features a straight body, large pockets with button flaps, ventilation air holes, and a string detail along the hemline. The style is completed with a drawstring hood, featuring Rains&rsquo; signature built-in cap. Made from waterproof, matte PU, this lightweight unisex rain jacket is an ode to nostalgia through its classic silhouette and utilitarian design details.</p>\n                                <p>- Casual unisex fit</p>\n\n                                <p>- 64% polyester, 36% polyurethane</p>\n\n                                <p>- Water column pressure: 4000 mm</p>\n\n                                <p>- Model is 187cm tall and wearing a size S / M</p>\n\n                                <p>- Unisex fit</p>\n\n                                <p>- Drawstring hood with built-in cap</p>\n\n                                <p>- Front placket with snap buttons</p>\n\n                                <p>- Ventilation under armpit</p>\n\n                                <p>- Adjustable cuffs</p>\n\n                                <p>- Double welted front pockets</p>\n\n                                <p>- Adjustable elastic string at hempen</p>\n\n                                <p>- Ultrasonically welded seams</p>\n\n                                <p>This is a unisex item, please check our clothing &amp; footwear sizing guide for specific Rains jacket sizing information. RAINS comes from the rainy nation of Denmark at the edge of the European continent, close to the ocean and with prevailing westerly winds; all factors that contribute to an average of 121 rain days each year. Arising from these rainy weather conditions comes the attitude that a quick rain shower may be beautiful, as well as moody- but first and foremost requires the right outfit. Rains focus on the whole experience of going outside on rainy days, issuing an invitation to explore even in the most mercurial weather.</p>','published','[\"products\\/9.jpg\",\"products\\/9-1.jpg\"]','HS-115-A0',0,15,0,1,1,1,0,0,129,NULL,NULL,NULL,19.00,20.00,18.00,576.00,1,70597,'2022-09-27 01:54:04','2022-09-27 01:54:04','in_stock',0,'Botble\\ACL\\Models\\User',NULL,'physical'),(10,'Macbook Air 12 inch','<p>Short Hooded Coat features a straight body, large pockets with button flaps, ventilation air holes, and a string detail along the hemline.</p><ul>\n                                        <li class=\"mb-10\"><i class=\"far fa-hourglass mr-5 text-brand\"></i> 1 Year AL Jazeera Brand Warranty</li>\n                                        <li class=\"mb-10\"><i class=\"far fa-paper-plane mr-5 text-brand\"></i> 30 Day Return Policy</li>\n                                        <li><i class=\"far fa-address-card mr-5 text-brand\"></i> Cash on Delivery available</li>\n                                    </ul>','<p>Short Hooded Coat features a straight body, large pockets with button flaps, ventilation air holes, and a string detail along the hemline. The style is completed with a drawstring hood, featuring Rains&rsquo; signature built-in cap. Made from waterproof, matte PU, this lightweight unisex rain jacket is an ode to nostalgia through its classic silhouette and utilitarian design details.</p>\n                                <p>- Casual unisex fit</p>\n\n                                <p>- 64% polyester, 36% polyurethane</p>\n\n                                <p>- Water column pressure: 4000 mm</p>\n\n                                <p>- Model is 187cm tall and wearing a size S / M</p>\n\n                                <p>- Unisex fit</p>\n\n                                <p>- Drawstring hood with built-in cap</p>\n\n                                <p>- Front placket with snap buttons</p>\n\n                                <p>- Ventilation under armpit</p>\n\n                                <p>- Adjustable cuffs</p>\n\n                                <p>- Double welted front pockets</p>\n\n                                <p>- Adjustable elastic string at hempen</p>\n\n                                <p>- Ultrasonically welded seams</p>\n\n                                <p>This is a unisex item, please check our clothing &amp; footwear sizing guide for specific Rains jacket sizing information. RAINS comes from the rainy nation of Denmark at the edge of the European continent, close to the ocean and with prevailing westerly winds; all factors that contribute to an average of 121 rain days each year. Arising from these rainy weather conditions comes the attitude that a quick rain shower may be beautiful, as well as moody- but first and foremost requires the right outfit. Rains focus on the whole experience of going outside on rainy days, issuing an invitation to explore even in the most mercurial weather.</p>','published','[\"products\\/10.jpg\",\"products\\/10-1.jpg\"]','HS-141-A0',0,12,0,1,1,1,0,0,392,NULL,NULL,NULL,10.00,19.00,14.00,688.00,1,154268,'2022-09-27 01:54:04','2022-09-27 01:54:04','in_stock',0,'Botble\\ACL\\Models\\User',NULL,'physical'),(11,'Apple Watch Serial 7','<p>Short Hooded Coat features a straight body, large pockets with button flaps, ventilation air holes, and a string detail along the hemline.</p><ul>\n                                        <li class=\"mb-10\"><i class=\"far fa-hourglass mr-5 text-brand\"></i> 1 Year AL Jazeera Brand Warranty</li>\n                                        <li class=\"mb-10\"><i class=\"far fa-paper-plane mr-5 text-brand\"></i> 30 Day Return Policy</li>\n                                        <li><i class=\"far fa-address-card mr-5 text-brand\"></i> Cash on Delivery available</li>\n                                    </ul>','<p>Short Hooded Coat features a straight body, large pockets with button flaps, ventilation air holes, and a string detail along the hemline. The style is completed with a drawstring hood, featuring Rains&rsquo; signature built-in cap. Made from waterproof, matte PU, this lightweight unisex rain jacket is an ode to nostalgia through its classic silhouette and utilitarian design details.</p>\n                                <p>- Casual unisex fit</p>\n\n                                <p>- 64% polyester, 36% polyurethane</p>\n\n                                <p>- Water column pressure: 4000 mm</p>\n\n                                <p>- Model is 187cm tall and wearing a size S / M</p>\n\n                                <p>- Unisex fit</p>\n\n                                <p>- Drawstring hood with built-in cap</p>\n\n                                <p>- Front placket with snap buttons</p>\n\n                                <p>- Ventilation under armpit</p>\n\n                                <p>- Adjustable cuffs</p>\n\n                                <p>- Double welted front pockets</p>\n\n                                <p>- Adjustable elastic string at hempen</p>\n\n                                <p>- Ultrasonically welded seams</p>\n\n                                <p>This is a unisex item, please check our clothing &amp; footwear sizing guide for specific Rains jacket sizing information. RAINS comes from the rainy nation of Denmark at the edge of the European continent, close to the ocean and with prevailing westerly winds; all factors that contribute to an average of 121 rain days each year. Arising from these rainy weather conditions comes the attitude that a quick rain shower may be beautiful, as well as moody- but first and foremost requires the right outfit. Rains focus on the whole experience of going outside on rainy days, issuing an invitation to explore even in the most mercurial weather.</p>','published','[\"products\\/11.jpg\",\"products\\/11-1.jpg\"]','HS-162-A0',0,18,0,1,1,5,0,0,118,NULL,NULL,NULL,20.00,10.00,10.00,712.00,1,39575,'2022-09-27 01:54:04','2022-09-27 01:54:04','in_stock',0,'Botble\\ACL\\Models\\User',NULL,'physical'),(12,'Macbook Pro 13 inch','<p>Short Hooded Coat features a straight body, large pockets with button flaps, ventilation air holes, and a string detail along the hemline.</p><ul>\n                                        <li class=\"mb-10\"><i class=\"far fa-hourglass mr-5 text-brand\"></i> 1 Year AL Jazeera Brand Warranty</li>\n                                        <li class=\"mb-10\"><i class=\"far fa-paper-plane mr-5 text-brand\"></i> 30 Day Return Policy</li>\n                                        <li><i class=\"far fa-address-card mr-5 text-brand\"></i> Cash on Delivery available</li>\n                                    </ul>','<p>Short Hooded Coat features a straight body, large pockets with button flaps, ventilation air holes, and a string detail along the hemline. The style is completed with a drawstring hood, featuring Rains&rsquo; signature built-in cap. Made from waterproof, matte PU, this lightweight unisex rain jacket is an ode to nostalgia through its classic silhouette and utilitarian design details.</p>\n                                <p>- Casual unisex fit</p>\n\n                                <p>- 64% polyester, 36% polyurethane</p>\n\n                                <p>- Water column pressure: 4000 mm</p>\n\n                                <p>- Model is 187cm tall and wearing a size S / M</p>\n\n                                <p>- Unisex fit</p>\n\n                                <p>- Drawstring hood with built-in cap</p>\n\n                                <p>- Front placket with snap buttons</p>\n\n                                <p>- Ventilation under armpit</p>\n\n                                <p>- Adjustable cuffs</p>\n\n                                <p>- Double welted front pockets</p>\n\n                                <p>- Adjustable elastic string at hempen</p>\n\n                                <p>- Ultrasonically welded seams</p>\n\n                                <p>This is a unisex item, please check our clothing &amp; footwear sizing guide for specific Rains jacket sizing information. RAINS comes from the rainy nation of Denmark at the edge of the European continent, close to the ocean and with prevailing westerly winds; all factors that contribute to an average of 121 rain days each year. Arising from these rainy weather conditions comes the attitude that a quick rain shower may be beautiful, as well as moody- but first and foremost requires the right outfit. Rains focus on the whole experience of going outside on rainy days, issuing an invitation to explore even in the most mercurial weather.</p>','published','[\"products\\/12.jpg\",\"products\\/12-1.jpg\"]','HS-199-A0',0,10,0,1,1,1,0,0,121,91.96,NULL,NULL,18.00,15.00,19.00,640.00,1,129262,'2022-09-27 01:54:04','2022-09-27 01:54:04','in_stock',0,'Botble\\ACL\\Models\\User',NULL,'physical'),(13,'Apple Keyboard','<p>Short Hooded Coat features a straight body, large pockets with button flaps, ventilation air holes, and a string detail along the hemline.</p><ul>\n                                        <li class=\"mb-10\"><i class=\"far fa-hourglass mr-5 text-brand\"></i> 1 Year AL Jazeera Brand Warranty</li>\n                                        <li class=\"mb-10\"><i class=\"far fa-paper-plane mr-5 text-brand\"></i> 30 Day Return Policy</li>\n                                        <li><i class=\"far fa-address-card mr-5 text-brand\"></i> Cash on Delivery available</li>\n                                    </ul>','<p>Short Hooded Coat features a straight body, large pockets with button flaps, ventilation air holes, and a string detail along the hemline. The style is completed with a drawstring hood, featuring Rains&rsquo; signature built-in cap. Made from waterproof, matte PU, this lightweight unisex rain jacket is an ode to nostalgia through its classic silhouette and utilitarian design details.</p>\n                                <p>- Casual unisex fit</p>\n\n                                <p>- 64% polyester, 36% polyurethane</p>\n\n                                <p>- Water column pressure: 4000 mm</p>\n\n                                <p>- Model is 187cm tall and wearing a size S / M</p>\n\n                                <p>- Unisex fit</p>\n\n                                <p>- Drawstring hood with built-in cap</p>\n\n                                <p>- Front placket with snap buttons</p>\n\n                                <p>- Ventilation under armpit</p>\n\n                                <p>- Adjustable cuffs</p>\n\n                                <p>- Double welted front pockets</p>\n\n                                <p>- Adjustable elastic string at hempen</p>\n\n                                <p>- Ultrasonically welded seams</p>\n\n                                <p>This is a unisex item, please check our clothing &amp; footwear sizing guide for specific Rains jacket sizing information. RAINS comes from the rainy nation of Denmark at the edge of the European continent, close to the ocean and with prevailing westerly winds; all factors that contribute to an average of 121 rain days each year. Arising from these rainy weather conditions comes the attitude that a quick rain shower may be beautiful, as well as moody- but first and foremost requires the right outfit. Rains focus on the whole experience of going outside on rainy days, issuing an invitation to explore even in the most mercurial weather.</p>','published','[\"products\\/13.jpg\",\"products\\/13-1.jpg\"]','HS-167-A0',0,10,0,1,1,1,0,0,118,NULL,NULL,NULL,20.00,20.00,17.00,698.00,1,78431,'2022-09-27 01:54:04','2022-09-27 01:54:04','in_stock',0,'Botble\\ACL\\Models\\User',NULL,'physical'),(14,'MacSafe 80W','<p>Short Hooded Coat features a straight body, large pockets with button flaps, ventilation air holes, and a string detail along the hemline.</p><ul>\n                                        <li class=\"mb-10\"><i class=\"far fa-hourglass mr-5 text-brand\"></i> 1 Year AL Jazeera Brand Warranty</li>\n                                        <li class=\"mb-10\"><i class=\"far fa-paper-plane mr-5 text-brand\"></i> 30 Day Return Policy</li>\n                                        <li><i class=\"far fa-address-card mr-5 text-brand\"></i> Cash on Delivery available</li>\n                                    </ul>','<p>Short Hooded Coat features a straight body, large pockets with button flaps, ventilation air holes, and a string detail along the hemline. The style is completed with a drawstring hood, featuring Rains&rsquo; signature built-in cap. Made from waterproof, matte PU, this lightweight unisex rain jacket is an ode to nostalgia through its classic silhouette and utilitarian design details.</p>\n                                <p>- Casual unisex fit</p>\n\n                                <p>- 64% polyester, 36% polyurethane</p>\n\n                                <p>- Water column pressure: 4000 mm</p>\n\n                                <p>- Model is 187cm tall and wearing a size S / M</p>\n\n                                <p>- Unisex fit</p>\n\n                                <p>- Drawstring hood with built-in cap</p>\n\n                                <p>- Front placket with snap buttons</p>\n\n                                <p>- Ventilation under armpit</p>\n\n                                <p>- Adjustable cuffs</p>\n\n                                <p>- Double welted front pockets</p>\n\n                                <p>- Adjustable elastic string at hempen</p>\n\n                                <p>- Ultrasonically welded seams</p>\n\n                                <p>This is a unisex item, please check our clothing &amp; footwear sizing guide for specific Rains jacket sizing information. RAINS comes from the rainy nation of Denmark at the edge of the European continent, close to the ocean and with prevailing westerly winds; all factors that contribute to an average of 121 rain days each year. Arising from these rainy weather conditions comes the attitude that a quick rain shower may be beautiful, as well as moody- but first and foremost requires the right outfit. Rains focus on the whole experience of going outside on rainy days, issuing an invitation to explore even in the most mercurial weather.</p>','published','[\"products\\/14.jpg\",\"products\\/14-1.jpg\"]','HS-161-A0',0,20,0,1,1,3,0,0,123,NULL,NULL,NULL,18.00,20.00,19.00,736.00,1,51582,'2022-09-27 01:54:04','2022-09-27 01:54:04','in_stock',0,'Botble\\ACL\\Models\\User',NULL,'physical'),(15,'Hand playstation','<p>Short Hooded Coat features a straight body, large pockets with button flaps, ventilation air holes, and a string detail along the hemline.</p><ul>\n                                        <li class=\"mb-10\"><i class=\"far fa-hourglass mr-5 text-brand\"></i> 1 Year AL Jazeera Brand Warranty</li>\n                                        <li class=\"mb-10\"><i class=\"far fa-paper-plane mr-5 text-brand\"></i> 30 Day Return Policy</li>\n                                        <li><i class=\"far fa-address-card mr-5 text-brand\"></i> Cash on Delivery available</li>\n                                    </ul>','<p>Short Hooded Coat features a straight body, large pockets with button flaps, ventilation air holes, and a string detail along the hemline. The style is completed with a drawstring hood, featuring Rains&rsquo; signature built-in cap. Made from waterproof, matte PU, this lightweight unisex rain jacket is an ode to nostalgia through its classic silhouette and utilitarian design details.</p>\n                                <p>- Casual unisex fit</p>\n\n                                <p>- 64% polyester, 36% polyurethane</p>\n\n                                <p>- Water column pressure: 4000 mm</p>\n\n                                <p>- Model is 187cm tall and wearing a size S / M</p>\n\n                                <p>- Unisex fit</p>\n\n                                <p>- Drawstring hood with built-in cap</p>\n\n                                <p>- Front placket with snap buttons</p>\n\n                                <p>- Ventilation under armpit</p>\n\n                                <p>- Adjustable cuffs</p>\n\n                                <p>- Double welted front pockets</p>\n\n                                <p>- Adjustable elastic string at hempen</p>\n\n                                <p>- Ultrasonically welded seams</p>\n\n                                <p>This is a unisex item, please check our clothing &amp; footwear sizing guide for specific Rains jacket sizing information. RAINS comes from the rainy nation of Denmark at the edge of the European continent, close to the ocean and with prevailing westerly winds; all factors that contribute to an average of 121 rain days each year. Arising from these rainy weather conditions comes the attitude that a quick rain shower may be beautiful, as well as moody- but first and foremost requires the right outfit. Rains focus on the whole experience of going outside on rainy days, issuing an invitation to explore even in the most mercurial weather.</p>','published','[\"products\\/15.jpg\",\"products\\/15-1.jpg\"]','HS-198-A0',0,14,0,1,1,6,0,0,112,NULL,NULL,NULL,10.00,10.00,16.00,829.00,1,99647,'2022-09-27 01:54:04','2022-09-27 01:54:04','in_stock',0,'Botble\\ACL\\Models\\User',NULL,'physical'),(16,'Apple Airpods Serial 3','<p>Short Hooded Coat features a straight body, large pockets with button flaps, ventilation air holes, and a string detail along the hemline.</p><ul>\n                                        <li class=\"mb-10\"><i class=\"far fa-hourglass mr-5 text-brand\"></i> 1 Year AL Jazeera Brand Warranty</li>\n                                        <li class=\"mb-10\"><i class=\"far fa-paper-plane mr-5 text-brand\"></i> 30 Day Return Policy</li>\n                                        <li><i class=\"far fa-address-card mr-5 text-brand\"></i> Cash on Delivery available</li>\n                                    </ul>','<p>Short Hooded Coat features a straight body, large pockets with button flaps, ventilation air holes, and a string detail along the hemline. The style is completed with a drawstring hood, featuring Rains&rsquo; signature built-in cap. Made from waterproof, matte PU, this lightweight unisex rain jacket is an ode to nostalgia through its classic silhouette and utilitarian design details.</p>\n                                <p>- Casual unisex fit</p>\n\n                                <p>- 64% polyester, 36% polyurethane</p>\n\n                                <p>- Water column pressure: 4000 mm</p>\n\n                                <p>- Model is 187cm tall and wearing a size S / M</p>\n\n                                <p>- Unisex fit</p>\n\n                                <p>- Drawstring hood with built-in cap</p>\n\n                                <p>- Front placket with snap buttons</p>\n\n                                <p>- Ventilation under armpit</p>\n\n                                <p>- Adjustable cuffs</p>\n\n                                <p>- Double welted front pockets</p>\n\n                                <p>- Adjustable elastic string at hempen</p>\n\n                                <p>- Ultrasonically welded seams</p>\n\n                                <p>This is a unisex item, please check our clothing &amp; footwear sizing guide for specific Rains jacket sizing information. RAINS comes from the rainy nation of Denmark at the edge of the European continent, close to the ocean and with prevailing westerly winds; all factors that contribute to an average of 121 rain days each year. Arising from these rainy weather conditions comes the attitude that a quick rain shower may be beautiful, as well as moody- but first and foremost requires the right outfit. Rains focus on the whole experience of going outside on rainy days, issuing an invitation to explore even in the most mercurial weather.</p>','published','[\"products\\/16.jpg\"]','HS-113-A0',0,18,0,1,1,5,0,0,113,88.14,NULL,NULL,11.00,20.00,14.00,537.00,1,126772,'2022-09-27 01:54:04','2022-09-27 01:54:04','in_stock',0,'Botble\\ACL\\Models\\User',NULL,'physical'),(17,'Cool Smart Watches','<p>Short Hooded Coat features a straight body, large pockets with button flaps, ventilation air holes, and a string detail along the hemline.</p><ul>\n                                        <li class=\"mb-10\"><i class=\"far fa-hourglass mr-5 text-brand\"></i> 1 Year AL Jazeera Brand Warranty</li>\n                                        <li class=\"mb-10\"><i class=\"far fa-paper-plane mr-5 text-brand\"></i> 30 Day Return Policy</li>\n                                        <li><i class=\"far fa-address-card mr-5 text-brand\"></i> Cash on Delivery available</li>\n                                    </ul>','<p>Short Hooded Coat features a straight body, large pockets with button flaps, ventilation air holes, and a string detail along the hemline. The style is completed with a drawstring hood, featuring Rains&rsquo; signature built-in cap. Made from waterproof, matte PU, this lightweight unisex rain jacket is an ode to nostalgia through its classic silhouette and utilitarian design details.</p>\n                                <p>- Casual unisex fit</p>\n\n                                <p>- 64% polyester, 36% polyurethane</p>\n\n                                <p>- Water column pressure: 4000 mm</p>\n\n                                <p>- Model is 187cm tall and wearing a size S / M</p>\n\n                                <p>- Unisex fit</p>\n\n                                <p>- Drawstring hood with built-in cap</p>\n\n                                <p>- Front placket with snap buttons</p>\n\n                                <p>- Ventilation under armpit</p>\n\n                                <p>- Adjustable cuffs</p>\n\n                                <p>- Double welted front pockets</p>\n\n                                <p>- Adjustable elastic string at hempen</p>\n\n                                <p>- Ultrasonically welded seams</p>\n\n                                <p>This is a unisex item, please check our clothing &amp; footwear sizing guide for specific Rains jacket sizing information. RAINS comes from the rainy nation of Denmark at the edge of the European continent, close to the ocean and with prevailing westerly winds; all factors that contribute to an average of 121 rain days each year. Arising from these rainy weather conditions comes the attitude that a quick rain shower may be beautiful, as well as moody- but first and foremost requires the right outfit. Rains focus on the whole experience of going outside on rainy days, issuing an invitation to explore even in the most mercurial weather.</p>','published','[\"products\\/17.jpg\"]','HS-124-A0',0,16,0,1,1,1,0,0,117,NULL,NULL,NULL,20.00,15.00,13.00,658.00,1,103200,'2022-09-27 01:54:04','2022-09-27 01:54:04','in_stock',0,'Botble\\ACL\\Models\\User',NULL,'physical'),(18,'Black Smart Watches','<p>Short Hooded Coat features a straight body, large pockets with button flaps, ventilation air holes, and a string detail along the hemline.</p><ul>\n                                        <li class=\"mb-10\"><i class=\"far fa-hourglass mr-5 text-brand\"></i> 1 Year AL Jazeera Brand Warranty</li>\n                                        <li class=\"mb-10\"><i class=\"far fa-paper-plane mr-5 text-brand\"></i> 30 Day Return Policy</li>\n                                        <li><i class=\"far fa-address-card mr-5 text-brand\"></i> Cash on Delivery available</li>\n                                    </ul>','<p>Short Hooded Coat features a straight body, large pockets with button flaps, ventilation air holes, and a string detail along the hemline. The style is completed with a drawstring hood, featuring Rains&rsquo; signature built-in cap. Made from waterproof, matte PU, this lightweight unisex rain jacket is an ode to nostalgia through its classic silhouette and utilitarian design details.</p>\n                                <p>- Casual unisex fit</p>\n\n                                <p>- 64% polyester, 36% polyurethane</p>\n\n                                <p>- Water column pressure: 4000 mm</p>\n\n                                <p>- Model is 187cm tall and wearing a size S / M</p>\n\n                                <p>- Unisex fit</p>\n\n                                <p>- Drawstring hood with built-in cap</p>\n\n                                <p>- Front placket with snap buttons</p>\n\n                                <p>- Ventilation under armpit</p>\n\n                                <p>- Adjustable cuffs</p>\n\n                                <p>- Double welted front pockets</p>\n\n                                <p>- Adjustable elastic string at hempen</p>\n\n                                <p>- Ultrasonically welded seams</p>\n\n                                <p>This is a unisex item, please check our clothing &amp; footwear sizing guide for specific Rains jacket sizing information. RAINS comes from the rainy nation of Denmark at the edge of the European continent, close to the ocean and with prevailing westerly winds; all factors that contribute to an average of 121 rain days each year. Arising from these rainy weather conditions comes the attitude that a quick rain shower may be beautiful, as well as moody- but first and foremost requires the right outfit. Rains focus on the whole experience of going outside on rainy days, issuing an invitation to explore even in the most mercurial weather.</p>','published','[\"products\\/18.jpg\",\"products\\/18-1.jpg\",\"products\\/18-2.jpg\"]','HS-170-A0',0,17,0,1,1,5,0,0,110,NULL,NULL,NULL,11.00,10.00,13.00,829.00,1,125295,'2022-09-27 01:54:04','2022-09-27 01:54:04','in_stock',0,'Botble\\ACL\\Models\\User',NULL,'physical'),(19,'Leather Watch Band Serial 3','<p>Short Hooded Coat features a straight body, large pockets with button flaps, ventilation air holes, and a string detail along the hemline.</p><ul>\n                                        <li class=\"mb-10\"><i class=\"far fa-hourglass mr-5 text-brand\"></i> 1 Year AL Jazeera Brand Warranty</li>\n                                        <li class=\"mb-10\"><i class=\"far fa-paper-plane mr-5 text-brand\"></i> 30 Day Return Policy</li>\n                                        <li><i class=\"far fa-address-card mr-5 text-brand\"></i> Cash on Delivery available</li>\n                                    </ul>','<p>Short Hooded Coat features a straight body, large pockets with button flaps, ventilation air holes, and a string detail along the hemline. The style is completed with a drawstring hood, featuring Rains&rsquo; signature built-in cap. Made from waterproof, matte PU, this lightweight unisex rain jacket is an ode to nostalgia through its classic silhouette and utilitarian design details.</p>\n                                <p>- Casual unisex fit</p>\n\n                                <p>- 64% polyester, 36% polyurethane</p>\n\n                                <p>- Water column pressure: 4000 mm</p>\n\n                                <p>- Model is 187cm tall and wearing a size S / M</p>\n\n                                <p>- Unisex fit</p>\n\n                                <p>- Drawstring hood with built-in cap</p>\n\n                                <p>- Front placket with snap buttons</p>\n\n                                <p>- Ventilation under armpit</p>\n\n                                <p>- Adjustable cuffs</p>\n\n                                <p>- Double welted front pockets</p>\n\n                                <p>- Adjustable elastic string at hempen</p>\n\n                                <p>- Ultrasonically welded seams</p>\n\n                                <p>This is a unisex item, please check our clothing &amp; footwear sizing guide for specific Rains jacket sizing information. RAINS comes from the rainy nation of Denmark at the edge of the European continent, close to the ocean and with prevailing westerly winds; all factors that contribute to an average of 121 rain days each year. Arising from these rainy weather conditions comes the attitude that a quick rain shower may be beautiful, as well as moody- but first and foremost requires the right outfit. Rains focus on the whole experience of going outside on rainy days, issuing an invitation to explore even in the most mercurial weather.</p>','published','[\"products\\/19.jpg\",\"products\\/19-1.jpg\"]','HS-124-A0',0,15,0,1,1,1,0,0,119,NULL,NULL,NULL,11.00,17.00,17.00,535.00,1,128232,'2022-09-27 01:54:04','2022-09-27 01:54:04','in_stock',0,'Botble\\ACL\\Models\\User',NULL,'physical'),(20,'Macbook Pro 2015 13 inch','<p>Short Hooded Coat features a straight body, large pockets with button flaps, ventilation air holes, and a string detail along the hemline.</p><ul>\n                                        <li class=\"mb-10\"><i class=\"far fa-hourglass mr-5 text-brand\"></i> 1 Year AL Jazeera Brand Warranty</li>\n                                        <li class=\"mb-10\"><i class=\"far fa-paper-plane mr-5 text-brand\"></i> 30 Day Return Policy</li>\n                                        <li><i class=\"far fa-address-card mr-5 text-brand\"></i> Cash on Delivery available</li>\n                                    </ul>','<p>Short Hooded Coat features a straight body, large pockets with button flaps, ventilation air holes, and a string detail along the hemline. The style is completed with a drawstring hood, featuring Rains&rsquo; signature built-in cap. Made from waterproof, matte PU, this lightweight unisex rain jacket is an ode to nostalgia through its classic silhouette and utilitarian design details.</p>\n                                <p>- Casual unisex fit</p>\n\n                                <p>- 64% polyester, 36% polyurethane</p>\n\n                                <p>- Water column pressure: 4000 mm</p>\n\n                                <p>- Model is 187cm tall and wearing a size S / M</p>\n\n                                <p>- Unisex fit</p>\n\n                                <p>- Drawstring hood with built-in cap</p>\n\n                                <p>- Front placket with snap buttons</p>\n\n                                <p>- Ventilation under armpit</p>\n\n                                <p>- Adjustable cuffs</p>\n\n                                <p>- Double welted front pockets</p>\n\n                                <p>- Adjustable elastic string at hempen</p>\n\n                                <p>- Ultrasonically welded seams</p>\n\n                                <p>This is a unisex item, please check our clothing &amp; footwear sizing guide for specific Rains jacket sizing information. RAINS comes from the rainy nation of Denmark at the edge of the European continent, close to the ocean and with prevailing westerly winds; all factors that contribute to an average of 121 rain days each year. Arising from these rainy weather conditions comes the attitude that a quick rain shower may be beautiful, as well as moody- but first and foremost requires the right outfit. Rains focus on the whole experience of going outside on rainy days, issuing an invitation to explore even in the most mercurial weather.</p>','published','[\"products\\/20.jpg\",\"products\\/20-1.jpg\"]','HS-195-A0',0,14,0,1,1,3,0,0,112,94.08,NULL,NULL,11.00,19.00,18.00,523.00,1,197530,'2022-09-27 01:54:04','2022-09-27 01:54:04','in_stock',0,'Botble\\ACL\\Models\\User',NULL,'physical'),(21,'Historic Alarm Clock','<p>Short Hooded Coat features a straight body, large pockets with button flaps, ventilation air holes, and a string detail along the hemline.</p><ul>\n                                        <li class=\"mb-10\"><i class=\"far fa-hourglass mr-5 text-brand\"></i> 1 Year AL Jazeera Brand Warranty</li>\n                                        <li class=\"mb-10\"><i class=\"far fa-paper-plane mr-5 text-brand\"></i> 30 Day Return Policy</li>\n                                        <li><i class=\"far fa-address-card mr-5 text-brand\"></i> Cash on Delivery available</li>\n                                    </ul>','<p>Short Hooded Coat features a straight body, large pockets with button flaps, ventilation air holes, and a string detail along the hemline. The style is completed with a drawstring hood, featuring Rains&rsquo; signature built-in cap. Made from waterproof, matte PU, this lightweight unisex rain jacket is an ode to nostalgia through its classic silhouette and utilitarian design details.</p>\n                                <p>- Casual unisex fit</p>\n\n                                <p>- 64% polyester, 36% polyurethane</p>\n\n                                <p>- Water column pressure: 4000 mm</p>\n\n                                <p>- Model is 187cm tall and wearing a size S / M</p>\n\n                                <p>- Unisex fit</p>\n\n                                <p>- Drawstring hood with built-in cap</p>\n\n                                <p>- Front placket with snap buttons</p>\n\n                                <p>- Ventilation under armpit</p>\n\n                                <p>- Adjustable cuffs</p>\n\n                                <p>- Double welted front pockets</p>\n\n                                <p>- Adjustable elastic string at hempen</p>\n\n                                <p>- Ultrasonically welded seams</p>\n\n                                <p>This is a unisex item, please check our clothing &amp; footwear sizing guide for specific Rains jacket sizing information. RAINS comes from the rainy nation of Denmark at the edge of the European continent, close to the ocean and with prevailing westerly winds; all factors that contribute to an average of 121 rain days each year. Arising from these rainy weather conditions comes the attitude that a quick rain shower may be beautiful, as well as moody- but first and foremost requires the right outfit. Rains focus on the whole experience of going outside on rainy days, issuing an invitation to explore even in the most mercurial weather.</p>','published','[\"products\\/21.jpg\",\"products\\/21-1.jpg\"]','HS-104-A0',0,15,0,1,1,2,0,0,116,NULL,NULL,NULL,10.00,19.00,12.00,650.00,1,55873,'2022-09-27 01:54:04','2022-09-27 01:54:04','in_stock',0,'Botble\\ACL\\Models\\User',NULL,'physical'),(22,'Black Glasses','<p>Short Hooded Coat features a straight body, large pockets with button flaps, ventilation air holes, and a string detail along the hemline.</p><ul>\n                                        <li class=\"mb-10\"><i class=\"far fa-hourglass mr-5 text-brand\"></i> 1 Year AL Jazeera Brand Warranty</li>\n                                        <li class=\"mb-10\"><i class=\"far fa-paper-plane mr-5 text-brand\"></i> 30 Day Return Policy</li>\n                                        <li><i class=\"far fa-address-card mr-5 text-brand\"></i> Cash on Delivery available</li>\n                                    </ul>','<p>Short Hooded Coat features a straight body, large pockets with button flaps, ventilation air holes, and a string detail along the hemline. The style is completed with a drawstring hood, featuring Rains&rsquo; signature built-in cap. Made from waterproof, matte PU, this lightweight unisex rain jacket is an ode to nostalgia through its classic silhouette and utilitarian design details.</p>\n                                <p>- Casual unisex fit</p>\n\n                                <p>- 64% polyester, 36% polyurethane</p>\n\n                                <p>- Water column pressure: 4000 mm</p>\n\n                                <p>- Model is 187cm tall and wearing a size S / M</p>\n\n                                <p>- Unisex fit</p>\n\n                                <p>- Drawstring hood with built-in cap</p>\n\n                                <p>- Front placket with snap buttons</p>\n\n                                <p>- Ventilation under armpit</p>\n\n                                <p>- Adjustable cuffs</p>\n\n                                <p>- Double welted front pockets</p>\n\n                                <p>- Adjustable elastic string at hempen</p>\n\n                                <p>- Ultrasonically welded seams</p>\n\n                                <p>This is a unisex item, please check our clothing &amp; footwear sizing guide for specific Rains jacket sizing information. RAINS comes from the rainy nation of Denmark at the edge of the European continent, close to the ocean and with prevailing westerly winds; all factors that contribute to an average of 121 rain days each year. Arising from these rainy weather conditions comes the attitude that a quick rain shower may be beautiful, as well as moody- but first and foremost requires the right outfit. Rains focus on the whole experience of going outside on rainy days, issuing an invitation to explore even in the most mercurial weather.</p>','published','[\"products\\/22.jpg\",\"products\\/22-1.jpg\"]','HS-183-A0',0,13,0,1,1,7,0,0,124,NULL,NULL,NULL,10.00,10.00,10.00,856.00,1,110911,'2022-09-27 01:54:04','2022-09-27 01:54:04','in_stock',0,'Botble\\ACL\\Models\\User',NULL,'physical'),(23,'Phillips Mouse','<p>Short Hooded Coat features a straight body, large pockets with button flaps, ventilation air holes, and a string detail along the hemline.</p><ul>\n                                        <li class=\"mb-10\"><i class=\"far fa-hourglass mr-5 text-brand\"></i> 1 Year AL Jazeera Brand Warranty</li>\n                                        <li class=\"mb-10\"><i class=\"far fa-paper-plane mr-5 text-brand\"></i> 30 Day Return Policy</li>\n                                        <li><i class=\"far fa-address-card mr-5 text-brand\"></i> Cash on Delivery available</li>\n                                    </ul>','<p>Short Hooded Coat features a straight body, large pockets with button flaps, ventilation air holes, and a string detail along the hemline. The style is completed with a drawstring hood, featuring Rains&rsquo; signature built-in cap. Made from waterproof, matte PU, this lightweight unisex rain jacket is an ode to nostalgia through its classic silhouette and utilitarian design details.</p>\n                                <p>- Casual unisex fit</p>\n\n                                <p>- 64% polyester, 36% polyurethane</p>\n\n                                <p>- Water column pressure: 4000 mm</p>\n\n                                <p>- Model is 187cm tall and wearing a size S / M</p>\n\n                                <p>- Unisex fit</p>\n\n                                <p>- Drawstring hood with built-in cap</p>\n\n                                <p>- Front placket with snap buttons</p>\n\n                                <p>- Ventilation under armpit</p>\n\n                                <p>- Adjustable cuffs</p>\n\n                                <p>- Double welted front pockets</p>\n\n                                <p>- Adjustable elastic string at hempen</p>\n\n                                <p>- Ultrasonically welded seams</p>\n\n                                <p>This is a unisex item, please check our clothing &amp; footwear sizing guide for specific Rains jacket sizing information. RAINS comes from the rainy nation of Denmark at the edge of the European continent, close to the ocean and with prevailing westerly winds; all factors that contribute to an average of 121 rain days each year. Arising from these rainy weather conditions comes the attitude that a quick rain shower may be beautiful, as well as moody- but first and foremost requires the right outfit. Rains focus on the whole experience of going outside on rainy days, issuing an invitation to explore even in the most mercurial weather.</p>','published','[\"products\\/23.jpg\",\"products\\/23-1.jpg\"]','HS-110-A0',0,17,0,1,1,3,0,0,116,NULL,NULL,NULL,19.00,18.00,11.00,756.00,1,183052,'2022-09-27 01:54:04','2022-09-27 01:54:04','in_stock',0,'Botble\\ACL\\Models\\User',NULL,'physical'),(24,'Gaming Keyboard','<p>Short Hooded Coat features a straight body, large pockets with button flaps, ventilation air holes, and a string detail along the hemline.</p><ul>\n                                        <li class=\"mb-10\"><i class=\"far fa-hourglass mr-5 text-brand\"></i> 1 Year AL Jazeera Brand Warranty</li>\n                                        <li class=\"mb-10\"><i class=\"far fa-paper-plane mr-5 text-brand\"></i> 30 Day Return Policy</li>\n                                        <li><i class=\"far fa-address-card mr-5 text-brand\"></i> Cash on Delivery available</li>\n                                    </ul>','<p>Short Hooded Coat features a straight body, large pockets with button flaps, ventilation air holes, and a string detail along the hemline. The style is completed with a drawstring hood, featuring Rains&rsquo; signature built-in cap. Made from waterproof, matte PU, this lightweight unisex rain jacket is an ode to nostalgia through its classic silhouette and utilitarian design details.</p>\n                                <p>- Casual unisex fit</p>\n\n                                <p>- 64% polyester, 36% polyurethane</p>\n\n                                <p>- Water column pressure: 4000 mm</p>\n\n                                <p>- Model is 187cm tall and wearing a size S / M</p>\n\n                                <p>- Unisex fit</p>\n\n                                <p>- Drawstring hood with built-in cap</p>\n\n                                <p>- Front placket with snap buttons</p>\n\n                                <p>- Ventilation under armpit</p>\n\n                                <p>- Adjustable cuffs</p>\n\n                                <p>- Double welted front pockets</p>\n\n                                <p>- Adjustable elastic string at hempen</p>\n\n                                <p>- Ultrasonically welded seams</p>\n\n                                <p>This is a unisex item, please check our clothing &amp; footwear sizing guide for specific Rains jacket sizing information. RAINS comes from the rainy nation of Denmark at the edge of the European continent, close to the ocean and with prevailing westerly winds; all factors that contribute to an average of 121 rain days each year. Arising from these rainy weather conditions comes the attitude that a quick rain shower may be beautiful, as well as moody- but first and foremost requires the right outfit. Rains focus on the whole experience of going outside on rainy days, issuing an invitation to explore even in the most mercurial weather.</p>','published','[\"products\\/24.jpg\",\"products\\/24-1.jpg\"]','HS-176-A0',0,17,0,1,1,5,0,0,121,96.8,NULL,NULL,18.00,16.00,13.00,606.00,1,197750,'2022-09-27 01:54:04','2022-09-27 01:54:04','in_stock',0,'Botble\\ACL\\Models\\User',NULL,'physical'),(25,'Smart Home Speaker',NULL,NULL,'published','[\"products\\/1.jpg\"]','HS-181-A0',0,12,0,1,0,4,1,0,325,NULL,NULL,NULL,19.00,10.00,18.00,769.00,NULL,0,'2022-09-27 01:54:04','2022-09-27 01:54:04','in_stock',0,'Botble\\ACL\\Models\\User',NULL,'physical'),(26,'Smart Home Speaker',NULL,NULL,'published','[\"products\\/1-1.jpg\"]','HS-181-A0-A1',0,12,0,1,0,4,1,0,325,NULL,NULL,NULL,19.00,10.00,18.00,769.00,NULL,0,'2022-09-27 01:54:04','2022-09-27 01:54:04','in_stock',0,'Botble\\ACL\\Models\\User',NULL,'physical'),(27,'Smart Home Speaker',NULL,NULL,'published','[\"products\\/1-2.jpg\"]','HS-181-A0-A2',0,12,0,1,0,4,1,0,325,NULL,NULL,NULL,19.00,10.00,18.00,769.00,NULL,0,'2022-09-27 01:54:04','2022-09-27 01:54:04','in_stock',0,'Botble\\ACL\\Models\\User',NULL,'physical'),(28,'Headphone Ultra Bass',NULL,NULL,'published','[\"products\\/2.jpg\"]','HS-186-A0',0,11,0,1,0,5,1,0,376,NULL,NULL,NULL,17.00,10.00,15.00,647.00,NULL,0,'2022-09-27 01:54:04','2022-09-27 01:54:04','in_stock',0,'Botble\\ACL\\Models\\User',NULL,'physical'),(29,'Headphone Ultra Bass',NULL,NULL,'published','[\"products\\/2-1.jpg\"]','HS-186-A0-A1',0,11,0,1,0,5,1,0,376,NULL,NULL,NULL,17.00,10.00,15.00,647.00,NULL,0,'2022-09-27 01:54:04','2022-09-27 01:54:04','in_stock',0,'Botble\\ACL\\Models\\User',NULL,'physical'),(30,'Boxed - Bluetooth Headphone',NULL,NULL,'published','[\"products\\/3.jpg\"]','HS-190-A0',0,15,0,1,0,1,1,0,471,NULL,NULL,NULL,16.00,20.00,12.00,511.00,NULL,0,'2022-09-27 01:54:04','2022-09-27 01:54:04','in_stock',0,'Botble\\ACL\\Models\\User',NULL,'physical'),(31,'Boxed - Bluetooth Headphone',NULL,NULL,'published','[\"products\\/3-1.jpg\"]','HS-190-A0-A1',0,15,0,1,0,1,1,0,471,NULL,NULL,NULL,16.00,20.00,12.00,511.00,NULL,0,'2022-09-27 01:54:04','2022-09-27 01:54:04','in_stock',0,'Botble\\ACL\\Models\\User',NULL,'physical'),(32,'Chikie - Bluetooth Speaker',NULL,NULL,'published','[\"products\\/4.jpg\"]','HS-121-A0',0,12,0,1,0,3,1,0,81,61.56,NULL,NULL,15.00,18.00,13.00,719.00,NULL,0,'2022-09-27 01:54:04','2022-09-27 01:54:04','in_stock',0,'Botble\\ACL\\Models\\User',NULL,'physical'),(33,'Chikie - Bluetooth Speaker',NULL,NULL,'published','[\"products\\/4-1.jpg\"]','HS-121-A0-A1',0,12,0,1,0,3,1,0,81,58.32,NULL,NULL,15.00,18.00,13.00,719.00,NULL,0,'2022-09-27 01:54:04','2022-09-27 01:54:04','in_stock',0,'Botble\\ACL\\Models\\User',NULL,'physical'),(34,'Camera Hikvision HK-35VS8',NULL,NULL,'published','[\"products\\/5.jpg\"]','HS-109-A0',0,18,0,1,0,5,1,0,41,NULL,NULL,NULL,18.00,11.00,12.00,517.00,NULL,0,'2022-09-27 01:54:04','2022-09-27 01:54:04','in_stock',0,'Botble\\ACL\\Models\\User',NULL,'physical'),(35,'Camera Hikvision HK-35VS8',NULL,NULL,'published','[\"products\\/5-1.jpg\"]','HS-109-A0-A1',0,18,0,1,0,5,1,0,41,NULL,NULL,NULL,18.00,11.00,12.00,517.00,NULL,0,'2022-09-27 01:54:04','2022-09-27 01:54:04','in_stock',0,'Botble\\ACL\\Models\\User',NULL,'physical'),(36,'Camera Hikvision HK-35VS8',NULL,NULL,'published','[\"products\\/5-2.jpg\"]','HS-109-A0-A2',0,18,0,1,0,5,1,0,41,NULL,NULL,NULL,18.00,11.00,12.00,517.00,NULL,0,'2022-09-27 01:54:04','2022-09-27 01:54:04','in_stock',0,'Botble\\ACL\\Models\\User',NULL,'physical'),(37,'Camera Hikvision HK-35VS8',NULL,NULL,'published','[\"products\\/5-3.jpg\"]','HS-109-A0-A3',0,18,0,1,0,5,1,0,41,NULL,NULL,NULL,18.00,11.00,12.00,517.00,NULL,0,'2022-09-27 01:54:04','2022-09-27 01:54:04','in_stock',0,'Botble\\ACL\\Models\\User',NULL,'physical'),(38,'Camera Samsung SS-24',NULL,NULL,'published','[\"products\\/6.jpg\"]','HS-165-A0',0,11,0,1,0,7,1,0,52,NULL,NULL,NULL,15.00,10.00,16.00,629.00,NULL,0,'2022-09-27 01:54:04','2022-09-27 01:54:04','in_stock',0,'Botble\\ACL\\Models\\User',NULL,'physical'),(39,'Leather Watch Band',NULL,NULL,'published','[\"products\\/7.jpg\"]','HS-185-A0',0,10,0,1,0,6,1,0,116,NULL,NULL,NULL,10.00,18.00,13.00,723.00,NULL,0,'2022-09-27 01:54:04','2022-09-27 01:54:04','in_stock',0,'Botble\\ACL\\Models\\User',NULL,'physical'),(40,'Leather Watch Band',NULL,NULL,'published','[\"products\\/7-1.jpg\"]','HS-185-A0-A1',0,10,0,1,0,6,1,0,116,NULL,NULL,NULL,10.00,18.00,13.00,723.00,NULL,0,'2022-09-27 01:54:04','2022-09-27 01:54:04','in_stock',0,'Botble\\ACL\\Models\\User',NULL,'physical'),(41,'Leather Watch Band',NULL,NULL,'published','[\"products\\/7.jpg\"]','HS-185-A0-A2',0,10,0,1,0,6,1,0,116,NULL,NULL,NULL,10.00,18.00,13.00,723.00,NULL,0,'2022-09-27 01:54:04','2022-09-27 01:54:04','in_stock',0,'Botble\\ACL\\Models\\User',NULL,'physical'),(42,'Leather Watch Band',NULL,NULL,'published','[\"products\\/7.jpg\"]','HS-185-A0-A3',0,10,0,1,0,6,1,0,116,NULL,NULL,NULL,10.00,18.00,13.00,723.00,NULL,0,'2022-09-27 01:54:04','2022-09-27 01:54:04','in_stock',0,'Botble\\ACL\\Models\\User',NULL,'physical'),(43,'Leather Watch Band',NULL,NULL,'published','[\"products\\/7.jpg\"]','HS-185-A0-A4',0,10,0,1,0,6,1,0,116,NULL,NULL,NULL,10.00,18.00,13.00,723.00,NULL,0,'2022-09-27 01:54:04','2022-09-27 01:54:04','in_stock',0,'Botble\\ACL\\Models\\User',NULL,'physical'),(44,'Apple iPhone 13 Plus',NULL,NULL,'published','[\"products\\/8.jpg\"]','HS-109-A0',0,10,0,1,0,6,1,0,130,93.6,NULL,NULL,18.00,20.00,13.00,517.00,NULL,0,'2022-09-27 01:54:04','2022-09-27 01:54:04','in_stock',0,'Botble\\ACL\\Models\\User',NULL,'physical'),(45,'Macbook Pro 2015',NULL,NULL,'published','[\"products\\/9.jpg\"]','HS-115-A0',0,15,0,1,0,1,1,0,129,NULL,NULL,NULL,19.00,20.00,18.00,576.00,NULL,0,'2022-09-27 01:54:04','2022-09-27 01:54:04','in_stock',0,'Botble\\ACL\\Models\\User',NULL,'physical'),(46,'Macbook Pro 2015',NULL,NULL,'published','[\"products\\/9-1.jpg\"]','HS-115-A0-A1',0,15,0,1,0,1,1,0,129,NULL,NULL,NULL,19.00,20.00,18.00,576.00,NULL,0,'2022-09-27 01:54:04','2022-09-27 01:54:04','in_stock',0,'Botble\\ACL\\Models\\User',NULL,'physical'),(47,'Macbook Pro 2015',NULL,NULL,'published','[\"products\\/9.jpg\"]','HS-115-A0-A2',0,15,0,1,0,1,1,0,129,NULL,NULL,NULL,19.00,20.00,18.00,576.00,NULL,0,'2022-09-27 01:54:04','2022-09-27 01:54:04','in_stock',0,'Botble\\ACL\\Models\\User',NULL,'physical'),(48,'Macbook Air 12 inch',NULL,NULL,'published','[\"products\\/10.jpg\"]','HS-141-A0',0,12,0,1,0,1,1,0,392,NULL,NULL,NULL,10.00,19.00,14.00,688.00,NULL,0,'2022-09-27 01:54:04','2022-09-27 01:54:04','in_stock',0,'Botble\\ACL\\Models\\User',NULL,'physical'),(49,'Macbook Air 12 inch',NULL,NULL,'published','[\"products\\/10-1.jpg\"]','HS-141-A0-A1',0,12,0,1,0,1,1,0,392,NULL,NULL,NULL,10.00,19.00,14.00,688.00,NULL,0,'2022-09-27 01:54:04','2022-09-27 01:54:04','in_stock',0,'Botble\\ACL\\Models\\User',NULL,'physical'),(50,'Apple Watch Serial 7',NULL,NULL,'published','[\"products\\/11.jpg\"]','HS-162-A0',0,18,0,1,0,5,1,0,118,NULL,NULL,NULL,20.00,10.00,10.00,712.00,NULL,0,'2022-09-27 01:54:04','2022-09-27 01:54:04','in_stock',0,'Botble\\ACL\\Models\\User',NULL,'physical'),(51,'Apple Watch Serial 7',NULL,NULL,'published','[\"products\\/11-1.jpg\"]','HS-162-A0-A1',0,18,0,1,0,5,1,0,118,NULL,NULL,NULL,20.00,10.00,10.00,712.00,NULL,0,'2022-09-27 01:54:04','2022-09-27 01:54:04','in_stock',0,'Botble\\ACL\\Models\\User',NULL,'physical'),(52,'Apple Watch Serial 7',NULL,NULL,'published','[\"products\\/11.jpg\"]','HS-162-A0-A2',0,18,0,1,0,5,1,0,118,NULL,NULL,NULL,20.00,10.00,10.00,712.00,NULL,0,'2022-09-27 01:54:04','2022-09-27 01:54:04','in_stock',0,'Botble\\ACL\\Models\\User',NULL,'physical'),(53,'Macbook Pro 13 inch',NULL,NULL,'published','[\"products\\/12.jpg\"]','HS-199-A0',0,10,0,1,0,1,1,0,121,91.96,NULL,NULL,18.00,15.00,19.00,640.00,NULL,0,'2022-09-27 01:54:04','2022-09-27 01:54:04','in_stock',0,'Botble\\ACL\\Models\\User',NULL,'physical'),(54,'Apple Keyboard',NULL,NULL,'published','[\"products\\/13.jpg\"]','HS-167-A0',0,10,0,1,0,1,1,0,118,NULL,NULL,NULL,20.00,20.00,17.00,698.00,NULL,0,'2022-09-27 01:54:04','2022-09-27 01:54:04','in_stock',0,'Botble\\ACL\\Models\\User',NULL,'physical'),(55,'Apple Keyboard',NULL,NULL,'published','[\"products\\/13-1.jpg\"]','HS-167-A0-A1',0,10,0,1,0,1,1,0,118,NULL,NULL,NULL,20.00,20.00,17.00,698.00,NULL,0,'2022-09-27 01:54:04','2022-09-27 01:54:04','in_stock',0,'Botble\\ACL\\Models\\User',NULL,'physical'),(56,'MacSafe 80W',NULL,NULL,'published','[\"products\\/14.jpg\"]','HS-161-A0',0,20,0,1,0,3,1,0,123,NULL,NULL,NULL,18.00,20.00,19.00,736.00,NULL,0,'2022-09-27 01:54:04','2022-09-27 01:54:04','in_stock',0,'Botble\\ACL\\Models\\User',NULL,'physical'),(57,'MacSafe 80W',NULL,NULL,'published','[\"products\\/14-1.jpg\"]','HS-161-A0-A1',0,20,0,1,0,3,1,0,123,NULL,NULL,NULL,18.00,20.00,19.00,736.00,NULL,0,'2022-09-27 01:54:04','2022-09-27 01:54:04','in_stock',0,'Botble\\ACL\\Models\\User',NULL,'physical'),(58,'MacSafe 80W',NULL,NULL,'published','[\"products\\/14.jpg\"]','HS-161-A0-A2',0,20,0,1,0,3,1,0,123,NULL,NULL,NULL,18.00,20.00,19.00,736.00,NULL,0,'2022-09-27 01:54:04','2022-09-27 01:54:04','in_stock',0,'Botble\\ACL\\Models\\User',NULL,'physical'),(59,'Hand playstation',NULL,NULL,'published','[\"products\\/15.jpg\"]','HS-198-A0',0,14,0,1,0,6,1,0,112,NULL,NULL,NULL,10.00,10.00,16.00,829.00,NULL,0,'2022-09-27 01:54:04','2022-09-27 01:54:04','in_stock',0,'Botble\\ACL\\Models\\User',NULL,'physical'),(60,'Apple Airpods Serial 3',NULL,NULL,'published','[\"products\\/16.jpg\"]','HS-113-A0',0,18,0,1,0,5,1,0,113,88.14,NULL,NULL,11.00,20.00,14.00,537.00,NULL,0,'2022-09-27 01:54:04','2022-09-27 01:54:04','in_stock',0,'Botble\\ACL\\Models\\User',NULL,'physical'),(61,'Cool Smart Watches',NULL,NULL,'published','[\"products\\/17.jpg\"]','HS-124-A0',0,16,0,1,0,1,1,0,117,NULL,NULL,NULL,20.00,15.00,13.00,658.00,NULL,0,'2022-09-27 01:54:04','2022-09-27 01:54:04','in_stock',0,'Botble\\ACL\\Models\\User',NULL,'physical'),(62,'Black Smart Watches',NULL,NULL,'published','[\"products\\/18.jpg\"]','HS-170-A0',0,17,0,1,0,5,1,0,110,NULL,NULL,NULL,11.00,10.00,13.00,829.00,NULL,0,'2022-09-27 01:54:04','2022-09-27 01:54:04','in_stock',0,'Botble\\ACL\\Models\\User',NULL,'physical'),(63,'Black Smart Watches',NULL,NULL,'published','[\"products\\/18-1.jpg\"]','HS-170-A0-A1',0,17,0,1,0,5,1,0,110,NULL,NULL,NULL,11.00,10.00,13.00,829.00,NULL,0,'2022-09-27 01:54:04','2022-09-27 01:54:04','in_stock',0,'Botble\\ACL\\Models\\User',NULL,'physical'),(64,'Black Smart Watches',NULL,NULL,'published','[\"products\\/18-2.jpg\"]','HS-170-A0-A2',0,17,0,1,0,5,1,0,110,NULL,NULL,NULL,11.00,10.00,13.00,829.00,NULL,0,'2022-09-27 01:54:04','2022-09-27 01:54:04','in_stock',0,'Botble\\ACL\\Models\\User',NULL,'physical'),(65,'Black Smart Watches',NULL,NULL,'published','[\"products\\/18.jpg\"]','HS-170-A0-A3',0,17,0,1,0,5,1,0,110,NULL,NULL,NULL,11.00,10.00,13.00,829.00,NULL,0,'2022-09-27 01:54:04','2022-09-27 01:54:04','in_stock',0,'Botble\\ACL\\Models\\User',NULL,'physical'),(66,'Leather Watch Band Serial 3',NULL,NULL,'published','[\"products\\/19.jpg\"]','HS-124-A0',0,15,0,1,0,1,1,0,119,NULL,NULL,NULL,11.00,17.00,17.00,535.00,NULL,0,'2022-09-27 01:54:04','2022-09-27 01:54:04','in_stock',0,'Botble\\ACL\\Models\\User',NULL,'physical'),(67,'Leather Watch Band Serial 3',NULL,NULL,'published','[\"products\\/19-1.jpg\"]','HS-124-A0-A1',0,15,0,1,0,1,1,0,119,NULL,NULL,NULL,11.00,17.00,17.00,535.00,NULL,0,'2022-09-27 01:54:04','2022-09-27 01:54:04','in_stock',0,'Botble\\ACL\\Models\\User',NULL,'physical'),(68,'Macbook Pro 2015 13 inch',NULL,NULL,'published','[\"products\\/20.jpg\"]','HS-195-A0',0,14,0,1,0,3,1,0,112,94.08,NULL,NULL,11.00,19.00,18.00,523.00,NULL,0,'2022-09-27 01:54:04','2022-09-27 01:54:04','in_stock',0,'Botble\\ACL\\Models\\User',NULL,'physical'),(69,'Macbook Pro 2015 13 inch',NULL,NULL,'published','[\"products\\/20-1.jpg\"]','HS-195-A0-A1',0,14,0,1,0,3,1,0,112,78.4,NULL,NULL,11.00,19.00,18.00,523.00,NULL,0,'2022-09-27 01:54:04','2022-09-27 01:54:04','in_stock',0,'Botble\\ACL\\Models\\User',NULL,'physical'),(70,'Macbook Pro 2015 13 inch',NULL,NULL,'published','[\"products\\/20.jpg\"]','HS-195-A0-A2',0,14,0,1,0,3,1,0,112,94.08,NULL,NULL,11.00,19.00,18.00,523.00,NULL,0,'2022-09-27 01:54:04','2022-09-27 01:54:04','in_stock',0,'Botble\\ACL\\Models\\User',NULL,'physical'),(71,'Historic Alarm Clock',NULL,NULL,'published','[\"products\\/21.jpg\"]','HS-104-A0',0,15,0,1,0,2,1,0,116,NULL,NULL,NULL,10.00,19.00,12.00,650.00,NULL,0,'2022-09-27 01:54:04','2022-09-27 01:54:04','in_stock',0,'Botble\\ACL\\Models\\User',NULL,'physical'),(72,'Historic Alarm Clock',NULL,NULL,'published','[\"products\\/21-1.jpg\"]','HS-104-A0-A1',0,15,0,1,0,2,1,0,116,NULL,NULL,NULL,10.00,19.00,12.00,650.00,NULL,0,'2022-09-27 01:54:04','2022-09-27 01:54:04','in_stock',0,'Botble\\ACL\\Models\\User',NULL,'physical'),(73,'Black Glasses',NULL,NULL,'published','[\"products\\/22.jpg\"]','HS-183-A0',0,13,0,1,0,7,1,0,124,NULL,NULL,NULL,10.00,10.00,10.00,856.00,NULL,0,'2022-09-27 01:54:04','2022-09-27 01:54:04','in_stock',0,'Botble\\ACL\\Models\\User',NULL,'physical'),(74,'Phillips Mouse',NULL,NULL,'published','[\"products\\/23.jpg\"]','HS-110-A0',0,17,0,1,0,3,1,0,116,NULL,NULL,NULL,19.00,18.00,11.00,756.00,NULL,0,'2022-09-27 01:54:04','2022-09-27 01:54:04','in_stock',0,'Botble\\ACL\\Models\\User',NULL,'physical'),(75,'Phillips Mouse',NULL,NULL,'published','[\"products\\/23-1.jpg\"]','HS-110-A0-A1',0,17,0,1,0,3,1,0,116,NULL,NULL,NULL,19.00,18.00,11.00,756.00,NULL,0,'2022-09-27 01:54:04','2022-09-27 01:54:04','in_stock',0,'Botble\\ACL\\Models\\User',NULL,'physical'),(76,'Phillips Mouse',NULL,NULL,'published','[\"products\\/23.jpg\"]','HS-110-A0-A2',0,17,0,1,0,3,1,0,116,NULL,NULL,NULL,19.00,18.00,11.00,756.00,NULL,0,'2022-09-27 01:54:04','2022-09-27 01:54:04','in_stock',0,'Botble\\ACL\\Models\\User',NULL,'physical'),(77,'Gaming Keyboard',NULL,NULL,'published','[\"products\\/24.jpg\"]','HS-176-A0',0,17,0,1,0,5,1,0,121,96.8,NULL,NULL,18.00,16.00,13.00,606.00,NULL,0,'2022-09-27 01:54:04','2022-09-27 01:54:04','in_stock',0,'Botble\\ACL\\Models\\User',NULL,'physical');
/*!40000 ALTER TABLE `ec_products` ENABLE KEYS */;
UNLOCK TABLES;

--
-- Table structure for table `ec_products_translations`
--

DROP TABLE IF EXISTS `ec_products_translations`;
/*!40101 SET @saved_cs_client     = @@character_set_client */;
/*!50503 SET character_set_client = utf8mb4 */;
CREATE TABLE `ec_products_translations` (
  `lang_code` varchar(191) COLLATE utf8mb4_unicode_ci NOT NULL,
  `ec_products_id` int NOT NULL,
  `name` varchar(191) COLLATE utf8mb4_unicode_ci DEFAULT NULL,
  `description` text COLLATE utf8mb4_unicode_ci,
  `content` text COLLATE utf8mb4_unicode_ci,
  PRIMARY KEY (`lang_code`,`ec_products_id`)
) ENGINE=InnoDB DEFAULT CHARSET=utf8mb4 COLLATE=utf8mb4_unicode_ci;
/*!40101 SET character_set_client = @saved_cs_client */;

--
-- Dumping data for table `ec_products_translations`
--

LOCK TABLES `ec_products_translations` WRITE;
/*!40000 ALTER TABLE `ec_products_translations` DISABLE KEYS */;
INSERT INTO `ec_products_translations` VALUES ('vi',1,'Loa thông minh',NULL,NULL),('vi',2,'Tai nghe Ultra Bass',NULL,NULL),('vi',3,'Tai nghe Bluetooth',NULL,NULL),('vi',4,'Chikie - Loa Bluetooth',NULL,NULL),('vi',5,'Camera Hikvision HK-35VS8',NULL,NULL),('vi',6,'Camera Samsung SS-24',NULL,NULL),('vi',7,'Dây đeo đồng hồ da',NULL,NULL),('vi',8,'Điện thoại Apple iPhone 13 Plus',NULL,NULL),('vi',9,'Máy tính Macbook Pro 2015',NULL,NULL),('vi',10,'Máy tính Macbook Air 12 inch',NULL,NULL),('vi',11,'Đồng hồ Apple Serial 7',NULL,NULL),('vi',12,'Máy tính Macbook Pro 13 inch',NULL,NULL),('vi',13,'Bàn phím Apple',NULL,NULL),('vi',14,'Cục sạc MacSafe 80W',NULL,NULL),('vi',15,'Tay cầm chơi game',NULL,NULL),('vi',16,'Apple Airpods Serial 3',NULL,NULL),('vi',17,'Cool Smart Watches',NULL,NULL),('vi',18,'Black Smart Watches',NULL,NULL),('vi',19,'Leather Watch Band Serial 3',NULL,NULL),('vi',20,'Macbook Pro 2015 13 inch',NULL,NULL),('vi',21,'Đồng hồ báo thức cổ điển',NULL,NULL),('vi',22,'Kính đen cool ngầu',NULL,NULL),('vi',23,'Chuột máy tính Phillips',NULL,NULL),('vi',24,'Bàn phím chơi game',NULL,NULL),('vi',25,'Loa thông minh',NULL,NULL),('vi',26,'Loa thông minh',NULL,NULL),('vi',27,'Loa thông minh',NULL,NULL),('vi',28,'Tai nghe Ultra Bass',NULL,NULL),('vi',29,'Tai nghe Ultra Bass',NULL,NULL),('vi',30,'Tai nghe Bluetooth',NULL,NULL),('vi',31,'Tai nghe Bluetooth',NULL,NULL),('vi',32,'Chikie - Loa Bluetooth',NULL,NULL),('vi',33,'Chikie - Loa Bluetooth',NULL,NULL),('vi',34,'Camera Hikvision HK-35VS8',NULL,NULL),('vi',35,'Camera Hikvision HK-35VS8',NULL,NULL),('vi',36,'Camera Hikvision HK-35VS8',NULL,NULL),('vi',37,'Camera Hikvision HK-35VS8',NULL,NULL),('vi',38,'Camera Samsung SS-24',NULL,NULL),('vi',39,'Dây đeo đồng hồ da',NULL,NULL),('vi',40,'Dây đeo đồng hồ da',NULL,NULL),('vi',41,'Dây đeo đồng hồ da',NULL,NULL),('vi',42,'Dây đeo đồng hồ da',NULL,NULL),('vi',43,'Dây đeo đồng hồ da',NULL,NULL),('vi',44,'Điện thoại Apple iPhone 13 Plus',NULL,NULL),('vi',45,'Máy tính Macbook Pro 2015',NULL,NULL),('vi',46,'Máy tính Macbook Pro 2015',NULL,NULL),('vi',47,'Máy tính Macbook Pro 2015',NULL,NULL),('vi',48,'Máy tính Macbook Air 12 inch',NULL,NULL),('vi',49,'Máy tính Macbook Air 12 inch',NULL,NULL),('vi',50,'Đồng hồ Apple Serial 7',NULL,NULL),('vi',51,'Đồng hồ Apple Serial 7',NULL,NULL),('vi',52,'Đồng hồ Apple Serial 7',NULL,NULL),('vi',53,'Máy tính Macbook Pro 13 inch',NULL,NULL),('vi',54,'Bàn phím Apple',NULL,NULL),('vi',55,'Bàn phím Apple',NULL,NULL),('vi',56,'Cục sạc MacSafe 80W',NULL,NULL),('vi',57,'Cục sạc MacSafe 80W',NULL,NULL),('vi',58,'Cục sạc MacSafe 80W',NULL,NULL),('vi',59,'Tay cầm chơi game',NULL,NULL),('vi',60,'Apple Airpods Serial 3',NULL,NULL),('vi',61,'Cool Smart Watches',NULL,NULL),('vi',62,'Black Smart Watches',NULL,NULL),('vi',63,'Black Smart Watches',NULL,NULL),('vi',64,'Black Smart Watches',NULL,NULL),('vi',65,'Black Smart Watches',NULL,NULL),('vi',66,'Leather Watch Band Serial 3',NULL,NULL),('vi',67,'Leather Watch Band Serial 3',NULL,NULL),('vi',68,'Macbook Pro 2015 13 inch',NULL,NULL),('vi',69,'Macbook Pro 2015 13 inch',NULL,NULL),('vi',70,'Macbook Pro 2015 13 inch',NULL,NULL),('vi',71,'Đồng hồ báo thức cổ điển',NULL,NULL),('vi',72,'Đồng hồ báo thức cổ điển',NULL,NULL),('vi',73,'Kính đen cool ngầu',NULL,NULL),('vi',74,'Chuột máy tính Phillips',NULL,NULL),('vi',75,'Chuột máy tính Phillips',NULL,NULL),('vi',76,'Chuột máy tính Phillips',NULL,NULL),('vi',77,'Bàn phím chơi game',NULL,NULL);
/*!40000 ALTER TABLE `ec_products_translations` ENABLE KEYS */;
UNLOCK TABLES;

--
-- Table structure for table `ec_reviews`
--

DROP TABLE IF EXISTS `ec_reviews`;
/*!40101 SET @saved_cs_client     = @@character_set_client */;
/*!50503 SET character_set_client = utf8mb4 */;
CREATE TABLE `ec_reviews` (
  `id` bigint unsigned NOT NULL AUTO_INCREMENT,
  `customer_id` int unsigned NOT NULL,
  `product_id` int unsigned NOT NULL,
  `star` double(8,2) NOT NULL,
  `comment` text CHARACTER SET utf8mb4 COLLATE utf8mb4_unicode_ci NOT NULL,
  `status` varchar(60) COLLATE utf8mb4_unicode_ci NOT NULL DEFAULT 'published',
  `created_at` timestamp NULL DEFAULT NULL,
  `updated_at` timestamp NULL DEFAULT NULL,
  `images` text COLLATE utf8mb4_unicode_ci,
  PRIMARY KEY (`id`),
  KEY `ec_reviews_product_id_customer_id_status_created_at_index` (`product_id`,`customer_id`,`status`,`created_at`),
  KEY `ec_reviews_product_id_customer_id_status_index` (`product_id`,`customer_id`,`status`)
) ENGINE=InnoDB AUTO_INCREMENT=101 DEFAULT CHARSET=utf8mb4 COLLATE=utf8mb4_unicode_ci;
/*!40101 SET character_set_client = @saved_cs_client */;

--
-- Dumping data for table `ec_reviews`
--

LOCK TABLES `ec_reviews` WRITE;
/*!40000 ALTER TABLE `ec_reviews` DISABLE KEYS */;
INSERT INTO `ec_reviews` VALUES (1,3,1,3.00,'It\'s not my first experience here on Codecanyon and I can honestly tell you all that Botble puts a LOT of effort into the support. They answer so fast, they helped me tons of times. REALLY by far THE BEST EXPERIENCE on Codecanyon. Those guys at Botble are so good that they deserve 5 stars. I recommend them, I trust them and I can\'t wait to see what they will sell in a near future. Thank you Botble :)','published','2022-09-27 01:54:06','2022-09-27 01:54:06','[\"products\\/4.jpg\"]'),(2,5,8,5.00,'We have received brilliant service support and will be expanding the features with the developer. Nice product!','published','2022-09-27 01:54:06','2022-09-27 01:54:06','[\"products\\/2.jpg\",\"products\\/7.jpg\",\"products\\/9.jpg\"]'),(3,1,23,5.00,'The best store template! Excellent coding! Very good support! Thank you so much for all the help, I really appreciated.','published','2022-09-27 01:54:06','2022-09-27 01:54:06','[\"products\\/2.jpg\",\"products\\/7.jpg\"]'),(4,3,22,2.00,'The best store template! Excellent coding! Very good support! Thank you so much for all the help, I really appreciated.','published','2022-09-27 01:54:06','2022-09-27 01:54:06','[\"products\\/4.jpg\",\"products\\/6.jpg\",\"products\\/19.jpg\"]'),(5,1,2,1.00,'Those guys now what they are doing, the release such a good product that it\'s a pleasure to work with ! Even when I was stuck on the project, I created a ticket and the next day it was replied by the team. GOOD JOB guys. I love working with them :)','published','2022-09-27 01:54:06','2022-09-27 01:54:06','{\"0\":\"products\\/2.jpg\",\"2\":\"products\\/23.jpg\"}'),(6,3,5,5.00,'Great E-commerce system. And much more : Wonderful Customer Support.','published','2022-09-27 01:54:06','2022-09-27 01:54:06','[\"products\\/3.jpg\",\"products\\/7.jpg\",\"products\\/18.jpg\"]'),(7,9,19,2.00,'The best store template! Excellent coding! Very good support! Thank you so much for all the help, I really appreciated.','published','2022-09-27 01:54:06','2022-09-27 01:54:06','[\"products\\/3.jpg\"]'),(8,10,4,2.00,'It\'s not my first experience here on Codecanyon and I can honestly tell you all that Botble puts a LOT of effort into the support. They answer so fast, they helped me tons of times. REALLY by far THE BEST EXPERIENCE on Codecanyon. Those guys at Botble are so good that they deserve 5 stars. I recommend them, I trust them and I can\'t wait to see what they will sell in a near future. Thank you Botble :)','published','2022-09-27 01:54:06','2022-09-27 01:54:06','[\"products\\/3.jpg\",\"products\\/7.jpg\"]'),(9,9,20,3.00,'I Love this Script. I also found how to add other fees. Now I just wait the BIG update for the Marketplace with the Bulk Import. Just do not forget to make it to be Multi-language for us the Botble Fans.','published','2022-09-27 01:54:06','2022-09-27 01:54:06','[\"products\\/2.jpg\",\"products\\/7.jpg\"]'),(10,5,7,2.00,'Great system, great support, good job Botble. I\'m looking forward to more great functional plugins.','published','2022-09-27 01:54:06','2022-09-27 01:54:06','[\"products\\/1.jpg\",\"products\\/6.jpg\"]'),(11,8,14,3.00,'Perfect +++++++++ i love it really also i get to fast ticket answers... Thanks Lot BOTBLE Teams','published','2022-09-27 01:54:06','2022-09-27 01:54:06','[\"products\\/3.jpg\",\"products\\/7.jpg\",\"products\\/16.jpg\"]'),(12,3,24,1.00,'These guys are amazing! Responses immediately, amazing support and help... I immediately feel at ease after Purchasing..','published','2022-09-27 01:54:06','2022-09-27 01:54:06','[\"products\\/3.jpg\"]'),(13,3,9,1.00,'Customer Support are grade (A*), however the code is a way too over engineered for it\'s purpose.','published','2022-09-27 01:54:06','2022-09-27 01:54:06','[\"products\\/1.jpg\",\"products\\/5.jpg\"]'),(14,6,6,1.00,'The best store template! Excellent coding! Very good support! Thank you so much for all the help, I really appreciated.','published','2022-09-27 01:54:06','2022-09-27 01:54:06','[\"products\\/2.jpg\"]'),(15,9,7,4.00,'Cool template. Excellent code quality. The support responds very quickly, which is very rare on themeforest and codecanyon.net, I buy a lot of templates, and everyone will have a response from technical support for two or three days. Thanks to tech support. I recommend to buy.','published','2022-09-27 01:54:06','2022-09-27 01:54:06','[\"products\\/3.jpg\"]'),(16,4,17,4.00,'Great system, great support, good job Botble. I\'m looking forward to more great functional plugins.','published','2022-09-27 01:54:06','2022-09-27 01:54:06','[\"products\\/2.jpg\",\"products\\/6.jpg\"]'),(17,2,21,2.00,'The best store template! Excellent coding! Very good support! Thank you so much for all the help, I really appreciated.','published','2022-09-27 01:54:06','2022-09-27 01:54:06','[\"products\\/4.jpg\",\"products\\/5.jpg\"]'),(18,1,4,2.00,'The script is the best of its class, fast, easy to implement and work with , and the most important thing is the great support team , Recommend with no doubt.','published','2022-09-27 01:54:06','2022-09-27 01:54:06','[\"products\\/4.jpg\",\"products\\/5.jpg\"]'),(19,10,11,2.00,'Customer Support are grade (A*), however the code is a way too over engineered for it\'s purpose.','published','2022-09-27 01:54:06','2022-09-27 01:54:06','[\"products\\/3.jpg\",\"products\\/7.jpg\",\"products\\/13.jpg\"]'),(20,3,10,4.00,'I Love this Script. I also found how to add other fees. Now I just wait the BIG update for the Marketplace with the Bulk Import. Just do not forget to make it to be Multi-language for us the Botble Fans.','published','2022-09-27 01:54:06','2022-09-27 01:54:06','[\"products\\/2.jpg\",\"products\\/6.jpg\"]'),(21,9,9,2.00,'This web app is really good in design, code quality & features. Besides, the customer support provided by the Botble team was really fast & helpful. You guys are awesome!','published','2022-09-27 01:54:06','2022-09-27 01:54:06','[\"products\\/3.jpg\",\"products\\/7.jpg\",\"products\\/13.jpg\"]'),(22,9,21,5.00,'Clean & perfect source code','published','2022-09-27 01:54:06','2022-09-27 01:54:06','[\"products\\/3.jpg\"]'),(23,3,7,4.00,'Perfect +++++++++ i love it really also i get to fast ticket answers... Thanks Lot BOTBLE Teams','published','2022-09-27 01:54:06','2022-09-27 01:54:06','[\"products\\/3.jpg\",\"products\\/6.jpg\",\"products\\/19.jpg\"]'),(24,6,11,2.00,'The best store template! Excellent coding! Very good support! Thank you so much for all the help, I really appreciated.','published','2022-09-27 01:54:06','2022-09-27 01:54:06','[\"products\\/2.jpg\"]'),(25,1,22,3.00,'Best ecommerce CMS online store!','published','2022-09-27 01:54:06','2022-09-27 01:54:06','[\"products\\/3.jpg\",\"products\\/5.jpg\"]'),(26,3,24,4.00,'Second or third time that I buy a Botble product, happy with the products and support. You guys do a good job :)','published','2022-09-27 01:54:06','2022-09-27 01:54:06','[\"products\\/2.jpg\",\"products\\/5.jpg\",\"products\\/15.jpg\"]'),(27,6,5,1.00,'Ok good product. I have some issues in customizations. But its not correct to blame the developer. The product is good. Good luck for your business.','published','2022-09-27 01:54:06','2022-09-27 01:54:06','[\"products\\/2.jpg\",\"products\\/6.jpg\",\"products\\/21.jpg\"]'),(28,2,19,2.00,'Second or third time that I buy a Botble product, happy with the products and support. You guys do a good job :)','published','2022-09-27 01:54:06','2022-09-27 01:54:06','[\"products\\/1.jpg\",\"products\\/5.jpg\",\"products\\/24.jpg\"]'),(29,8,11,4.00,'As a developer I reviewed this script. This is really awesome ecommerce script. I have convinced when I noticed that it\'s built on fully WordPress concept.','published','2022-09-27 01:54:06','2022-09-27 01:54:06','[\"products\\/1.jpg\",\"products\\/5.jpg\"]'),(30,1,21,5.00,'The code is good, in general, if you like it, can you give it 5 stars?','published','2022-09-27 01:54:06','2022-09-27 01:54:06','[\"products\\/3.jpg\"]'),(31,10,12,3.00,'Very enthusiastic support! Excellent code is written. It\'s a true pleasure working with.','published','2022-09-27 01:54:06','2022-09-27 01:54:06','[\"products\\/1.jpg\",\"products\\/7.jpg\"]'),(32,8,19,4.00,'Cool template. Excellent code quality. The support responds very quickly, which is very rare on themeforest and codecanyon.net, I buy a lot of templates, and everyone will have a response from technical support for two or three days. Thanks to tech support. I recommend to buy.','published','2022-09-27 01:54:06','2022-09-27 01:54:06','[\"products\\/2.jpg\"]'),(33,2,15,2.00,'Amazing code, amazing support. Overall, im really confident in Botble and im happy I made the right choice! Thank you so much guys for coding this masterpiece','published','2022-09-27 01:54:06','2022-09-27 01:54:06','[\"products\\/2.jpg\",\"products\\/7.jpg\"]'),(34,5,22,3.00,'Those guys now what they are doing, the release such a good product that it\'s a pleasure to work with ! Even when I was stuck on the project, I created a ticket and the next day it was replied by the team. GOOD JOB guys. I love working with them :)','published','2022-09-27 01:54:06','2022-09-27 01:54:06','[\"products\\/3.jpg\",\"products\\/6.jpg\",\"products\\/13.jpg\"]'),(35,10,6,3.00,'Perfect +++++++++ i love it really also i get to fast ticket answers... Thanks Lot BOTBLE Teams','published','2022-09-27 01:54:06','2022-09-27 01:54:06','[\"products\\/1.jpg\"]'),(36,2,22,4.00,'The best store template! Excellent coding! Very good support! Thank you so much for all the help, I really appreciated.','published','2022-09-27 01:54:06','2022-09-27 01:54:06','[\"products\\/3.jpg\",\"products\\/6.jpg\"]'),(37,2,6,5.00,'The best store template! Excellent coding! Very good support! Thank you so much for all the help, I really appreciated.','published','2022-09-27 01:54:06','2022-09-27 01:54:06','[\"products\\/3.jpg\",\"products\\/7.jpg\",\"products\\/18.jpg\"]'),(38,9,7,1.00,'Great system, great support, good job Botble. I\'m looking forward to more great functional plugins.','published','2022-09-27 01:54:06','2022-09-27 01:54:06','[\"products\\/2.jpg\"]'),(39,6,5,1.00,'Ok good product. I have some issues in customizations. But its not correct to blame the developer. The product is good. Good luck for your business.','published','2022-09-27 01:54:06','2022-09-27 01:54:06','[\"products\\/2.jpg\",\"products\\/6.jpg\",\"products\\/19.jpg\"]'),(40,2,1,5.00,'We have received brilliant service support and will be expanding the features with the developer. Nice product!','published','2022-09-27 01:54:06','2022-09-27 01:54:06','[\"products\\/3.jpg\",\"products\\/7.jpg\"]'),(41,9,13,3.00,'This script is well coded and is super fast. The support is pretty quick. Very patient and helpful team. I strongly recommend it and they deserve more than 5 stars.','published','2022-09-27 01:54:06','2022-09-27 01:54:06','[\"products\\/3.jpg\",\"products\\/6.jpg\"]'),(42,8,12,2.00,'Very enthusiastic support! Excellent code is written. It\'s a true pleasure working with.','published','2022-09-27 01:54:06','2022-09-27 01:54:06','[\"products\\/3.jpg\"]'),(43,4,18,3.00,'Amazing code, amazing support. Overall, im really confident in Botble and im happy I made the right choice! Thank you so much guys for coding this masterpiece','published','2022-09-27 01:54:06','2022-09-27 01:54:06','[\"products\\/2.jpg\",\"products\\/5.jpg\",\"products\\/15.jpg\"]'),(44,4,17,2.00,'Good app, good backup service and support. Good documentation.','published','2022-09-27 01:54:06','2022-09-27 01:54:06','[\"products\\/2.jpg\"]'),(45,5,4,4.00,'I Love this Script. I also found how to add other fees. Now I just wait the BIG update for the Marketplace with the Bulk Import. Just do not forget to make it to be Multi-language for us the Botble Fans.','published','2022-09-27 01:54:06','2022-09-27 01:54:06','[\"products\\/3.jpg\",\"products\\/5.jpg\"]'),(46,4,7,4.00,'The best store template! Excellent coding! Very good support! Thank you so much for all the help, I really appreciated.','published','2022-09-27 01:54:06','2022-09-27 01:54:06','[\"products\\/2.jpg\",\"products\\/5.jpg\"]'),(47,6,10,1.00,'The best store template! Excellent coding! Very good support! Thank you so much for all the help, I really appreciated.','published','2022-09-27 01:54:06','2022-09-27 01:54:06','[\"products\\/4.jpg\"]'),(48,3,5,1.00,'It\'s not my first experience here on Codecanyon and I can honestly tell you all that Botble puts a LOT of effort into the support. They answer so fast, they helped me tons of times. REALLY by far THE BEST EXPERIENCE on Codecanyon. Those guys at Botble are so good that they deserve 5 stars. I recommend them, I trust them and I can\'t wait to see what they will sell in a near future. Thank you Botble :)','published','2022-09-27 01:54:06','2022-09-27 01:54:06','[\"products\\/1.jpg\",\"products\\/5.jpg\"]'),(49,4,5,4.00,'Perfect +++++++++ i love it really also i get to fast ticket answers... Thanks Lot BOTBLE Teams','published','2022-09-27 01:54:06','2022-09-27 01:54:06','[\"products\\/4.jpg\",\"products\\/6.jpg\"]'),(50,6,12,1.00,'This script is well coded and is super fast. The support is pretty quick. Very patient and helpful team. I strongly recommend it and they deserve more than 5 stars.','published','2022-09-27 01:54:06','2022-09-27 01:54:06','[\"products\\/3.jpg\",\"products\\/6.jpg\",\"products\\/8.jpg\"]'),(51,1,9,3.00,'Great E-commerce system. And much more : Wonderful Customer Support.','published','2022-09-27 01:54:06','2022-09-27 01:54:06','{\"0\":\"products\\/4.jpg\",\"2\":\"products\\/22.jpg\"}'),(52,7,16,3.00,'Second or third time that I buy a Botble product, happy with the products and support. You guys do a good job :)','published','2022-09-27 01:54:06','2022-09-27 01:54:06','[\"products\\/2.jpg\"]'),(53,10,24,5.00,'The script is the best of its class, fast, easy to implement and work with , and the most important thing is the great support team , Recommend with no doubt.','published','2022-09-27 01:54:06','2022-09-27 01:54:06','[\"products\\/3.jpg\",\"products\\/6.jpg\",\"products\\/13.jpg\"]'),(54,6,5,2.00,'Ok good product. I have some issues in customizations. But its not correct to blame the developer. The product is good. Good luck for your business.','published','2022-09-27 01:54:06','2022-09-27 01:54:06','[\"products\\/2.jpg\",\"products\\/5.jpg\",\"products\\/15.jpg\"]'),(55,6,7,3.00,'The code is good, in general, if you like it, can you give it 5 stars?','published','2022-09-27 01:54:06','2022-09-27 01:54:06','[\"products\\/3.jpg\",\"products\\/6.jpg\"]'),(56,4,8,3.00,'Ok good product. I have some issues in customizations. But its not correct to blame the developer. The product is good. Good luck for your business.','published','2022-09-27 01:54:06','2022-09-27 01:54:06','[\"products\\/3.jpg\"]'),(57,5,16,4.00,'For me the best eCommerce script on Envato at this moment: modern, clean code, a lot of great features. The customer support is great too: I always get an answer within hours!','published','2022-09-27 01:54:06','2022-09-27 01:54:06','{\"0\":\"products\\/3.jpg\",\"2\":\"products\\/22.jpg\"}'),(58,7,24,4.00,'Solution is too robust for our purpose so we didn\'t use it at the end. But I appreciate customer support during initial configuration.','published','2022-09-27 01:54:06','2022-09-27 01:54:06','[\"products\\/3.jpg\",\"products\\/6.jpg\"]'),(59,4,17,4.00,'We have received brilliant service support and will be expanding the features with the developer. Nice product!','published','2022-09-27 01:54:06','2022-09-27 01:54:06','[\"products\\/4.jpg\",\"products\\/6.jpg\",\"products\\/14.jpg\"]'),(60,2,17,4.00,'Second or third time that I buy a Botble product, happy with the products and support. You guys do a good job :)','published','2022-09-27 01:54:06','2022-09-27 01:54:06','{\"0\":\"products\\/2.jpg\",\"2\":\"products\\/20.jpg\"}'),(61,1,12,2.00,'Solution is too robust for our purpose so we didn\'t use it at the end. But I appreciate customer support during initial configuration.','published','2022-09-27 01:54:06','2022-09-27 01:54:06','[\"products\\/1.jpg\",\"products\\/7.jpg\"]'),(62,10,3,1.00,'The best store template! Excellent coding! Very good support! Thank you so much for all the help, I really appreciated.','published','2022-09-27 01:54:06','2022-09-27 01:54:06','{\"0\":\"products\\/1.jpg\",\"2\":\"products\\/13.jpg\"}'),(63,3,19,1.00,'Those guys now what they are doing, the release such a good product that it\'s a pleasure to work with ! Even when I was stuck on the project, I created a ticket and the next day it was replied by the team. GOOD JOB guys. I love working with them :)','published','2022-09-27 01:54:06','2022-09-27 01:54:06','[\"products\\/4.jpg\"]'),(64,9,10,5.00,'I Love this Script. I also found how to add other fees. Now I just wait the BIG update for the Marketplace with the Bulk Import. Just do not forget to make it to be Multi-language for us the Botble Fans.','published','2022-09-27 01:54:06','2022-09-27 01:54:06','[\"products\\/3.jpg\"]'),(65,2,18,1.00,'Customer Support are grade (A*), however the code is a way too over engineered for it\'s purpose.','published','2022-09-27 01:54:06','2022-09-27 01:54:06','[\"products\\/3.jpg\"]'),(66,10,21,5.00,'The code is good, in general, if you like it, can you give it 5 stars?','published','2022-09-27 01:54:06','2022-09-27 01:54:06','{\"0\":\"products\\/3.jpg\",\"2\":\"products\\/15.jpg\"}'),(67,6,3,3.00,'The best ecommerce CMS! Excellent coding! best support service! Thank you so much..... I really like your hard work.','published','2022-09-27 01:54:06','2022-09-27 01:54:06','[\"products\\/3.jpg\",\"products\\/6.jpg\"]'),(68,8,6,4.00,'Perfect +++++++++ i love it really also i get to fast ticket answers... Thanks Lot BOTBLE Teams','published','2022-09-27 01:54:06','2022-09-27 01:54:06','[\"products\\/3.jpg\"]'),(69,4,11,2.00,'As a developer I reviewed this script. This is really awesome ecommerce script. I have convinced when I noticed that it\'s built on fully WordPress concept.','published','2022-09-27 01:54:06','2022-09-27 01:54:06','[\"products\\/3.jpg\",\"products\\/6.jpg\"]'),(70,10,7,1.00,'Very enthusiastic support! Excellent code is written. It\'s a true pleasure working with.','published','2022-09-27 01:54:06','2022-09-27 01:54:06','[\"products\\/3.jpg\"]'),(71,5,18,3.00,'The code is good, in general, if you like it, can you give it 5 stars?','published','2022-09-27 01:54:06','2022-09-27 01:54:06','[\"products\\/1.jpg\",\"products\\/6.jpg\"]'),(72,4,15,3.00,'Clean & perfect source code','published','2022-09-27 01:54:06','2022-09-27 01:54:06','[\"products\\/1.jpg\"]'),(73,3,13,2.00,'Best ecommerce CMS online store!','published','2022-09-27 01:54:06','2022-09-27 01:54:06','[\"products\\/4.jpg\"]'),(74,7,17,4.00,'The script is the best of its class, fast, easy to implement and work with , and the most important thing is the great support team , Recommend with no doubt.','published','2022-09-27 01:54:06','2022-09-27 01:54:06','[\"products\\/4.jpg\"]'),(75,1,13,5.00,'Very enthusiastic support! Excellent code is written. It\'s a true pleasure working with.','published','2022-09-27 01:54:06','2022-09-27 01:54:06','[\"products\\/4.jpg\",\"products\\/6.jpg\",\"products\\/17.jpg\"]'),(76,1,14,5.00,'Great E-commerce system. And much more : Wonderful Customer Support.','published','2022-09-27 01:54:06','2022-09-27 01:54:06','[\"products\\/4.jpg\",\"products\\/7.jpg\"]'),(77,7,14,1.00,'As a developer I reviewed this script. This is really awesome ecommerce script. I have convinced when I noticed that it\'s built on fully WordPress concept.','published','2022-09-27 01:54:06','2022-09-27 01:54:06','[\"products\\/3.jpg\",\"products\\/7.jpg\"]'),(78,2,22,1.00,'The best store template! Excellent coding! Very good support! Thank you so much for all the help, I really appreciated.','published','2022-09-27 01:54:06','2022-09-27 01:54:06','{\"0\":\"products\\/2.jpg\",\"2\":\"products\\/17.jpg\"}'),(79,6,11,4.00,'Amazing code, amazing support. Overall, im really confident in Botble and im happy I made the right choice! Thank you so much guys for coding this masterpiece','published','2022-09-27 01:54:06','2022-09-27 01:54:06','[\"products\\/1.jpg\"]'),(80,3,2,4.00,'For me the best eCommerce script on Envato at this moment: modern, clean code, a lot of great features. The customer support is great too: I always get an answer within hours!','published','2022-09-27 01:54:06','2022-09-27 01:54:06','{\"0\":\"products\\/2.jpg\",\"2\":\"products\\/19.jpg\"}'),(81,3,23,1.00,'Perfect +++++++++ i love it really also i get to fast ticket answers... Thanks Lot BOTBLE Teams','published','2022-09-27 01:54:06','2022-09-27 01:54:06','[\"products\\/2.jpg\",\"products\\/6.jpg\"]'),(82,4,13,2.00,'Great system, great support, good job Botble. I\'m looking forward to more great functional plugins.','published','2022-09-27 01:54:06','2022-09-27 01:54:06','[\"products\\/4.jpg\",\"products\\/7.jpg\"]'),(83,1,11,2.00,'Those guys now what they are doing, the release such a good product that it\'s a pleasure to work with ! Even when I was stuck on the project, I created a ticket and the next day it was replied by the team. GOOD JOB guys. I love working with them :)','published','2022-09-27 01:54:06','2022-09-27 01:54:06','[\"products\\/3.jpg\",\"products\\/6.jpg\",\"products\\/15.jpg\"]'),(84,8,10,1.00,'It\'s not my first experience here on Codecanyon and I can honestly tell you all that Botble puts a LOT of effort into the support. They answer so fast, they helped me tons of times. REALLY by far THE BEST EXPERIENCE on Codecanyon. Those guys at Botble are so good that they deserve 5 stars. I recommend them, I trust them and I can\'t wait to see what they will sell in a near future. Thank you Botble :)','published','2022-09-27 01:54:06','2022-09-27 01:54:06','[\"products\\/2.jpg\",\"products\\/7.jpg\"]'),(85,5,4,1.00,'For me the best eCommerce script on Envato at this moment: modern, clean code, a lot of great features. The customer support is great too: I always get an answer within hours!','published','2022-09-27 01:54:06','2022-09-27 01:54:06','[\"products\\/4.jpg\"]'),(86,7,24,5.00,'Customer Support are grade (A*), however the code is a way too over engineered for it\'s purpose.','published','2022-09-27 01:54:06','2022-09-27 01:54:06','[\"products\\/2.jpg\"]'),(87,10,9,2.00,'Great E-commerce system. And much more : Wonderful Customer Support.','published','2022-09-27 01:54:06','2022-09-27 01:54:06','[\"products\\/4.jpg\",\"products\\/7.jpg\"]'),(88,4,14,2.00,'Best ecommerce CMS online store!','published','2022-09-27 01:54:06','2022-09-27 01:54:06','[\"products\\/4.jpg\",\"products\\/5.jpg\"]'),(89,8,15,4.00,'This script is well coded and is super fast. The support is pretty quick. Very patient and helpful team. I strongly recommend it and they deserve more than 5 stars.','published','2022-09-27 01:54:06','2022-09-27 01:54:06','[\"products\\/3.jpg\",\"products\\/7.jpg\"]'),(90,5,1,4.00,'We have received brilliant service support and will be expanding the features with the developer. Nice product!','published','2022-09-27 01:54:06','2022-09-27 01:54:06','[\"products\\/2.jpg\",\"products\\/7.jpg\"]'),(91,3,13,2.00,'As a developer I reviewed this script. This is really awesome ecommerce script. I have convinced when I noticed that it\'s built on fully WordPress concept.','published','2022-09-27 01:54:06','2022-09-27 01:54:06','[\"products\\/3.jpg\",\"products\\/7.jpg\"]'),(92,1,21,5.00,'It\'s not my first experience here on Codecanyon and I can honestly tell you all that Botble puts a LOT of effort into the support. They answer so fast, they helped me tons of times. REALLY by far THE BEST EXPERIENCE on Codecanyon. Those guys at Botble are so good that they deserve 5 stars. I recommend them, I trust them and I can\'t wait to see what they will sell in a near future. Thank you Botble :)','published','2022-09-27 01:54:06','2022-09-27 01:54:06','[\"products\\/3.jpg\"]'),(93,4,21,2.00,'Second or third time that I buy a Botble product, happy with the products and support. You guys do a good job :)','published','2022-09-27 01:54:06','2022-09-27 01:54:06','[\"products\\/3.jpg\"]'),(94,10,2,5.00,'Amazing code, amazing support. Overall, im really confident in Botble and im happy I made the right choice! Thank you so much guys for coding this masterpiece','published','2022-09-27 01:54:06','2022-09-27 01:54:06','{\"0\":\"products\\/2.jpg\",\"2\":\"products\\/11.jpg\"}'),(95,6,3,3.00,'We have received brilliant service support and will be expanding the features with the developer. Nice product!','published','2022-09-27 01:54:06','2022-09-27 01:54:06','[\"products\\/1.jpg\",\"products\\/5.jpg\"]'),(96,2,20,5.00,'As a developer I reviewed this script. This is really awesome ecommerce script. I have convinced when I noticed that it\'s built on fully WordPress concept.','published','2022-09-27 01:54:06','2022-09-27 01:54:06','[\"products\\/4.jpg\",\"products\\/6.jpg\"]'),(97,9,16,1.00,'Ok good product. I have some issues in customizations. But its not correct to blame the developer. The product is good. Good luck for your business.','published','2022-09-27 01:54:06','2022-09-27 01:54:06','[\"products\\/2.jpg\",\"products\\/7.jpg\"]'),(98,1,17,3.00,'It\'s not my first experience here on Codecanyon and I can honestly tell you all that Botble puts a LOT of effort into the support. They answer so fast, they helped me tons of times. REALLY by far THE BEST EXPERIENCE on Codecanyon. Those guys at Botble are so good that they deserve 5 stars. I recommend them, I trust them and I can\'t wait to see what they will sell in a near future. Thank you Botble :)','published','2022-09-27 01:54:06','2022-09-27 01:54:06','[\"products\\/2.jpg\",\"products\\/6.jpg\"]'),(99,9,1,1.00,'Great E-commerce system. And much more : Wonderful Customer Support.','published','2022-09-27 01:54:06','2022-09-27 01:54:06','[\"products\\/2.jpg\"]'),(100,2,1,3.00,'The script is the best of its class, fast, easy to implement and work with , and the most important thing is the great support team , Recommend with no doubt.','published','2022-09-27 01:54:06','2022-09-27 01:54:06','[\"products\\/4.jpg\"]');
/*!40000 ALTER TABLE `ec_reviews` ENABLE KEYS */;
UNLOCK TABLES;

--
-- Table structure for table `ec_shipment_histories`
--

DROP TABLE IF EXISTS `ec_shipment_histories`;
/*!40101 SET @saved_cs_client     = @@character_set_client */;
/*!50503 SET character_set_client = utf8mb4 */;
CREATE TABLE `ec_shipment_histories` (
  `id` bigint unsigned NOT NULL AUTO_INCREMENT,
  `action` varchar(120) COLLATE utf8mb4_unicode_ci NOT NULL,
  `description` varchar(255) COLLATE utf8mb4_unicode_ci NOT NULL,
  `user_id` int unsigned DEFAULT NULL,
  `shipment_id` int unsigned NOT NULL,
  `order_id` int unsigned NOT NULL,
  `created_at` timestamp NULL DEFAULT NULL,
  `updated_at` timestamp NULL DEFAULT NULL,
  PRIMARY KEY (`id`)
) ENGINE=InnoDB AUTO_INCREMENT=49 DEFAULT CHARSET=utf8mb4 COLLATE=utf8mb4_unicode_ci;
/*!40101 SET character_set_client = @saved_cs_client */;

--
-- Dumping data for table `ec_shipment_histories`
--

LOCK TABLES `ec_shipment_histories` WRITE;
/*!40000 ALTER TABLE `ec_shipment_histories` DISABLE KEYS */;
INSERT INTO `ec_shipment_histories` VALUES (1,'create_from_order','Shipping was created from order %order_id%',0,1,1,'2022-09-22 01:54:06','2022-09-22 01:54:06'),(2,'update_status','Changed status of shipping to: Approved. Updated by: %user_name%',0,1,1,'2022-09-25 09:54:06','2022-09-27 01:54:06'),(3,'create_from_order','Shipping was created from order %order_id%',0,2,2,'2022-09-15 23:54:06','2022-09-15 23:54:06'),(4,'update_status','Changed status of shipping to: Approved. Updated by: %user_name%',0,2,2,'2022-09-25 11:54:06','2022-09-27 01:54:06'),(5,'create_from_order','Shipping was created from order %order_id%',0,3,3,'2022-09-13 13:54:06','2022-09-13 13:54:06'),(6,'update_status','Changed status of shipping to: Approved. Updated by: %user_name%',0,3,3,'2022-09-25 13:54:06','2022-09-27 01:54:06'),(7,'update_cod_status','Updated COD status to Completed . Updated by: %user_name%',0,3,3,'2022-09-27 01:54:06','2022-09-27 01:54:06'),(8,'update_status','Changed status of shipping to: Delivered. Updated by: %user_name%',0,3,3,'2022-09-27 01:54:06','2022-09-27 01:54:06'),(9,'create_from_order','Shipping was created from order %order_id%',0,4,4,'2022-09-12 21:54:06','2022-09-12 21:54:06'),(10,'update_status','Changed status of shipping to: Approved. Updated by: %user_name%',0,4,4,'2022-09-25 15:54:06','2022-09-27 01:54:06'),(11,'create_from_order','Shipping was created from order %order_id%',0,5,5,'2022-09-16 09:54:06','2022-09-16 09:54:06'),(12,'update_status','Changed status of shipping to: Approved. Updated by: %user_name%',0,5,5,'2022-09-25 17:54:06','2022-09-27 01:54:06'),(13,'create_from_order','Shipping was created from order %order_id%',0,6,6,'2022-09-14 13:54:06','2022-09-14 13:54:06'),(14,'update_status','Changed status of shipping to: Approved. Updated by: %user_name%',0,6,6,'2022-09-25 19:54:06','2022-09-27 01:54:06'),(15,'create_from_order','Shipping was created from order %order_id%',0,7,7,'2022-09-22 09:54:06','2022-09-22 09:54:06'),(16,'update_status','Changed status of shipping to: Approved. Updated by: %user_name%',0,7,7,'2022-09-25 21:54:06','2022-09-27 01:54:06'),(17,'create_from_order','Shipping was created from order %order_id%',0,8,8,'2022-09-25 23:54:06','2022-09-25 23:54:06'),(18,'update_status','Changed status of shipping to: Approved. Updated by: %user_name%',0,8,8,'2022-09-25 23:54:06','2022-09-27 01:54:06'),(19,'update_status','Changed status of shipping to: Delivered. Updated by: %user_name%',0,8,8,'2022-09-27 01:54:06','2022-09-27 01:54:06'),(20,'create_from_order','Shipping was created from order %order_id%',0,9,9,'2022-09-24 01:54:06','2022-09-24 01:54:06'),(21,'update_status','Changed status of shipping to: Approved. Updated by: %user_name%',0,9,9,'2022-09-26 01:54:06','2022-09-27 01:54:06'),(22,'update_status','Changed status of shipping to: Delivered. Updated by: %user_name%',0,9,9,'2022-09-27 01:54:06','2022-09-27 01:54:06'),(23,'create_from_order','Shipping was created from order %order_id%',0,10,10,'2022-09-20 15:54:06','2022-09-20 15:54:06'),(24,'update_status','Changed status of shipping to: Approved. Updated by: %user_name%',0,10,10,'2022-09-26 03:54:06','2022-09-27 01:54:06'),(25,'create_from_order','Shipping was created from order %order_id%',0,11,11,'2022-09-19 13:54:06','2022-09-19 13:54:06'),(26,'update_status','Changed status of shipping to: Approved. Updated by: %user_name%',0,11,11,'2022-09-26 05:54:06','2022-09-27 01:54:06'),(27,'create_from_order','Shipping was created from order %order_id%',0,12,12,'2022-09-25 13:54:06','2022-09-25 13:54:06'),(28,'update_status','Changed status of shipping to: Approved. Updated by: %user_name%',0,12,12,'2022-09-26 07:54:06','2022-09-27 01:54:06'),(29,'update_status','Changed status of shipping to: Delivered. Updated by: %user_name%',0,12,12,'2022-09-27 01:54:06','2022-09-27 01:54:06'),(30,'create_from_order','Shipping was created from order %order_id%',0,13,13,'2022-09-20 09:54:06','2022-09-20 09:54:06'),(31,'update_status','Changed status of shipping to: Approved. Updated by: %user_name%',0,13,13,'2022-09-26 09:54:06','2022-09-27 01:54:06'),(32,'update_status','Changed status of shipping to: Delivered. Updated by: %user_name%',0,13,13,'2022-09-27 01:54:06','2022-09-27 01:54:06'),(33,'create_from_order','Shipping was created from order %order_id%',0,14,14,'2022-09-26 11:54:06','2022-09-26 11:54:06'),(34,'update_status','Changed status of shipping to: Approved. Updated by: %user_name%',0,14,14,'2022-09-26 11:54:06','2022-09-27 01:54:06'),(35,'create_from_order','Shipping was created from order %order_id%',0,15,15,'2022-09-24 01:54:06','2022-09-24 01:54:06'),(36,'update_status','Changed status of shipping to: Approved. Updated by: %user_name%',0,15,15,'2022-09-26 13:54:06','2022-09-27 01:54:06'),(37,'create_from_order','Shipping was created from order %order_id%',0,16,16,'2022-09-26 05:54:06','2022-09-26 05:54:06'),(38,'update_status','Changed status of shipping to: Approved. Updated by: %user_name%',0,16,16,'2022-09-26 15:54:06','2022-09-27 01:54:06'),(39,'create_from_order','Shipping was created from order %order_id%',0,17,17,'2022-09-26 17:54:06','2022-09-26 17:54:06'),(40,'update_status','Changed status of shipping to: Approved. Updated by: %user_name%',0,17,17,'2022-09-26 17:54:06','2022-09-27 01:54:06'),(41,'create_from_order','Shipping was created from order %order_id%',0,18,18,'2022-09-26 01:54:06','2022-09-26 01:54:06'),(42,'update_status','Changed status of shipping to: Approved. Updated by: %user_name%',0,18,18,'2022-09-26 19:54:06','2022-09-27 01:54:06'),(43,'create_from_order','Shipping was created from order %order_id%',0,19,19,'2022-09-26 09:54:06','2022-09-26 09:54:06'),(44,'update_status','Changed status of shipping to: Approved. Updated by: %user_name%',0,19,19,'2022-09-26 21:54:06','2022-09-27 01:54:06'),(45,'update_status','Changed status of shipping to: Delivered. Updated by: %user_name%',0,19,19,'2022-09-27 01:54:06','2022-09-27 01:54:06'),(46,'create_from_order','Shipping was created from order %order_id%',0,20,20,'2022-09-26 07:54:06','2022-09-26 07:54:06'),(47,'update_status','Changed status of shipping to: Approved. Updated by: %user_name%',0,20,20,'2022-09-26 23:54:06','2022-09-27 01:54:06'),(48,'update_status','Changed status of shipping to: Delivered. Updated by: %user_name%',0,20,20,'2022-09-27 01:54:06','2022-09-27 01:54:06');
/*!40000 ALTER TABLE `ec_shipment_histories` ENABLE KEYS */;
UNLOCK TABLES;

--
-- Table structure for table `ec_shipments`
--

DROP TABLE IF EXISTS `ec_shipments`;
/*!40101 SET @saved_cs_client     = @@character_set_client */;
/*!50503 SET character_set_client = utf8mb4 */;
CREATE TABLE `ec_shipments` (
  `id` bigint unsigned NOT NULL AUTO_INCREMENT,
  `order_id` int unsigned NOT NULL,
  `user_id` int unsigned DEFAULT NULL,
  `weight` double(8,2) DEFAULT '0.00',
  `shipment_id` varchar(120) COLLATE utf8mb4_unicode_ci DEFAULT NULL,
  `note` varchar(120) COLLATE utf8mb4_unicode_ci DEFAULT NULL,
  `status` varchar(120) COLLATE utf8mb4_unicode_ci NOT NULL DEFAULT 'pending',
  `cod_amount` decimal(15,2) DEFAULT '0.00',
  `cod_status` varchar(60) COLLATE utf8mb4_unicode_ci NOT NULL DEFAULT 'pending',
  `cross_checking_status` varchar(60) COLLATE utf8mb4_unicode_ci NOT NULL DEFAULT 'pending',
  `price` decimal(15,2) DEFAULT '0.00',
  `store_id` int unsigned DEFAULT NULL,
  `created_at` timestamp NULL DEFAULT NULL,
  `updated_at` timestamp NULL DEFAULT NULL,
  `tracking_id` varchar(191) COLLATE utf8mb4_unicode_ci DEFAULT NULL,
  `shipping_company_name` varchar(191) COLLATE utf8mb4_unicode_ci DEFAULT NULL,
  `tracking_link` varchar(191) COLLATE utf8mb4_unicode_ci DEFAULT NULL,
  `estimate_date_shipped` datetime DEFAULT NULL,
  `date_shipped` datetime DEFAULT NULL,
  PRIMARY KEY (`id`)
) ENGINE=InnoDB AUTO_INCREMENT=21 DEFAULT CHARSET=utf8mb4 COLLATE=utf8mb4_unicode_ci;
/*!40101 SET character_set_client = @saved_cs_client */;

--
-- Dumping data for table `ec_shipments`
--

LOCK TABLES `ec_shipments` WRITE;
/*!40000 ALTER TABLE `ec_shipments` DISABLE KEYS */;
INSERT INTO `ec_shipments` VALUES (1,1,NULL,5665.00,NULL,'','approved',0.00,'completed','pending',0.00,0,'2022-09-27 01:54:06','2022-09-27 01:54:06','JJD004543931','GHN','https://mydhl.express.dhl/us/en/tracking.html#/track-by-reference','2022-09-30 08:54:06',NULL),(2,2,NULL,3218.00,NULL,'','approved',0.00,'completed','pending',0.00,0,'2022-09-27 01:54:06','2022-09-27 01:54:06','JJD0022232610','GHN','https://mydhl.express.dhl/us/en/tracking.html#/track-by-reference','2022-10-04 08:54:06',NULL),(3,3,NULL,3096.00,NULL,'','delivered',412.10,'completed','pending',0.00,0,'2022-09-27 01:54:06','2022-09-27 01:54:06','JJD0061808351','AliExpress','https://mydhl.express.dhl/us/en/tracking.html#/track-by-reference','2022-10-03 08:54:06','2022-09-27 08:54:06'),(4,4,NULL,3033.00,NULL,'','approved',0.00,'completed','pending',0.00,0,'2022-09-27 01:54:06','2022-09-27 01:54:06','JJD0066807121','AliExpress','https://mydhl.express.dhl/us/en/tracking.html#/track-by-reference','2022-10-07 08:54:06',NULL),(5,5,NULL,4208.00,NULL,'','approved',0.00,'completed','pending',0.00,0,'2022-09-27 01:54:06','2022-09-27 01:54:06','JJD0022025002','AliExpress','https://mydhl.express.dhl/us/en/tracking.html#/track-by-reference','2022-10-06 08:54:06',NULL),(6,6,NULL,3835.00,NULL,'','approved',0.00,'completed','pending',0.00,0,'2022-09-27 01:54:06','2022-09-27 01:54:06','JJD002681494','GHN','https://mydhl.express.dhl/us/en/tracking.html#/track-by-reference','2022-09-29 08:54:06',NULL),(7,7,NULL,4314.00,NULL,'','approved',0.00,'completed','pending',0.00,0,'2022-09-27 01:54:06','2022-09-27 01:54:06','JJD0037541029','DHL','https://mydhl.express.dhl/us/en/tracking.html#/track-by-reference','2022-09-29 08:54:06',NULL),(8,8,NULL,6378.00,NULL,'','delivered',0.00,'completed','pending',0.00,0,'2022-09-27 01:54:06','2022-09-27 01:54:06','JJD0073419495','DHL','https://mydhl.express.dhl/us/en/tracking.html#/track-by-reference','2022-10-05 08:54:06','2022-09-27 08:54:06'),(9,9,NULL,2852.00,NULL,'','delivered',0.00,'completed','pending',0.00,0,'2022-09-27 01:54:06','2022-09-27 01:54:06','JJD0090634328','FastShipping','https://mydhl.express.dhl/us/en/tracking.html#/track-by-reference','2022-10-03 08:54:06','2022-09-27 08:54:06'),(10,10,NULL,4476.00,NULL,'','approved',0.00,'completed','pending',0.00,0,'2022-09-27 01:54:06','2022-09-27 01:54:06','JJD0079171525','AliExpress','https://mydhl.express.dhl/us/en/tracking.html#/track-by-reference','2022-09-28 08:54:06',NULL),(11,11,NULL,5255.00,NULL,'','approved',0.00,'completed','pending',0.00,0,'2022-09-27 01:54:06','2022-09-27 01:54:06','JJD0074706029','GHN','https://mydhl.express.dhl/us/en/tracking.html#/track-by-reference','2022-10-04 08:54:06',NULL),(12,12,NULL,4412.00,NULL,'','delivered',0.00,'completed','pending',0.00,0,'2022-09-27 01:54:06','2022-09-27 01:54:06','JJD0048754943','GHN','https://mydhl.express.dhl/us/en/tracking.html#/track-by-reference','2022-10-05 08:54:06','2022-09-27 08:54:06'),(13,13,NULL,4896.00,NULL,'','delivered',0.00,'completed','pending',0.00,0,'2022-09-27 01:54:06','2022-09-27 01:54:06','JJD004310810','AliExpress','https://mydhl.express.dhl/us/en/tracking.html#/track-by-reference','2022-10-01 08:54:06','2022-09-27 08:54:06'),(14,14,NULL,5986.00,NULL,'','approved',0.00,'completed','pending',0.00,0,'2022-09-27 01:54:06','2022-09-27 01:54:06','JJD0094126399','AliExpress','https://mydhl.express.dhl/us/en/tracking.html#/track-by-reference','2022-09-29 08:54:06',NULL),(15,15,NULL,5065.00,NULL,'','approved',919.20,'pending','pending',0.00,0,'2022-09-27 01:54:06','2022-09-27 01:54:06','JJD0082148354','AliExpress','https://mydhl.express.dhl/us/en/tracking.html#/track-by-reference','2022-10-07 08:54:06',NULL),(16,16,NULL,4740.00,NULL,'','approved',0.00,'completed','pending',0.00,0,'2022-09-27 01:54:06','2022-09-27 01:54:06','JJD0017900502','FastShipping','https://mydhl.express.dhl/us/en/tracking.html#/track-by-reference','2022-10-05 08:54:06',NULL),(17,17,NULL,3844.00,NULL,'','approved',0.00,'completed','pending',0.00,0,'2022-09-27 01:54:06','2022-09-27 01:54:06','JJD0060718540','AliExpress','https://mydhl.express.dhl/us/en/tracking.html#/track-by-reference','2022-10-01 08:54:06',NULL),(18,18,NULL,2320.00,NULL,'','approved',0.00,'completed','pending',0.00,0,'2022-09-27 01:54:06','2022-09-27 01:54:06','JJD0023469863','AliExpress','https://mydhl.express.dhl/us/en/tracking.html#/track-by-reference','2022-09-28 08:54:06',NULL),(19,19,NULL,5634.00,NULL,'','delivered',0.00,'completed','pending',0.00,0,'2022-09-27 01:54:06','2022-09-27 01:54:06','JJD0053598721','FastShipping','https://mydhl.express.dhl/us/en/tracking.html#/track-by-reference','2022-10-07 08:54:06','2022-09-27 08:54:06'),(20,20,NULL,5346.00,NULL,'','delivered',0.00,'completed','pending',0.00,0,'2022-09-27 01:54:06','2022-09-27 01:54:06','JJD0097129406','GHN','https://mydhl.express.dhl/us/en/tracking.html#/track-by-reference','2022-10-06 08:54:06','2022-09-27 08:54:06');
/*!40000 ALTER TABLE `ec_shipments` ENABLE KEYS */;
UNLOCK TABLES;

--
-- Table structure for table `ec_shipping`
--

DROP TABLE IF EXISTS `ec_shipping`;
/*!40101 SET @saved_cs_client     = @@character_set_client */;
/*!50503 SET character_set_client = utf8mb4 */;
CREATE TABLE `ec_shipping` (
  `id` bigint unsigned NOT NULL AUTO_INCREMENT,
  `title` varchar(191) COLLATE utf8mb4_unicode_ci DEFAULT NULL,
  `country` varchar(120) COLLATE utf8mb4_unicode_ci DEFAULT NULL,
  `created_at` timestamp NULL DEFAULT NULL,
  `updated_at` timestamp NULL DEFAULT NULL,
  PRIMARY KEY (`id`)
) ENGINE=InnoDB AUTO_INCREMENT=2 DEFAULT CHARSET=utf8mb4 COLLATE=utf8mb4_unicode_ci;
/*!40101 SET character_set_client = @saved_cs_client */;

--
-- Dumping data for table `ec_shipping`
--

LOCK TABLES `ec_shipping` WRITE;
/*!40000 ALTER TABLE `ec_shipping` DISABLE KEYS */;
INSERT INTO `ec_shipping` VALUES (1,'All',NULL,'2022-09-27 01:54:06','2022-09-27 01:54:06');
/*!40000 ALTER TABLE `ec_shipping` ENABLE KEYS */;
UNLOCK TABLES;

--
-- Table structure for table `ec_shipping_rule_items`
--

DROP TABLE IF EXISTS `ec_shipping_rule_items`;
/*!40101 SET @saved_cs_client     = @@character_set_client */;
/*!50503 SET character_set_client = utf8mb4 */;
CREATE TABLE `ec_shipping_rule_items` (
  `id` bigint unsigned NOT NULL AUTO_INCREMENT,
  `shipping_rule_id` int unsigned NOT NULL,
  `country` varchar(120) COLLATE utf8mb4_unicode_ci DEFAULT NULL,
  `state` varchar(120) COLLATE utf8mb4_unicode_ci DEFAULT NULL,
  `city` varchar(120) COLLATE utf8mb4_unicode_ci DEFAULT NULL,
  `adjustment_price` decimal(15,2) DEFAULT '0.00',
  `is_enabled` tinyint(1) NOT NULL DEFAULT '1',
  `created_at` timestamp NULL DEFAULT NULL,
  `updated_at` timestamp NULL DEFAULT NULL,
  PRIMARY KEY (`id`)
) ENGINE=InnoDB DEFAULT CHARSET=utf8mb4 COLLATE=utf8mb4_unicode_ci;
/*!40101 SET character_set_client = @saved_cs_client */;

--
-- Dumping data for table `ec_shipping_rule_items`
--

LOCK TABLES `ec_shipping_rule_items` WRITE;
/*!40000 ALTER TABLE `ec_shipping_rule_items` DISABLE KEYS */;
/*!40000 ALTER TABLE `ec_shipping_rule_items` ENABLE KEYS */;
UNLOCK TABLES;

--
-- Table structure for table `ec_shipping_rules`
--

DROP TABLE IF EXISTS `ec_shipping_rules`;
/*!40101 SET @saved_cs_client     = @@character_set_client */;
/*!50503 SET character_set_client = utf8mb4 */;
CREATE TABLE `ec_shipping_rules` (
  `id` bigint unsigned NOT NULL AUTO_INCREMENT,
  `name` varchar(120) COLLATE utf8mb4_unicode_ci NOT NULL,
  `shipping_id` int unsigned NOT NULL,
  `type` enum('base_on_price','base_on_weight') COLLATE utf8mb4_unicode_ci DEFAULT 'base_on_price',
  `from` decimal(15,2) DEFAULT '0.00',
  `to` decimal(15,2) DEFAULT '0.00',
  `price` decimal(15,2) DEFAULT '0.00',
  `created_at` timestamp NULL DEFAULT NULL,
  `updated_at` timestamp NULL DEFAULT NULL,
  PRIMARY KEY (`id`)
) ENGINE=InnoDB AUTO_INCREMENT=4 DEFAULT CHARSET=utf8mb4 COLLATE=utf8mb4_unicode_ci;
/*!40101 SET character_set_client = @saved_cs_client */;

--
-- Dumping data for table `ec_shipping_rules`
--

LOCK TABLES `ec_shipping_rules` WRITE;
/*!40000 ALTER TABLE `ec_shipping_rules` DISABLE KEYS */;
INSERT INTO `ec_shipping_rules` VALUES (1,'Free shipping',1,'base_on_price',0.00,NULL,0.00,'2022-09-27 01:54:06','2022-09-27 01:54:06'),(2,'Local Pickup',1,'base_on_price',0.00,NULL,20.00,'2022-09-27 01:54:06','2022-09-27 01:54:06'),(3,'Flat Rate',1,'base_on_price',0.00,NULL,25.00,'2022-09-27 01:54:06','2022-09-27 01:54:06');
/*!40000 ALTER TABLE `ec_shipping_rules` ENABLE KEYS */;
UNLOCK TABLES;

--
-- Table structure for table `ec_store_locators`
--

DROP TABLE IF EXISTS `ec_store_locators`;
/*!40101 SET @saved_cs_client     = @@character_set_client */;
/*!50503 SET character_set_client = utf8mb4 */;
CREATE TABLE `ec_store_locators` (
  `id` bigint unsigned NOT NULL AUTO_INCREMENT,
  `name` varchar(60) COLLATE utf8mb4_unicode_ci NOT NULL,
  `email` varchar(60) COLLATE utf8mb4_unicode_ci DEFAULT NULL,
  `phone` varchar(20) COLLATE utf8mb4_unicode_ci NOT NULL,
  `address` varchar(255) COLLATE utf8mb4_unicode_ci NOT NULL,
  `country` varchar(120) COLLATE utf8mb4_unicode_ci DEFAULT NULL,
  `state` varchar(120) COLLATE utf8mb4_unicode_ci DEFAULT NULL,
  `city` varchar(120) COLLATE utf8mb4_unicode_ci DEFAULT NULL,
  `is_primary` tinyint(1) DEFAULT '0',
  `is_shipping_location` tinyint(1) DEFAULT '1',
  `created_at` timestamp NULL DEFAULT NULL,
  `updated_at` timestamp NULL DEFAULT NULL,
  PRIMARY KEY (`id`)
) ENGINE=InnoDB AUTO_INCREMENT=2 DEFAULT CHARSET=utf8mb4 COLLATE=utf8mb4_unicode_ci;
/*!40101 SET character_set_client = @saved_cs_client */;

--
-- Dumping data for table `ec_store_locators`
--

LOCK TABLES `ec_store_locators` WRITE;
/*!40000 ALTER TABLE `ec_store_locators` DISABLE KEYS */;
INSERT INTO `ec_store_locators` VALUES (1,'Wowy','sales@botble.com','18006268','North Link Building, 10 Admiralty Street','SG','Singapore','Singapore',1,1,'2022-09-27 01:54:06','2022-09-27 01:54:06');
/*!40000 ALTER TABLE `ec_store_locators` ENABLE KEYS */;
UNLOCK TABLES;

--
-- Table structure for table `ec_taxes`
--

DROP TABLE IF EXISTS `ec_taxes`;
/*!40101 SET @saved_cs_client     = @@character_set_client */;
/*!50503 SET character_set_client = utf8mb4 */;
CREATE TABLE `ec_taxes` (
  `id` bigint unsigned NOT NULL AUTO_INCREMENT,
  `title` varchar(191) COLLATE utf8mb4_unicode_ci DEFAULT NULL,
  `percentage` double(8,6) DEFAULT NULL,
  `priority` int DEFAULT NULL,
  `status` varchar(60) COLLATE utf8mb4_unicode_ci NOT NULL DEFAULT 'published',
  `created_at` timestamp NULL DEFAULT NULL,
  `updated_at` timestamp NULL DEFAULT NULL,
  PRIMARY KEY (`id`)
) ENGINE=InnoDB AUTO_INCREMENT=3 DEFAULT CHARSET=utf8mb4 COLLATE=utf8mb4_unicode_ci;
/*!40101 SET character_set_client = @saved_cs_client */;

--
-- Dumping data for table `ec_taxes`
--

LOCK TABLES `ec_taxes` WRITE;
/*!40000 ALTER TABLE `ec_taxes` DISABLE KEYS */;
INSERT INTO `ec_taxes` VALUES (1,'VAT',10.000000,1,'published','2022-09-27 01:54:05','2022-09-27 01:54:05'),(2,'None',0.000000,2,'published','2022-09-27 01:54:05','2022-09-27 01:54:05');
/*!40000 ALTER TABLE `ec_taxes` ENABLE KEYS */;
UNLOCK TABLES;

--
-- Table structure for table `ec_wish_lists`
--

DROP TABLE IF EXISTS `ec_wish_lists`;
/*!40101 SET @saved_cs_client     = @@character_set_client */;
/*!50503 SET character_set_client = utf8mb4 */;
CREATE TABLE `ec_wish_lists` (
  `id` bigint unsigned NOT NULL AUTO_INCREMENT,
  `customer_id` int unsigned NOT NULL,
  `product_id` int unsigned NOT NULL,
  `created_at` timestamp NULL DEFAULT NULL,
  `updated_at` timestamp NULL DEFAULT NULL,
  PRIMARY KEY (`id`),
  KEY `ec_wish_lists_product_id_customer_id_index` (`product_id`,`customer_id`)
) ENGINE=InnoDB DEFAULT CHARSET=utf8mb4 COLLATE=utf8mb4_unicode_ci;
/*!40101 SET character_set_client = @saved_cs_client */;

--
-- Dumping data for table `ec_wish_lists`
--

LOCK TABLES `ec_wish_lists` WRITE;
/*!40000 ALTER TABLE `ec_wish_lists` DISABLE KEYS */;
/*!40000 ALTER TABLE `ec_wish_lists` ENABLE KEYS */;
UNLOCK TABLES;

--
-- Table structure for table `failed_jobs`
--

DROP TABLE IF EXISTS `failed_jobs`;
/*!40101 SET @saved_cs_client     = @@character_set_client */;
/*!50503 SET character_set_client = utf8mb4 */;
CREATE TABLE `failed_jobs` (
  `id` bigint unsigned NOT NULL AUTO_INCREMENT,
  `uuid` varchar(191) COLLATE utf8mb4_unicode_ci NOT NULL,
  `connection` text COLLATE utf8mb4_unicode_ci NOT NULL,
  `queue` text COLLATE utf8mb4_unicode_ci NOT NULL,
  `payload` longtext COLLATE utf8mb4_unicode_ci NOT NULL,
  `exception` longtext COLLATE utf8mb4_unicode_ci NOT NULL,
  `failed_at` timestamp NOT NULL DEFAULT CURRENT_TIMESTAMP,
  PRIMARY KEY (`id`),
  UNIQUE KEY `failed_jobs_uuid_unique` (`uuid`)
) ENGINE=InnoDB DEFAULT CHARSET=utf8mb4 COLLATE=utf8mb4_unicode_ci;
/*!40101 SET character_set_client = @saved_cs_client */;

--
-- Dumping data for table `failed_jobs`
--

LOCK TABLES `failed_jobs` WRITE;
/*!40000 ALTER TABLE `failed_jobs` DISABLE KEYS */;
/*!40000 ALTER TABLE `failed_jobs` ENABLE KEYS */;
UNLOCK TABLES;

--
-- Table structure for table `faq_categories`
--

DROP TABLE IF EXISTS `faq_categories`;
/*!40101 SET @saved_cs_client     = @@character_set_client */;
/*!50503 SET character_set_client = utf8mb4 */;
CREATE TABLE `faq_categories` (
  `id` bigint unsigned NOT NULL AUTO_INCREMENT,
  `name` varchar(120) COLLATE utf8mb4_unicode_ci NOT NULL,
  `order` tinyint NOT NULL DEFAULT '0',
  `status` varchar(60) COLLATE utf8mb4_unicode_ci NOT NULL DEFAULT 'published',
  `created_at` timestamp NULL DEFAULT NULL,
  `updated_at` timestamp NULL DEFAULT NULL,
  PRIMARY KEY (`id`)
) ENGINE=InnoDB AUTO_INCREMENT=4 DEFAULT CHARSET=utf8mb4 COLLATE=utf8mb4_unicode_ci;
/*!40101 SET character_set_client = @saved_cs_client */;

--
-- Dumping data for table `faq_categories`
--

LOCK TABLES `faq_categories` WRITE;
/*!40000 ALTER TABLE `faq_categories` DISABLE KEYS */;
INSERT INTO `faq_categories` VALUES (1,'Shipping',0,'published','2022-09-27 01:54:12','2022-09-27 01:54:12'),(2,'Payment',1,'published','2022-09-27 01:54:12','2022-09-27 01:54:12'),(3,'Order & Returns',2,'published','2022-09-27 01:54:12','2022-09-27 01:54:12');
/*!40000 ALTER TABLE `faq_categories` ENABLE KEYS */;
UNLOCK TABLES;

--
-- Table structure for table `faq_categories_translations`
--

DROP TABLE IF EXISTS `faq_categories_translations`;
/*!40101 SET @saved_cs_client     = @@character_set_client */;
/*!50503 SET character_set_client = utf8mb4 */;
CREATE TABLE `faq_categories_translations` (
  `lang_code` varchar(191) COLLATE utf8mb4_unicode_ci NOT NULL,
  `faq_categories_id` int NOT NULL,
  `name` varchar(120) COLLATE utf8mb4_unicode_ci DEFAULT NULL,
  PRIMARY KEY (`lang_code`,`faq_categories_id`)
) ENGINE=InnoDB DEFAULT CHARSET=utf8mb4 COLLATE=utf8mb4_unicode_ci;
/*!40101 SET character_set_client = @saved_cs_client */;

--
-- Dumping data for table `faq_categories_translations`
--

LOCK TABLES `faq_categories_translations` WRITE;
/*!40000 ALTER TABLE `faq_categories_translations` DISABLE KEYS */;
INSERT INTO `faq_categories_translations` VALUES ('vi',1,'VẬN CHUYỂN'),('vi',2,'THANH TOÁN'),('vi',3,'ĐƠN HÀNG & HOÀN TRẢ');
/*!40000 ALTER TABLE `faq_categories_translations` ENABLE KEYS */;
UNLOCK TABLES;

--
-- Table structure for table `faqs`
--

DROP TABLE IF EXISTS `faqs`;
/*!40101 SET @saved_cs_client     = @@character_set_client */;
/*!50503 SET character_set_client = utf8mb4 */;
CREATE TABLE `faqs` (
  `id` bigint unsigned NOT NULL AUTO_INCREMENT,
  `question` text COLLATE utf8mb4_unicode_ci NOT NULL,
  `answer` text COLLATE utf8mb4_unicode_ci NOT NULL,
  `category_id` int unsigned NOT NULL,
  `status` varchar(60) COLLATE utf8mb4_unicode_ci NOT NULL DEFAULT 'published',
  `created_at` timestamp NULL DEFAULT NULL,
  `updated_at` timestamp NULL DEFAULT NULL,
  PRIMARY KEY (`id`)
) ENGINE=InnoDB AUTO_INCREMENT=11 DEFAULT CHARSET=utf8mb4 COLLATE=utf8mb4_unicode_ci;
/*!40101 SET character_set_client = @saved_cs_client */;

--
-- Dumping data for table `faqs`
--

LOCK TABLES `faqs` WRITE;
/*!40000 ALTER TABLE `faqs` DISABLE KEYS */;
INSERT INTO `faqs` VALUES (1,'What Shipping Methods Are Available?','Ex Portland Pitchfork irure mustache. Eutra fap before they sold out literally. Aliquip ugh bicycle rights actually mlkshk, seitan squid craft beer tempor.',1,'published','2022-09-27 01:54:12','2022-09-27 01:54:12'),(2,'Do You Ship Internationally?','Hoodie tote bag mixtape tofu. Typewriter jean shorts wolf quinoa, messenger bag organic freegan cray.',1,'published','2022-09-27 01:54:12','2022-09-27 01:54:12'),(3,'How Long Will It Take To Get My Package?','Swag slow-carb quinoa VHS typewriter pork belly brunch, paleo single-origin coffee Wes Anderson. Flexitarian Pitchfork forage, literally paleo fap pour-over. Wes Anderson Pinterest YOLO fanny pack meggings, deep v XOXO chambray sustainable slow-carb raw denim church-key fap chillwave Etsy. +1 typewriter kitsch, American Apparel tofu Banksy Vice.',1,'published','2022-09-27 01:54:12','2022-09-27 01:54:12'),(4,'What Payment Methods Are Accepted?','Fashion axe DIY jean shorts, swag kale chips meh polaroid kogi butcher Wes Anderson chambray next level semiotics gentrify yr. Voluptate photo booth fugiat Vice. Austin sed Williamsburg, ea labore raw denim voluptate cred proident mixtape excepteur mustache. Twee chia photo booth readymade food truck, hoodie roof party swag keytar PBR DIY.',2,'published','2022-09-27 01:54:12','2022-09-27 01:54:12'),(5,'Is Buying On-Line Safe?','Art party authentic freegan semiotics jean shorts chia cred. Neutra Austin roof party Brooklyn, synth Thundercats swag 8-bit photo booth. Plaid letterpress leggings craft beer meh ethical Pinterest.',2,'published','2022-09-27 01:54:12','2022-09-27 01:54:12'),(6,'How do I place an Order?','Keytar cray slow-carb, Godard banh mi salvia pour-over. Slow-carb Odd Future seitan normcore. Master cleanse American Apparel gentrify flexitarian beard slow-carb next level. Raw denim polaroid paleo farm-to-table, put a bird on it lo-fi tattooed Wes Anderson Pinterest letterpress. Fingerstache McSweeney’s pour-over, letterpress Schlitz photo booth master cleanse bespoke hashtag chillwave gentrify.',3,'published','2022-09-27 01:54:12','2022-09-27 01:54:12'),(7,'How Can I Cancel Or Change My Order?','Plaid letterpress leggings craft beer meh ethical Pinterest. Art party authentic freegan semiotics jean shorts chia cred. Neutra Austin roof party Brooklyn, synth Thundercats swag 8-bit photo booth.',3,'published','2022-09-27 01:54:12','2022-09-27 01:54:12'),(8,'Do I need an account to place an order?','Thundercats swag 8-bit photo booth. Plaid letterpress leggings craft beer meh ethical Pinterest. Twee chia photo booth readymade food truck, hoodie roof party swag keytar PBR DIY. Cray ugh 3 wolf moon fap, fashion axe irony butcher cornhole typewriter chambray VHS banjo street art.',3,'published','2022-09-27 01:54:12','2022-09-27 01:54:12'),(9,'How Do I Track My Order?','Keytar cray slow-carb, Godard banh mi salvia pour-over. Slow-carb @Odd Future seitan normcore. Master cleanse American Apparel gentrify flexitarian beard slow-carb next level.',3,'published','2022-09-27 01:54:12','2022-09-27 01:54:12'),(10,'How Can I Return a Product?','Kale chips Truffaut Williamsburg, hashtag fixie Pinterest raw denim c hambray drinking vinegar Carles street art Bushwick gastropub. Wolf Tumblr paleo church-key. Plaid food truck Echo Park YOLO bitters hella, direct trade Thundercats leggings quinoa before they sold out. You probably haven’t heard of them wayfarers authentic umami drinking vinegar Pinterest Cosby sweater, fingerstache fap High Life.',3,'published','2022-09-27 01:54:12','2022-09-27 01:54:12');
/*!40000 ALTER TABLE `faqs` ENABLE KEYS */;
UNLOCK TABLES;

--
-- Table structure for table `faqs_translations`
--

DROP TABLE IF EXISTS `faqs_translations`;
/*!40101 SET @saved_cs_client     = @@character_set_client */;
/*!50503 SET character_set_client = utf8mb4 */;
CREATE TABLE `faqs_translations` (
  `lang_code` varchar(191) COLLATE utf8mb4_unicode_ci NOT NULL,
  `faqs_id` int NOT NULL,
  `question` text COLLATE utf8mb4_unicode_ci,
  `answer` text COLLATE utf8mb4_unicode_ci,
  PRIMARY KEY (`lang_code`,`faqs_id`)
) ENGINE=InnoDB DEFAULT CHARSET=utf8mb4 COLLATE=utf8mb4_unicode_ci;
/*!40101 SET character_set_client = @saved_cs_client */;

--
-- Dumping data for table `faqs_translations`
--

LOCK TABLES `faqs_translations` WRITE;
/*!40000 ALTER TABLE `faqs_translations` DISABLE KEYS */;
INSERT INTO `faqs_translations` VALUES ('vi',1,'Có những phương thức vận chuyển nào?','Ex Portland Pitchfork irure ria mép. Eutra fap trước khi họ bán hết theo đúng nghĩa đen. Aliquip ugh quyền xe đạp thực sự mlkshk, rượu bia thủ công mực seitan. '),('vi',2,'Bạn có giao hàng quốc tế không?','Áo hoodie túi tote Tofu mixtape. Quần đùi jean đánh chữ Wolf quinoa, túi messenger hữu cơ freegan cray. '),('vi',3,'Mất bao lâu để nhận được gói hàng của tôi?','Bữa nửa buổi ăn sáng bằng bụng heo quay từ máy đánh chữ VHS, cà phê có nguồn gốc đơn Paleo, Wes Anderson. Khoan Pitchfork linh hoạt, theo nghĩa đen là đổ qua fap theo nghĩa đen. Wes Anderson Pinterest YOLO fanny pack meggings, deep v XOXO chambray bền vững slow-carb raw denim Church-key fap chillwave Etsy. +1 bộ dụng cụ đánh máy, đậu phụ Banksy Vice của American Apparel. '),('vi',4,'Phương thức thanh toán nào được chấp nhận?','Fashion Axe DIY jean shorts, swag kale chips meh polaroid kogi butcher Wes Anderson chambray next level semiotics gentrify yr. Quầy ảnh Voluptate fugiat Vice. Austin sed Williamsburg, ea labore raw denim voluptate cred proident mixtape excepteur ria mép. Twee chia gian hàng chụp ảnh xe bán đồ ăn sẵn, bữa tiệc trên mái áo hoodie swag keytar PBR DIY. '),('vi',5,'Mua trực tuyến có an toàn không?','Bữa tiệc nghệ thuật đích thực freegan semiotics jean shorts chia credit. Tiệc trên mái nhà Neutra Austin Brooklyn, Thundercats swag synth gian hàng ảnh 8-bit. Xà cạp letterpress kẻ sọc thủ công bia meh đạo đức Pinterest. '),('vi',6,'Làm cách nào để đặt hàng?','Keytar cray slow-carb, Godard banh mi salvia pour-over. Slow-carb Odd Định mức seitan trong tương lai. Master làm sạch American Apparel nhẹ nhàng làm sạch râu linh hoạt chậm carb cấp độ tiếp theo. Vải thô denim polaroid nhạt từ trang trại đến bàn, đặt một con chim trên đó hình xăm lo-fi Wes Anderson Pinterest letterpress. Bậc thầy gian hàng ảnh Schlitz của Fingerstache McSweeney đang làm sạch thẻ bắt đầu bằng hashtag theo yêu cầu riêng, chillwave gentrify. '),('vi',7,'Làm cách nào để tôi có thể hủy hoặc thay đổi đơn hàng của mình?','Xà cạp letterpress kẻ sọc thủ công bia meh đạo đức Pinterest. Bữa tiệc nghệ thuật đích thực freegan semiotics jean shorts chia tín. Tiệc trên mái nhà Neutra Austin ở Brooklyn, synth Thundercats có gian hàng ảnh 8-bit. '),('vi',8,'Tôi có cần tài khoản để đặt hàng không?','Thundercats làm lung lay gian hàng ảnh 8-bit. Xà cạp letterpress kẻ sọc thủ công bia meh đạo đức Pinterest. Twee chia ảnh gian hàng xe bán thức ăn làm sẵn, bữa tiệc trên mái áo hoodie swag keytar PBR DIY. Cray ugh 3 wolf moon fap, rìu thời trang mỉa mai người bán thịt máy đánh chữ chambray VHS banjo nghệ thuật đường phố. '),('vi',9,'Làm cách nào để theo dõi đơn hàng của tôi?','Keytar cray slow-carb, Godard banh mi salvia pour-over. Slow-carb @Odd Định mức seitan trong tương lai. Bậc thầy làm sạch American Apparel nhẹ nhàng làm sạch râu linh hoạt theo kiểu chậm carb cấp độ tiếp theo. '),('vi',10,'Làm cách nào để trả lại sản phẩm?','Kale chips Truffaut Williamsburg, fixie hashtag Pinterest raw denim c hambray uống giấm Carles street art Bushwick gastropub. Chìa khóa nhà thờ Wolf Tumblr. Xe tải thực phẩm kẻ sọc Echo Park YOLO cắn hella, giao dịch trực tiếp Thundercats legging quinoa trước khi bán hết. Có thể bạn chưa từng nghe nói về họ những người truyền bá vị umami đích thực uống giấm Pinterest Áo len Cosby, fingerstache fap High Life. ');
/*!40000 ALTER TABLE `faqs_translations` ENABLE KEYS */;
UNLOCK TABLES;

--
-- Table structure for table `jobs`
--

DROP TABLE IF EXISTS `jobs`;
/*!40101 SET @saved_cs_client     = @@character_set_client */;
/*!50503 SET character_set_client = utf8mb4 */;
CREATE TABLE `jobs` (
  `id` bigint unsigned NOT NULL AUTO_INCREMENT,
  `queue` varchar(191) COLLATE utf8mb4_unicode_ci NOT NULL,
  `payload` longtext COLLATE utf8mb4_unicode_ci NOT NULL,
  `attempts` tinyint unsigned NOT NULL,
  `reserved_at` int unsigned DEFAULT NULL,
  `available_at` int unsigned NOT NULL,
  `created_at` int unsigned NOT NULL,
  PRIMARY KEY (`id`),
  KEY `jobs_queue_index` (`queue`)
) ENGINE=InnoDB DEFAULT CHARSET=utf8mb4 COLLATE=utf8mb4_unicode_ci;
/*!40101 SET character_set_client = @saved_cs_client */;

--
-- Dumping data for table `jobs`
--

LOCK TABLES `jobs` WRITE;
/*!40000 ALTER TABLE `jobs` DISABLE KEYS */;
/*!40000 ALTER TABLE `jobs` ENABLE KEYS */;
UNLOCK TABLES;

--
-- Table structure for table `language_meta`
--

DROP TABLE IF EXISTS `language_meta`;
/*!40101 SET @saved_cs_client     = @@character_set_client */;
/*!50503 SET character_set_client = utf8mb4 */;
CREATE TABLE `language_meta` (
  `lang_meta_id` int unsigned NOT NULL AUTO_INCREMENT,
  `lang_meta_code` text COLLATE utf8mb4_unicode_ci,
  `lang_meta_origin` varchar(255) COLLATE utf8mb4_unicode_ci NOT NULL,
  `reference_id` int unsigned NOT NULL,
  `reference_type` varchar(120) COLLATE utf8mb4_unicode_ci NOT NULL,
  PRIMARY KEY (`lang_meta_id`),
  KEY `language_meta_reference_id_index` (`reference_id`)
) ENGINE=InnoDB AUTO_INCREMENT=17 DEFAULT CHARSET=utf8mb4 COLLATE=utf8mb4_unicode_ci;
/*!40101 SET character_set_client = @saved_cs_client */;

--
-- Dumping data for table `language_meta`
--

LOCK TABLES `language_meta` WRITE;
/*!40000 ALTER TABLE `language_meta` DISABLE KEYS */;
INSERT INTO `language_meta` VALUES (1,'en_US','b01dee97c981f030ab3fe661f5969f38',1,'Botble\\SimpleSlider\\Models\\SimpleSlider'),(2,'en_US','2b2cf331c6eae9e3bc099b2d186ceb02',2,'Botble\\SimpleSlider\\Models\\SimpleSlider'),(3,'en_US','7796a81e2a54ff10f320352115886b5f',3,'Botble\\SimpleSlider\\Models\\SimpleSlider'),(4,'en_US','93cefb454fc39dcc9e4bed47804fd2f8',4,'Botble\\SimpleSlider\\Models\\SimpleSlider'),(5,'vi','b01dee97c981f030ab3fe661f5969f38',5,'Botble\\SimpleSlider\\Models\\SimpleSlider'),(6,'vi','2b2cf331c6eae9e3bc099b2d186ceb02',6,'Botble\\SimpleSlider\\Models\\SimpleSlider'),(7,'vi','7796a81e2a54ff10f320352115886b5f',7,'Botble\\SimpleSlider\\Models\\SimpleSlider'),(8,'vi','93cefb454fc39dcc9e4bed47804fd2f8',8,'Botble\\SimpleSlider\\Models\\SimpleSlider'),(9,'en_US','745180ead70057290020a2f42a982987',1,'Botble\\Menu\\Models\\MenuLocation'),(10,'en_US','d6abd53a4eb90237b8eb4caa81671003',1,'Botble\\Menu\\Models\\Menu'),(11,'en_US','a5b4ce260606d0d89d69dfea2b1f1734',2,'Botble\\Menu\\Models\\Menu'),(12,'en_US','9c346195beed5b0fba9864b3783835c4',3,'Botble\\Menu\\Models\\Menu'),(13,'vi','962ff2ca61356e3dea274b76d5ebc705',2,'Botble\\Menu\\Models\\MenuLocation'),(14,'vi','d6abd53a4eb90237b8eb4caa81671003',4,'Botble\\Menu\\Models\\Menu'),(15,'vi','a5b4ce260606d0d89d69dfea2b1f1734',5,'Botble\\Menu\\Models\\Menu'),(16,'vi','9c346195beed5b0fba9864b3783835c4',6,'Botble\\Menu\\Models\\Menu');
/*!40000 ALTER TABLE `language_meta` ENABLE KEYS */;
UNLOCK TABLES;

--
-- Table structure for table `languages`
--

DROP TABLE IF EXISTS `languages`;
/*!40101 SET @saved_cs_client     = @@character_set_client */;
/*!50503 SET character_set_client = utf8mb4 */;
CREATE TABLE `languages` (
  `lang_id` int unsigned NOT NULL AUTO_INCREMENT,
  `lang_name` varchar(120) COLLATE utf8mb4_unicode_ci NOT NULL,
  `lang_locale` varchar(20) COLLATE utf8mb4_unicode_ci NOT NULL,
  `lang_code` varchar(20) COLLATE utf8mb4_unicode_ci NOT NULL,
  `lang_flag` varchar(20) COLLATE utf8mb4_unicode_ci DEFAULT NULL,
  `lang_is_default` tinyint unsigned NOT NULL DEFAULT '0',
  `lang_order` int NOT NULL DEFAULT '0',
  `lang_is_rtl` tinyint unsigned NOT NULL DEFAULT '0',
  PRIMARY KEY (`lang_id`)
) ENGINE=InnoDB AUTO_INCREMENT=3 DEFAULT CHARSET=utf8mb4 COLLATE=utf8mb4_unicode_ci;
/*!40101 SET character_set_client = @saved_cs_client */;

--
-- Dumping data for table `languages`
--

LOCK TABLES `languages` WRITE;
/*!40000 ALTER TABLE `languages` DISABLE KEYS */;
INSERT INTO `languages` VALUES (1,'English','en','en_US','us',1,0,0),(2,'Tiếng Việt','vi','vi','vn',0,0,0);
/*!40000 ALTER TABLE `languages` ENABLE KEYS */;
UNLOCK TABLES;

--
-- Table structure for table `media_files`
--

DROP TABLE IF EXISTS `media_files`;
/*!40101 SET @saved_cs_client     = @@character_set_client */;
/*!50503 SET character_set_client = utf8mb4 */;
CREATE TABLE `media_files` (
  `id` bigint unsigned NOT NULL AUTO_INCREMENT,
  `user_id` int unsigned NOT NULL,
  `name` varchar(255) COLLATE utf8mb4_unicode_ci NOT NULL,
  `folder_id` int unsigned NOT NULL DEFAULT '0',
  `mime_type` varchar(120) COLLATE utf8mb4_unicode_ci NOT NULL,
  `size` int NOT NULL,
  `url` varchar(255) COLLATE utf8mb4_unicode_ci NOT NULL,
  `options` text COLLATE utf8mb4_unicode_ci,
  `created_at` timestamp NULL DEFAULT NULL,
  `updated_at` timestamp NULL DEFAULT NULL,
  `deleted_at` timestamp NULL DEFAULT NULL,
  PRIMARY KEY (`id`),
  KEY `media_files_user_id_index` (`user_id`),
  KEY `media_files_index` (`folder_id`,`user_id`,`created_at`)
) ENGINE=InnoDB AUTO_INCREMENT=120 DEFAULT CHARSET=utf8mb4 COLLATE=utf8mb4_unicode_ci;
/*!40101 SET character_set_client = @saved_cs_client */;

--
-- Dumping data for table `media_files`
--

LOCK TABLES `media_files` WRITE;
/*!40000 ALTER TABLE `media_files` DISABLE KEYS */;
INSERT INTO `media_files` VALUES (1,0,'1',1,'image/png',1318,'brands/1.png','[]','2022-09-27 01:53:54','2022-09-27 01:53:54',NULL),(2,0,'2',1,'image/png',999,'brands/2.png','[]','2022-09-27 01:53:54','2022-09-27 01:53:54',NULL),(3,0,'3',1,'image/png',1251,'brands/3.png','[]','2022-09-27 01:53:54','2022-09-27 01:53:54',NULL),(4,0,'4',1,'image/png',1539,'brands/4.png','[]','2022-09-27 01:53:54','2022-09-27 01:53:54',NULL),(5,0,'5',1,'image/png',1058,'brands/5.png','[]','2022-09-27 01:53:54','2022-09-27 01:53:54',NULL),(6,0,'6',1,'image/png',4165,'brands/6.png','[]','2022-09-27 01:53:54','2022-09-27 01:53:54',NULL),(7,0,'7',1,'image/png',1260,'brands/7.png','[]','2022-09-27 01:53:54','2022-09-27 01:53:54',NULL),(8,0,'1',2,'image/jpeg',75180,'product-categories/1.jpg','[]','2022-09-27 01:53:54','2022-09-27 01:53:54',NULL),(9,0,'2',2,'image/jpeg',81345,'product-categories/2.jpg','[]','2022-09-27 01:53:54','2022-09-27 01:53:54',NULL),(10,0,'3',2,'image/jpeg',99137,'product-categories/3.jpg','[]','2022-09-27 01:53:55','2022-09-27 01:53:55',NULL),(11,0,'4',2,'image/jpeg',108690,'product-categories/4.jpg','[]','2022-09-27 01:53:55','2022-09-27 01:53:55',NULL),(12,0,'5',2,'image/jpeg',53952,'product-categories/5.jpg','[]','2022-09-27 01:53:55','2022-09-27 01:53:55',NULL),(13,0,'6',2,'image/jpeg',47088,'product-categories/6.jpg','[]','2022-09-27 01:53:55','2022-09-27 01:53:55',NULL),(14,0,'7',2,'image/jpeg',48248,'product-categories/7.jpg','[]','2022-09-27 01:53:55','2022-09-27 01:53:55',NULL),(15,0,'8',2,'image/jpeg',67235,'product-categories/8.jpg','[]','2022-09-27 01:53:55','2022-09-27 01:53:55',NULL),(16,0,'1-1',3,'image/jpeg',88437,'products/1-1.jpg','[]','2022-09-27 01:53:55','2022-09-27 01:53:55',NULL),(17,0,'1-2',3,'image/jpeg',122690,'products/1-2.jpg','[]','2022-09-27 01:53:55','2022-09-27 01:53:55',NULL),(18,0,'1-3',3,'image/jpeg',117296,'products/1-3.jpg','[]','2022-09-27 01:53:55','2022-09-27 01:53:55',NULL),(19,0,'1',3,'image/jpeg',139025,'products/1.jpg','[]','2022-09-27 01:53:55','2022-09-27 01:53:55',NULL),(20,0,'10-1',3,'image/jpeg',183491,'products/10-1.jpg','[]','2022-09-27 01:53:55','2022-09-27 01:53:55',NULL),(21,0,'10',3,'image/jpeg',150956,'products/10.jpg','[]','2022-09-27 01:53:56','2022-09-27 01:53:56',NULL),(22,0,'11-1',3,'image/jpeg',246200,'products/11-1.jpg','[]','2022-09-27 01:53:56','2022-09-27 01:53:56',NULL),(23,0,'11',3,'image/jpeg',279390,'products/11.jpg','[]','2022-09-27 01:53:56','2022-09-27 01:53:56',NULL),(24,0,'12-1',3,'image/jpeg',249712,'products/12-1.jpg','[]','2022-09-27 01:53:56','2022-09-27 01:53:56',NULL),(25,0,'12',3,'image/jpeg',172221,'products/12.jpg','[]','2022-09-27 01:53:56','2022-09-27 01:53:56',NULL),(26,0,'13-1',3,'image/jpeg',257021,'products/13-1.jpg','[]','2022-09-27 01:53:56','2022-09-27 01:53:56',NULL),(27,0,'13',3,'image/jpeg',232917,'products/13.jpg','[]','2022-09-27 01:53:56','2022-09-27 01:53:56',NULL),(28,0,'14-1',3,'image/jpeg',201773,'products/14-1.jpg','[]','2022-09-27 01:53:56','2022-09-27 01:53:56',NULL),(29,0,'14',3,'image/jpeg',287194,'products/14.jpg','[]','2022-09-27 01:53:57','2022-09-27 01:53:57',NULL),(30,0,'15-1',3,'image/jpeg',273720,'products/15-1.jpg','[]','2022-09-27 01:53:57','2022-09-27 01:53:57',NULL),(31,0,'15',3,'image/jpeg',114265,'products/15.jpg','[]','2022-09-27 01:53:57','2022-09-27 01:53:57',NULL),(32,0,'16',3,'image/jpeg',97174,'products/16.jpg','[]','2022-09-27 01:53:57','2022-09-27 01:53:57',NULL),(33,0,'17',3,'image/jpeg',70179,'products/17.jpg','[]','2022-09-27 01:53:57','2022-09-27 01:53:57',NULL),(34,0,'18-1',3,'image/jpeg',287835,'products/18-1.jpg','[]','2022-09-27 01:53:57','2022-09-27 01:53:57',NULL),(35,0,'18-2',3,'image/jpeg',454869,'products/18-2.jpg','[]','2022-09-27 01:53:58','2022-09-27 01:53:58',NULL),(36,0,'18',3,'image/jpeg',257331,'products/18.jpg','[]','2022-09-27 01:53:58','2022-09-27 01:53:58',NULL),(37,0,'19-1',3,'image/jpeg',144008,'products/19-1.jpg','[]','2022-09-27 01:53:59','2022-09-27 01:53:59',NULL),(38,0,'19',3,'image/jpeg',188821,'products/19.jpg','[]','2022-09-27 01:53:59','2022-09-27 01:53:59',NULL),(39,0,'2-1',3,'image/jpeg',138167,'products/2-1.jpg','[]','2022-09-27 01:53:59','2022-09-27 01:53:59',NULL),(40,0,'2-2',3,'image/jpeg',230552,'products/2-2.jpg','[]','2022-09-27 01:53:59','2022-09-27 01:53:59',NULL),(41,0,'2-3',3,'image/jpeg',179301,'products/2-3.jpg','[]','2022-09-27 01:53:59','2022-09-27 01:53:59',NULL),(42,0,'2',3,'image/jpeg',130048,'products/2.jpg','[]','2022-09-27 01:53:59','2022-09-27 01:53:59',NULL),(43,0,'20-1',3,'image/jpeg',249712,'products/20-1.jpg','[]','2022-09-27 01:53:59','2022-09-27 01:53:59',NULL),(44,0,'20',3,'image/jpeg',172221,'products/20.jpg','[]','2022-09-27 01:53:59','2022-09-27 01:53:59',NULL),(45,0,'21-1',3,'image/jpeg',260746,'products/21-1.jpg','[]','2022-09-27 01:54:00','2022-09-27 01:54:00',NULL),(46,0,'21',3,'image/jpeg',124244,'products/21.jpg','[]','2022-09-27 01:54:00','2022-09-27 01:54:00',NULL),(47,0,'22-1',3,'image/jpeg',213139,'products/22-1.jpg','[]','2022-09-27 01:54:00','2022-09-27 01:54:00',NULL),(48,0,'22',3,'image/jpeg',105409,'products/22.jpg','[]','2022-09-27 01:54:00','2022-09-27 01:54:00',NULL),(49,0,'23-1',3,'image/jpeg',105560,'products/23-1.jpg','[]','2022-09-27 01:54:01','2022-09-27 01:54:01',NULL),(50,0,'23',3,'image/jpeg',177362,'products/23.jpg','[]','2022-09-27 01:54:01','2022-09-27 01:54:01',NULL),(51,0,'24-1',3,'image/jpeg',239311,'products/24-1.jpg','[]','2022-09-27 01:54:01','2022-09-27 01:54:01',NULL),(52,0,'24',3,'image/jpeg',363853,'products/24.jpg','[]','2022-09-27 01:54:01','2022-09-27 01:54:01',NULL),(53,0,'3-1',3,'image/jpeg',135741,'products/3-1.jpg','[]','2022-09-27 01:54:01','2022-09-27 01:54:01',NULL),(54,0,'3-2',3,'image/jpeg',123069,'products/3-2.jpg','[]','2022-09-27 01:54:02','2022-09-27 01:54:02',NULL),(55,0,'3-3',3,'image/jpeg',98645,'products/3-3.jpg','[]','2022-09-27 01:54:02','2022-09-27 01:54:02',NULL),(56,0,'3',3,'image/jpeg',201722,'products/3.jpg','[]','2022-09-27 01:54:02','2022-09-27 01:54:02',NULL),(57,0,'4-1',3,'image/jpeg',205312,'products/4-1.jpg','[]','2022-09-27 01:54:02','2022-09-27 01:54:02',NULL),(58,0,'4-2',3,'image/jpeg',223903,'products/4-2.jpg','[]','2022-09-27 01:54:02','2022-09-27 01:54:02',NULL),(59,0,'4-3',3,'image/jpeg',106593,'products/4-3.jpg','[]','2022-09-27 01:54:02','2022-09-27 01:54:02',NULL),(60,0,'4',3,'image/jpeg',456134,'products/4.jpg','[]','2022-09-27 01:54:02','2022-09-27 01:54:02',NULL),(61,0,'5-1',3,'image/jpeg',110014,'products/5-1.jpg','[]','2022-09-27 01:54:02','2022-09-27 01:54:02',NULL),(62,0,'5-2',3,'image/jpeg',104934,'products/5-2.jpg','[]','2022-09-27 01:54:03','2022-09-27 01:54:03',NULL),(63,0,'5-3',3,'image/jpeg',131628,'products/5-3.jpg','[]','2022-09-27 01:54:03','2022-09-27 01:54:03',NULL),(64,0,'5',3,'image/jpeg',214767,'products/5.jpg','[]','2022-09-27 01:54:03','2022-09-27 01:54:03',NULL),(65,0,'6-1',3,'image/jpeg',128041,'products/6-1.jpg','[]','2022-09-27 01:54:03','2022-09-27 01:54:03',NULL),(66,0,'6',3,'image/jpeg',148485,'products/6.jpg','[]','2022-09-27 01:54:03','2022-09-27 01:54:03',NULL),(67,0,'7-1',3,'image/jpeg',144008,'products/7-1.jpg','[]','2022-09-27 01:54:03','2022-09-27 01:54:03',NULL),(68,0,'7',3,'image/jpeg',188821,'products/7.jpg','[]','2022-09-27 01:54:03','2022-09-27 01:54:03',NULL),(69,0,'8-1',3,'image/jpeg',274272,'products/8-1.jpg','[]','2022-09-27 01:54:03','2022-09-27 01:54:03',NULL),(70,0,'8',3,'image/jpeg',217862,'products/8.jpg','[]','2022-09-27 01:54:04','2022-09-27 01:54:04',NULL),(71,0,'9-1',3,'image/jpeg',65624,'products/9-1.jpg','[]','2022-09-27 01:54:04','2022-09-27 01:54:04',NULL),(72,0,'9',3,'image/jpeg',159636,'products/9.jpg','[]','2022-09-27 01:54:04','2022-09-27 01:54:04',NULL),(73,0,'1',4,'image/jpeg',274660,'customers/1.jpg','[]','2022-09-27 01:54:05','2022-09-27 01:54:05',NULL),(74,0,'2',4,'image/jpeg',295031,'customers/2.jpg','[]','2022-09-27 01:54:05','2022-09-27 01:54:05',NULL),(75,0,'3',4,'image/jpeg',183576,'customers/3.jpg','[]','2022-09-27 01:54:05','2022-09-27 01:54:05',NULL),(76,0,'4',4,'image/jpeg',245360,'customers/4.jpg','[]','2022-09-27 01:54:05','2022-09-27 01:54:05',NULL),(77,0,'5',4,'image/jpeg',262908,'customers/5.jpg','[]','2022-09-27 01:54:05','2022-09-27 01:54:05',NULL),(78,0,'6',4,'image/jpeg',109600,'customers/6.jpg','[]','2022-09-27 01:54:05','2022-09-27 01:54:05',NULL),(79,0,'7',4,'image/jpeg',159280,'customers/7.jpg','[]','2022-09-27 01:54:05','2022-09-27 01:54:05',NULL),(80,0,'8',4,'image/jpeg',99998,'customers/8.jpg','[]','2022-09-27 01:54:05','2022-09-27 01:54:05',NULL),(81,0,'1',5,'image/jpeg',62921,'flash-sales/1.jpg','[]','2022-09-27 01:54:06','2022-09-27 01:54:06',NULL),(82,0,'2',5,'image/jpeg',74131,'flash-sales/2.jpg','[]','2022-09-27 01:54:06','2022-09-27 01:54:06',NULL),(83,0,'1-1',6,'image/png',653539,'sliders/1-1.png','[]','2022-09-27 01:54:06','2022-09-27 01:54:06',NULL),(84,0,'1-2',6,'image/png',688883,'sliders/1-2.png','[]','2022-09-27 01:54:07','2022-09-27 01:54:07',NULL),(85,0,'1-3',6,'image/png',249966,'sliders/1-3.png','[]','2022-09-27 01:54:07','2022-09-27 01:54:07',NULL),(86,0,'2-1',6,'image/png',662495,'sliders/2-1.png','[]','2022-09-27 01:54:07','2022-09-27 01:54:07',NULL),(87,0,'2-2',6,'image/png',691309,'sliders/2-2.png','[]','2022-09-27 01:54:07','2022-09-27 01:54:07',NULL),(88,0,'2-3',6,'image/png',249966,'sliders/2-3.png','[]','2022-09-27 01:54:07','2022-09-27 01:54:07',NULL),(89,0,'3-1',6,'image/png',164134,'sliders/3-1.png','[]','2022-09-27 01:54:08','2022-09-27 01:54:08',NULL),(90,0,'3-2',6,'image/png',140217,'sliders/3-2.png','[]','2022-09-27 01:54:08','2022-09-27 01:54:08',NULL),(91,0,'4-1',6,'image/png',415854,'sliders/4-1.png','[]','2022-09-27 01:54:08','2022-09-27 01:54:08',NULL),(92,0,'4-2',6,'image/png',407249,'sliders/4-2.png','[]','2022-09-27 01:54:09','2022-09-27 01:54:09',NULL),(93,0,'4-3',6,'image/png',249966,'sliders/4-3.png','[]','2022-09-27 01:54:09','2022-09-27 01:54:09',NULL),(94,0,'1',7,'image/jpeg',533441,'news/1.jpg','[]','2022-09-27 01:54:09','2022-09-27 01:54:09',NULL),(95,0,'10',7,'image/jpeg',342651,'news/10.jpg','[]','2022-09-27 01:54:09','2022-09-27 01:54:09',NULL),(96,0,'11',7,'image/jpeg',296740,'news/11.jpg','[]','2022-09-27 01:54:09','2022-09-27 01:54:09',NULL),(97,0,'2',7,'image/jpeg',292594,'news/2.jpg','[]','2022-09-27 01:54:10','2022-09-27 01:54:10',NULL),(98,0,'3',7,'image/jpeg',382930,'news/3.jpg','[]','2022-09-27 01:54:10','2022-09-27 01:54:10',NULL),(99,0,'4',7,'image/jpeg',403060,'news/4.jpg','[]','2022-09-27 01:54:10','2022-09-27 01:54:10',NULL),(100,0,'5',7,'image/jpeg',727445,'news/5.jpg','[]','2022-09-27 01:54:10','2022-09-27 01:54:10',NULL),(101,0,'6',7,'image/jpeg',361958,'news/6.jpg','[]','2022-09-27 01:54:10','2022-09-27 01:54:10',NULL),(102,0,'7',7,'image/jpeg',904027,'news/7.jpg','[]','2022-09-27 01:54:10','2022-09-27 01:54:10',NULL),(103,0,'8',7,'image/jpeg',351088,'news/8.jpg','[]','2022-09-27 01:54:10','2022-09-27 01:54:10',NULL),(104,0,'9',7,'image/jpeg',353751,'news/9.jpg','[]','2022-09-27 01:54:11','2022-09-27 01:54:11',NULL),(105,0,'1',8,'image/png',66416,'promotion/1.png','[]','2022-09-27 01:54:11','2022-09-27 01:54:11',NULL),(106,0,'2',8,'image/png',70051,'promotion/2.png','[]','2022-09-27 01:54:11','2022-09-27 01:54:11',NULL),(107,0,'3',8,'image/png',66675,'promotion/3.png','[]','2022-09-27 01:54:11','2022-09-27 01:54:11',NULL),(108,0,'4',8,'image/png',61720,'promotion/4.png','[]','2022-09-27 01:54:12','2022-09-27 01:54:12',NULL),(109,0,'5',8,'image/png',25894,'promotion/5.png','[]','2022-09-27 01:54:12','2022-09-27 01:54:12',NULL),(110,0,'6',8,'image/png',528935,'promotion/6.png','[]','2022-09-27 01:54:12','2022-09-27 01:54:12',NULL),(111,0,'favicon',9,'image/png',2343,'general/favicon.png','[]','2022-09-27 01:54:12','2022-09-27 01:54:12',NULL),(112,0,'icon-bag',9,'image/png',15551,'general/icon-bag.png','[]','2022-09-27 01:54:12','2022-09-27 01:54:12',NULL),(113,0,'icon-operator',9,'image/png',23328,'general/icon-operator.png','[]','2022-09-27 01:54:13','2022-09-27 01:54:13',NULL),(114,0,'icon-purchase',9,'image/png',22947,'general/icon-purchase.png','[]','2022-09-27 01:54:13','2022-09-27 01:54:13',NULL),(115,0,'icon-truck',9,'image/png',17131,'general/icon-truck.png','[]','2022-09-27 01:54:13','2022-09-27 01:54:13',NULL),(116,0,'logo-light',9,'image/png',1938,'general/logo-light.png','[]','2022-09-27 01:54:13','2022-09-27 01:54:13',NULL),(117,0,'logo',9,'image/png',2494,'general/logo.png','[]','2022-09-27 01:54:13','2022-09-27 01:54:13',NULL),(118,0,'open-graph-image',9,'image/png',293189,'general/open-graph-image.png','[]','2022-09-27 01:54:13','2022-09-27 01:54:13',NULL),(119,0,'payment-methods',9,'image/png',10634,'general/payment-methods.png','[]','2022-09-27 01:54:13','2022-09-27 01:54:13',NULL);
/*!40000 ALTER TABLE `media_files` ENABLE KEYS */;
UNLOCK TABLES;

--
-- Table structure for table `media_folders`
--

DROP TABLE IF EXISTS `media_folders`;
/*!40101 SET @saved_cs_client     = @@character_set_client */;
/*!50503 SET character_set_client = utf8mb4 */;
CREATE TABLE `media_folders` (
  `id` bigint unsigned NOT NULL AUTO_INCREMENT,
  `user_id` int unsigned NOT NULL,
  `name` varchar(191) COLLATE utf8mb4_unicode_ci DEFAULT NULL,
  `slug` varchar(191) COLLATE utf8mb4_unicode_ci DEFAULT NULL,
  `parent_id` int NOT NULL DEFAULT '0',
  `created_at` timestamp NULL DEFAULT NULL,
  `updated_at` timestamp NULL DEFAULT NULL,
  `deleted_at` timestamp NULL DEFAULT NULL,
  PRIMARY KEY (`id`),
  KEY `media_folders_user_id_index` (`user_id`),
  KEY `media_folders_index` (`parent_id`,`user_id`,`created_at`)
) ENGINE=InnoDB AUTO_INCREMENT=10 DEFAULT CHARSET=utf8mb4 COLLATE=utf8mb4_unicode_ci;
/*!40101 SET character_set_client = @saved_cs_client */;

--
-- Dumping data for table `media_folders`
--

LOCK TABLES `media_folders` WRITE;
/*!40000 ALTER TABLE `media_folders` DISABLE KEYS */;
INSERT INTO `media_folders` VALUES (1,0,'brands','brands',0,'2022-09-27 01:53:54','2022-09-27 01:53:54',NULL),(2,0,'product-categories','product-categories',0,'2022-09-27 01:53:54','2022-09-27 01:53:54',NULL),(3,0,'products','products',0,'2022-09-27 01:53:55','2022-09-27 01:53:55',NULL),(4,0,'customers','customers',0,'2022-09-27 01:54:05','2022-09-27 01:54:05',NULL),(5,0,'flash-sales','flash-sales',0,'2022-09-27 01:54:06','2022-09-27 01:54:06',NULL),(6,0,'sliders','sliders',0,'2022-09-27 01:54:06','2022-09-27 01:54:06',NULL),(7,0,'news','news',0,'2022-09-27 01:54:09','2022-09-27 01:54:09',NULL),(8,0,'promotion','promotion',0,'2022-09-27 01:54:11','2022-09-27 01:54:11',NULL),(9,0,'general','general',0,'2022-09-27 01:54:12','2022-09-27 01:54:12',NULL);
/*!40000 ALTER TABLE `media_folders` ENABLE KEYS */;
UNLOCK TABLES;

--
-- Table structure for table `media_settings`
--

DROP TABLE IF EXISTS `media_settings`;
/*!40101 SET @saved_cs_client     = @@character_set_client */;
/*!50503 SET character_set_client = utf8mb4 */;
CREATE TABLE `media_settings` (
  `id` bigint unsigned NOT NULL AUTO_INCREMENT,
  `key` varchar(120) COLLATE utf8mb4_unicode_ci NOT NULL,
  `value` text COLLATE utf8mb4_unicode_ci,
  `media_id` int DEFAULT NULL,
  `user_id` int DEFAULT NULL,
  `created_at` timestamp NULL DEFAULT NULL,
  `updated_at` timestamp NULL DEFAULT NULL,
  PRIMARY KEY (`id`)
) ENGINE=InnoDB DEFAULT CHARSET=utf8mb4 COLLATE=utf8mb4_unicode_ci;
/*!40101 SET character_set_client = @saved_cs_client */;

--
-- Dumping data for table `media_settings`
--

LOCK TABLES `media_settings` WRITE;
/*!40000 ALTER TABLE `media_settings` DISABLE KEYS */;
/*!40000 ALTER TABLE `media_settings` ENABLE KEYS */;
UNLOCK TABLES;

--
-- Table structure for table `menu_locations`
--

DROP TABLE IF EXISTS `menu_locations`;
/*!40101 SET @saved_cs_client     = @@character_set_client */;
/*!50503 SET character_set_client = utf8mb4 */;
CREATE TABLE `menu_locations` (
  `id` bigint unsigned NOT NULL AUTO_INCREMENT,
  `menu_id` int unsigned NOT NULL,
  `location` varchar(120) COLLATE utf8mb4_unicode_ci NOT NULL,
  `created_at` timestamp NULL DEFAULT NULL,
  `updated_at` timestamp NULL DEFAULT NULL,
  PRIMARY KEY (`id`),
  KEY `menu_locations_menu_id_created_at_index` (`menu_id`,`created_at`)
) ENGINE=InnoDB AUTO_INCREMENT=3 DEFAULT CHARSET=utf8mb4 COLLATE=utf8mb4_unicode_ci;
/*!40101 SET character_set_client = @saved_cs_client */;

--
-- Dumping data for table `menu_locations`
--

LOCK TABLES `menu_locations` WRITE;
/*!40000 ALTER TABLE `menu_locations` DISABLE KEYS */;
INSERT INTO `menu_locations` VALUES (1,1,'main-menu','2022-09-27 01:54:12','2022-09-27 01:54:12'),(2,4,'main-menu','2022-09-27 01:54:12','2022-09-27 01:54:12');
/*!40000 ALTER TABLE `menu_locations` ENABLE KEYS */;
UNLOCK TABLES;

--
-- Table structure for table `menu_nodes`
--

DROP TABLE IF EXISTS `menu_nodes`;
/*!40101 SET @saved_cs_client     = @@character_set_client */;
/*!50503 SET character_set_client = utf8mb4 */;
CREATE TABLE `menu_nodes` (
  `id` bigint unsigned NOT NULL AUTO_INCREMENT,
  `menu_id` int unsigned NOT NULL,
  `parent_id` int unsigned NOT NULL DEFAULT '0',
  `reference_id` int unsigned DEFAULT NULL,
  `reference_type` varchar(255) COLLATE utf8mb4_unicode_ci DEFAULT NULL,
  `url` varchar(120) COLLATE utf8mb4_unicode_ci DEFAULT NULL,
  `icon_font` varchar(50) COLLATE utf8mb4_unicode_ci DEFAULT NULL,
  `position` tinyint unsigned NOT NULL DEFAULT '0',
  `title` varchar(120) COLLATE utf8mb4_unicode_ci DEFAULT NULL,
  `css_class` varchar(120) COLLATE utf8mb4_unicode_ci DEFAULT NULL,
  `target` varchar(20) COLLATE utf8mb4_unicode_ci NOT NULL DEFAULT '_self',
  `has_child` tinyint unsigned NOT NULL DEFAULT '0',
  `created_at` timestamp NULL DEFAULT NULL,
  `updated_at` timestamp NULL DEFAULT NULL,
  PRIMARY KEY (`id`),
  KEY `menu_nodes_menu_id_index` (`menu_id`),
  KEY `menu_nodes_parent_id_index` (`parent_id`),
  KEY `reference_id` (`reference_id`),
  KEY `reference_type` (`reference_type`)
) ENGINE=InnoDB AUTO_INCREMENT=69 DEFAULT CHARSET=utf8mb4 COLLATE=utf8mb4_unicode_ci;
/*!40101 SET character_set_client = @saved_cs_client */;

--
-- Dumping data for table `menu_nodes`
--

LOCK TABLES `menu_nodes` WRITE;
/*!40000 ALTER TABLE `menu_nodes` DISABLE KEYS */;
INSERT INTO `menu_nodes` VALUES (1,1,0,NULL,NULL,'/',NULL,0,'Home',NULL,'_self',1,'2022-09-27 01:54:12','2022-09-27 01:54:12'),(2,1,1,1,'Botble\\Page\\Models\\Page','/homepage',NULL,0,'Home 1',NULL,'_self',0,'2022-09-27 01:54:12','2022-09-27 01:54:12'),(3,1,1,2,'Botble\\Page\\Models\\Page','/homepage-2',NULL,0,'Home 2',NULL,'_self',0,'2022-09-27 01:54:12','2022-09-27 01:54:12'),(4,1,1,3,'Botble\\Page\\Models\\Page','/homepage-3',NULL,0,'Home 3',NULL,'_self',0,'2022-09-27 01:54:12','2022-09-27 01:54:12'),(5,1,1,4,'Botble\\Page\\Models\\Page','/homepage-4',NULL,0,'Home 4',NULL,'_self',0,'2022-09-27 01:54:12','2022-09-27 01:54:12'),(6,1,0,NULL,NULL,'/products',NULL,0,'Shop',NULL,'_self',1,'2022-09-27 01:54:12','2022-09-27 01:54:12'),(7,1,6,NULL,NULL,'/products',NULL,0,'Shop Grid - Full Width',NULL,'_self',0,'2022-09-27 01:54:12','2022-09-27 01:54:12'),(8,1,6,NULL,NULL,'/products?layout=product-right-sidebar',NULL,0,'Shop Grid - Right Sidebar',NULL,'_self',0,'2022-09-27 01:54:12','2022-09-27 01:54:12'),(9,1,6,NULL,NULL,'/products?layout=product-left-sidebar',NULL,0,'Shop Grid - Left Sidebar',NULL,'_self',0,'2022-09-27 01:54:12','2022-09-27 01:54:12'),(10,1,6,1,'Botble\\Ecommerce\\Models\\ProductCategory','/product-categories/hot-promotions',NULL,0,'Products Of Category',NULL,'_self',0,'2022-09-27 01:54:12','2022-09-27 01:54:12'),(11,1,0,NULL,NULL,'#',NULL,0,'Product',NULL,'_self',1,'2022-09-27 01:54:12','2022-09-27 01:54:12'),(12,1,11,NULL,NULL,'/products/smart-home-speaker',NULL,0,'Product Right Sidebar',NULL,'_self',0,'2022-09-27 01:54:12','2022-09-27 01:54:12'),(13,1,11,NULL,NULL,'/products/headphone-ultra-bass',NULL,0,'Product Left Sidebar',NULL,'_self',0,'2022-09-27 01:54:12','2022-09-27 01:54:12'),(14,1,11,NULL,NULL,'/products/boxed-bluetooth-headphone',NULL,0,'Product Full Width',NULL,'_self',0,'2022-09-27 01:54:12','2022-09-27 01:54:12'),(15,1,0,5,'Botble\\Page\\Models\\Page','/blog',NULL,0,'Blog',NULL,'_self',1,'2022-09-27 01:54:12','2022-09-27 01:54:12'),(16,1,15,5,'Botble\\Page\\Models\\Page','/blog',NULL,0,'Blog Right Sidebar',NULL,'_self',0,'2022-09-27 01:54:12','2022-09-27 01:54:12'),(17,1,15,13,'Botble\\Page\\Models\\Page','/blog-left-sidebar',NULL,0,'Blog Left Sidebar',NULL,'_self',0,'2022-09-27 01:54:12','2022-09-27 01:54:12'),(18,1,15,NULL,NULL,'/blog/4-expert-tips-on-how-to-choose-the-right-mens-wallet',NULL,0,'Single Post Right Sidebar',NULL,'_self',0,'2022-09-27 01:54:12','2022-09-27 01:54:12'),(19,1,15,NULL,NULL,'/blog/sexy-clutches-how-to-buy-wear-a-designer-clutch-bag',NULL,0,'Single Post Left Sidebar',NULL,'_self',0,'2022-09-27 01:54:12','2022-09-27 01:54:12'),(20,1,15,NULL,NULL,'/blog/the-top-2020-handbag-trends-to-know',NULL,0,'Single Post Full Width',NULL,'_self',0,'2022-09-27 01:54:12','2022-09-27 01:54:12'),(21,1,15,NULL,NULL,'/blog/how-to-match-the-color-of-your-handbag-with-an-outfit',NULL,0,'Single Post with Product Listing',NULL,'_self',0,'2022-09-27 01:54:12','2022-09-27 01:54:12'),(22,1,0,14,'Botble\\Page\\Models\\Page','/faq',NULL,0,'FAQ',NULL,'_self',0,'2022-09-27 01:54:12','2022-09-27 01:54:12'),(23,1,0,6,'Botble\\Page\\Models\\Page','/contact',NULL,0,'Contact',NULL,'_self',0,'2022-09-27 01:54:12','2022-09-27 01:54:12'),(24,2,0,1,'Botble\\Ecommerce\\Models\\ProductCategory','/product-categories/hot-promotions',NULL,0,'Men',NULL,'_self',0,'2022-09-27 01:54:12','2022-09-27 01:54:12'),(25,2,0,2,'Botble\\Ecommerce\\Models\\ProductCategory','/product-categories/electronics',NULL,0,'Women',NULL,'_self',0,'2022-09-27 01:54:12','2022-09-27 01:54:12'),(26,2,0,3,'Botble\\Ecommerce\\Models\\ProductCategory','/product-categories/home-audio-theaters',NULL,0,'Accessories',NULL,'_self',0,'2022-09-27 01:54:12','2022-09-27 01:54:12'),(27,2,0,4,'Botble\\Ecommerce\\Models\\ProductCategory','/product-categories/tv-videos',NULL,0,'Shoes',NULL,'_self',0,'2022-09-27 01:54:12','2022-09-27 01:54:12'),(28,2,0,5,'Botble\\Ecommerce\\Models\\ProductCategory','/product-categories/camera-photos-videos',NULL,0,'Denim',NULL,'_self',0,'2022-09-27 01:54:12','2022-09-27 01:54:12'),(29,2,0,6,'Botble\\Ecommerce\\Models\\ProductCategory','/product-categories/cellphones-accessories',NULL,0,'Dress',NULL,'_self',0,'2022-09-27 01:54:12','2022-09-27 01:54:12'),(30,3,0,6,'Botble\\Page\\Models\\Page','/contact',NULL,0,'Contact Us',NULL,'_self',0,'2022-09-27 01:54:12','2022-09-27 01:54:12'),(31,3,0,8,'Botble\\Page\\Models\\Page','/cookie-policy',NULL,0,'About Us',NULL,'_self',0,'2022-09-27 01:54:12','2022-09-27 01:54:12'),(32,3,0,9,'Botble\\Page\\Models\\Page','/terms-conditions',NULL,0,'Terms & Conditions',NULL,'_self',0,'2022-09-27 01:54:12','2022-09-27 01:54:12'),(33,3,0,10,'Botble\\Page\\Models\\Page','/returns-exchanges',NULL,0,'Returns & Exchanges',NULL,'_self',0,'2022-09-27 01:54:12','2022-09-27 01:54:12'),(34,3,0,11,'Botble\\Page\\Models\\Page','/shipping-delivery',NULL,0,'Shipping & Delivery',NULL,'_self',0,'2022-09-27 01:54:12','2022-09-27 01:54:12'),(35,3,0,12,'Botble\\Page\\Models\\Page','/privacy-policy',NULL,0,'Privacy Policy',NULL,'_self',0,'2022-09-27 01:54:12','2022-09-27 01:54:12'),(36,4,0,NULL,NULL,'/',NULL,0,'Trang chủ',NULL,'_self',1,'2022-09-27 01:54:12','2022-09-27 01:54:12'),(37,4,36,1,'Botble\\Page\\Models\\Page','/homepage',NULL,0,'Trang chủ 1',NULL,'_self',0,'2022-09-27 01:54:12','2022-09-27 01:54:12'),(38,4,36,2,'Botble\\Page\\Models\\Page','/homepage-2',NULL,0,'Trang chủ 2',NULL,'_self',0,'2022-09-27 01:54:12','2022-09-27 01:54:12'),(39,4,36,3,'Botble\\Page\\Models\\Page','/homepage-3',NULL,0,'Trang chủ 3',NULL,'_self',0,'2022-09-27 01:54:12','2022-09-27 01:54:12'),(40,4,36,4,'Botble\\Page\\Models\\Page','/homepage-4',NULL,0,'Trang chủ 4',NULL,'_self',0,'2022-09-27 01:54:12','2022-09-27 01:54:12'),(41,4,0,NULL,NULL,'/products',NULL,0,'Bán hàng',NULL,'_self',1,'2022-09-27 01:54:12','2022-09-27 01:54:12'),(42,4,41,NULL,NULL,'/products',NULL,0,'Tất cả sản phẩm',NULL,'_self',0,'2022-09-27 01:54:12','2022-09-27 01:54:12'),(43,4,41,1,'Botble\\Ecommerce\\Models\\ProductCategory','/product-categories/hot-promotions',NULL,0,'Danh mục sản phẩm',NULL,'_self',0,'2022-09-27 01:54:12','2022-09-27 01:54:12'),(44,4,0,NULL,NULL,'#',NULL,0,'Sản phẩm',NULL,'_self',1,'2022-09-27 01:54:12','2022-09-27 01:54:12'),(45,4,44,NULL,NULL,'/products/smart-home-speaker',NULL,0,'Sản phẩm Sidebar phải',NULL,'_self',0,'2022-09-27 01:54:12','2022-09-27 01:54:12'),(46,4,44,NULL,NULL,'/products/headphone-ultra-bass',NULL,0,'Sản phẩm Sidebar trái',NULL,'_self',0,'2022-09-27 01:54:12','2022-09-27 01:54:12'),(47,4,44,NULL,NULL,'/products/boxed-bluetooth-headphone',NULL,0,'Sản phẩm full width',NULL,'_self',0,'2022-09-27 01:54:12','2022-09-27 01:54:12'),(48,4,0,5,'Botble\\Page\\Models\\Page','/blog',NULL,0,'Tin tức',NULL,'_self',1,'2022-09-27 01:54:12','2022-09-27 01:54:12'),(49,4,48,5,'Botble\\Page\\Models\\Page','/blog',NULL,0,'Tin tức Sidebar phải',NULL,'_self',0,'2022-09-27 01:54:12','2022-09-27 01:54:12'),(50,4,48,13,'Botble\\Page\\Models\\Page','/blog-left-sidebar',NULL,0,'Tin tức Sidebar trái',NULL,'_self',0,'2022-09-27 01:54:12','2022-09-27 01:54:12'),(51,4,48,NULL,NULL,'/blog/4-expert-tips-on-how-to-choose-the-right-mens-wallet',NULL,0,'Bài viết Sidebar phải',NULL,'_self',0,'2022-09-27 01:54:12','2022-09-27 01:54:12'),(52,4,48,NULL,NULL,'/blog/sexy-clutches-how-to-buy-wear-a-designer-clutch-bag',NULL,0,'Bài viết Sidebar trái',NULL,'_self',0,'2022-09-27 01:54:12','2022-09-27 01:54:12'),(53,4,48,NULL,NULL,'/blog/the-top-2020-handbag-trends-to-know',NULL,0,'Bài viết Full Width',NULL,'_self',0,'2022-09-27 01:54:12','2022-09-27 01:54:12'),(54,4,48,NULL,NULL,'/blog/how-to-match-the-color-of-your-handbag-with-an-outfit',NULL,0,'Bài viết with kèm sản phẩm',NULL,'_self',0,'2022-09-27 01:54:12','2022-09-27 01:54:12'),(55,4,0,14,'Botble\\Page\\Models\\Page','/faq',NULL,0,'FAQ',NULL,'_self',0,'2022-09-27 01:54:12','2022-09-27 01:54:12'),(56,4,0,6,'Botble\\Page\\Models\\Page','/contact',NULL,0,'Liên hệ',NULL,'_self',0,'2022-09-27 01:54:12','2022-09-27 01:54:12'),(57,5,0,1,'Botble\\Ecommerce\\Models\\ProductCategory','/product-categories/hot-promotions',NULL,0,'Dành cho nam',NULL,'_self',0,'2022-09-27 01:54:12','2022-09-27 01:54:12'),(58,5,0,2,'Botble\\Ecommerce\\Models\\ProductCategory','/product-categories/electronics',NULL,0,'Dành cho nữ',NULL,'_self',0,'2022-09-27 01:54:12','2022-09-27 01:54:12'),(59,5,0,3,'Botble\\Ecommerce\\Models\\ProductCategory','/product-categories/home-audio-theaters',NULL,0,'Phụ kiện',NULL,'_self',0,'2022-09-27 01:54:12','2022-09-27 01:54:12'),(60,5,0,4,'Botble\\Ecommerce\\Models\\ProductCategory','/product-categories/tv-videos',NULL,0,'Giày dép',NULL,'_self',0,'2022-09-27 01:54:12','2022-09-27 01:54:12'),(61,5,0,5,'Botble\\Ecommerce\\Models\\ProductCategory','/product-categories/camera-photos-videos',NULL,0,'Denim',NULL,'_self',0,'2022-09-27 01:54:12','2022-09-27 01:54:12'),(62,5,0,6,'Botble\\Ecommerce\\Models\\ProductCategory','/product-categories/cellphones-accessories',NULL,0,'Quần áo',NULL,'_self',0,'2022-09-27 01:54:12','2022-09-27 01:54:12'),(63,6,0,6,'Botble\\Page\\Models\\Page','/contact',NULL,0,'Liên hệ',NULL,'_self',0,'2022-09-27 01:54:12','2022-09-27 01:54:12'),(64,6,0,8,'Botble\\Page\\Models\\Page','/cookie-policy',NULL,0,'Về chúng tôi',NULL,'_self',0,'2022-09-27 01:54:12','2022-09-27 01:54:12'),(65,6,0,9,'Botble\\Page\\Models\\Page','/terms-conditions',NULL,0,'Điều khoản & quy định',NULL,'_self',0,'2022-09-27 01:54:12','2022-09-27 01:54:12'),(66,6,0,10,'Botble\\Page\\Models\\Page','/returns-exchanges',NULL,0,'Chính sách đổi trả',NULL,'_self',0,'2022-09-27 01:54:12','2022-09-27 01:54:12'),(67,6,0,11,'Botble\\Page\\Models\\Page','/shipping-delivery',NULL,0,'Chính sách vận chuyển',NULL,'_self',0,'2022-09-27 01:54:12','2022-09-27 01:54:12'),(68,6,0,12,'Botble\\Page\\Models\\Page','/privacy-policy',NULL,0,'Chính sách bảo mật',NULL,'_self',0,'2022-09-27 01:54:12','2022-09-27 01:54:12');
/*!40000 ALTER TABLE `menu_nodes` ENABLE KEYS */;
UNLOCK TABLES;

--
-- Table structure for table `menus`
--

DROP TABLE IF EXISTS `menus`;
/*!40101 SET @saved_cs_client     = @@character_set_client */;
/*!50503 SET character_set_client = utf8mb4 */;
CREATE TABLE `menus` (
  `id` bigint unsigned NOT NULL AUTO_INCREMENT,
  `name` varchar(120) COLLATE utf8mb4_unicode_ci NOT NULL,
  `slug` varchar(120) COLLATE utf8mb4_unicode_ci DEFAULT NULL,
  `status` varchar(60) COLLATE utf8mb4_unicode_ci NOT NULL DEFAULT 'published',
  `created_at` timestamp NULL DEFAULT NULL,
  `updated_at` timestamp NULL DEFAULT NULL,
  PRIMARY KEY (`id`),
  UNIQUE KEY `menus_slug_unique` (`slug`)
) ENGINE=InnoDB AUTO_INCREMENT=7 DEFAULT CHARSET=utf8mb4 COLLATE=utf8mb4_unicode_ci;
/*!40101 SET character_set_client = @saved_cs_client */;

--
-- Dumping data for table `menus`
--

LOCK TABLES `menus` WRITE;
/*!40000 ALTER TABLE `menus` DISABLE KEYS */;
INSERT INTO `menus` VALUES (1,'Main menu','main-menu','published','2022-09-27 01:54:12','2022-09-27 01:54:12'),(2,'Product categories','product-categories','published','2022-09-27 01:54:12','2022-09-27 01:54:12'),(3,'Information','information','published','2022-09-27 01:54:12','2022-09-27 01:54:12'),(4,'Menu chính','menu-chinh','published','2022-09-27 01:54:12','2022-09-27 01:54:12'),(5,'Product categories','danh-muc-san-pham','published','2022-09-27 01:54:12','2022-09-27 01:54:12'),(6,'Information','thong-tin','published','2022-09-27 01:54:12','2022-09-27 01:54:12');
/*!40000 ALTER TABLE `menus` ENABLE KEYS */;
UNLOCK TABLES;

--
-- Table structure for table `meta_boxes`
--

DROP TABLE IF EXISTS `meta_boxes`;
/*!40101 SET @saved_cs_client     = @@character_set_client */;
/*!50503 SET character_set_client = utf8mb4 */;
CREATE TABLE `meta_boxes` (
  `id` bigint unsigned NOT NULL AUTO_INCREMENT,
  `meta_key` varchar(255) COLLATE utf8mb4_unicode_ci NOT NULL,
  `meta_value` text COLLATE utf8mb4_unicode_ci,
  `reference_id` int unsigned NOT NULL,
  `reference_type` varchar(120) COLLATE utf8mb4_unicode_ci NOT NULL,
  `created_at` timestamp NULL DEFAULT NULL,
  `updated_at` timestamp NULL DEFAULT NULL,
  PRIMARY KEY (`id`),
  KEY `meta_boxes_reference_id_index` (`reference_id`)
) ENGINE=InnoDB AUTO_INCREMENT=154 DEFAULT CHARSET=utf8mb4 COLLATE=utf8mb4_unicode_ci;
/*!40101 SET character_set_client = @saved_cs_client */;

--
-- Dumping data for table `meta_boxes`
--

LOCK TABLES `meta_boxes` WRITE;
/*!40000 ALTER TABLE `meta_boxes` DISABLE KEYS */;
INSERT INTO `meta_boxes` VALUES (1,'icon','[\"far fa-star\"]',1,'Botble\\Ecommerce\\Models\\ProductCategory','2022-09-27 01:53:55','2022-09-27 01:53:55'),(2,'icon','[\"wowy-font-cpu\"]',2,'Botble\\Ecommerce\\Models\\ProductCategory','2022-09-27 01:53:55','2022-09-27 01:53:55'),(3,'icon','[\"wowy-font-tshirt\"]',11,'Botble\\Ecommerce\\Models\\ProductCategory','2022-09-27 01:53:55','2022-09-27 01:53:55'),(4,'icon','[\"wowy-font-desktop\"]',12,'Botble\\Ecommerce\\Models\\ProductCategory','2022-09-27 01:53:55','2022-09-27 01:53:55'),(5,'icon','[\"wowy-font-home\"]',17,'Botble\\Ecommerce\\Models\\ProductCategory','2022-09-27 01:53:55','2022-09-27 01:53:55'),(6,'icon','[\"wowy-font-dress\"]',18,'Botble\\Ecommerce\\Models\\ProductCategory','2022-09-27 01:53:55','2022-09-27 01:53:55'),(7,'icon','[\"wowy-font-diamond\"]',19,'Botble\\Ecommerce\\Models\\ProductCategory','2022-09-27 01:53:55','2022-09-27 01:53:55'),(8,'icon','[\"far fa-microchip\"]',20,'Botble\\Ecommerce\\Models\\ProductCategory','2022-09-27 01:53:55','2022-09-27 01:53:55'),(9,'icon','[\"wowy-font-smartphone\"]',25,'Botble\\Ecommerce\\Models\\ProductCategory','2022-09-27 01:53:55','2022-09-27 01:53:55'),(10,'icon','[\"wowy-font-teddy-bear\"]',26,'Botble\\Ecommerce\\Models\\ProductCategory','2022-09-27 01:53:55','2022-09-27 01:53:55'),(11,'icon','[\"wowy-font-kite\"]',27,'Botble\\Ecommerce\\Models\\ProductCategory','2022-09-27 01:53:55','2022-09-27 01:53:55'),(12,'icon','[\"far fa-book\"]',28,'Botble\\Ecommerce\\Models\\ProductCategory','2022-09-27 01:53:55','2022-09-27 01:53:55'),(13,'icon','[\"far fa-car\"]',29,'Botble\\Ecommerce\\Models\\ProductCategory','2022-09-27 01:53:55','2022-09-27 01:53:55'),(14,'icon','[\"wowy-font-home\"]',30,'Botble\\Ecommerce\\Models\\ProductCategory','2022-09-27 01:53:55','2022-09-27 01:53:55'),(15,'layout','[\"product-right-sidebar\"]',1,'Botble\\Ecommerce\\Models\\Product','2022-09-27 01:54:04','2022-09-27 01:54:04'),(16,'faq_schema_config','[[[{\"key\":\"question\",\"value\":\"What Shipping Methods Are Available?\"},{\"key\":\"answer\",\"value\":\"Ex Portland Pitchfork irure mustache. Eutra fap before they sold out literally. Aliquip ugh bicycle rights actually mlkshk, seitan squid craft beer tempor.\"}],[{\"key\":\"question\",\"value\":\"Do You Ship Internationally?\"},{\"key\":\"answer\",\"value\":\"Hoodie tote bag mixtape tofu. Typewriter jean shorts wolf quinoa, messenger bag organic freegan cray.\"}],[{\"key\":\"question\",\"value\":\"How Long Will It Take To Get My Package?\"},{\"key\":\"answer\",\"value\":\"Swag slow-carb quinoa VHS typewriter pork belly brunch, paleo single-origin coffee Wes Anderson. Flexitarian Pitchfork forage, literally paleo fap pour-over. Wes Anderson Pinterest YOLO fanny pack meggings, deep v XOXO chambray sustainable slow-carb raw denim church-key fap chillwave Etsy. +1 typewriter kitsch, American Apparel tofu Banksy Vice.\"}],[{\"key\":\"question\",\"value\":\"What Payment Methods Are Accepted?\"},{\"key\":\"answer\",\"value\":\"Fashion axe DIY jean shorts, swag kale chips meh polaroid kogi butcher Wes Anderson chambray next level semiotics gentrify yr. Voluptate photo booth fugiat Vice. Austin sed Williamsburg, ea labore raw denim voluptate cred proident mixtape excepteur mustache. Twee chia photo booth readymade food truck, hoodie roof party swag keytar PBR DIY.\"}],[{\"key\":\"question\",\"value\":\"Is Buying On-Line Safe?\"},{\"key\":\"answer\",\"value\":\"Art party authentic freegan semiotics jean shorts chia cred. Neutra Austin roof party Brooklyn, synth Thundercats swag 8-bit photo booth. Plaid letterpress leggings craft beer meh ethical Pinterest.\"}]]]',1,'Botble\\Ecommerce\\Models\\Product','2022-09-27 01:54:04','2022-09-27 01:54:04'),(17,'layout','[\"product-left-sidebar\"]',2,'Botble\\Ecommerce\\Models\\Product','2022-09-27 01:54:04','2022-09-27 01:54:04'),(18,'faq_schema_config','[[[{\"key\":\"question\",\"value\":\"What Shipping Methods Are Available?\"},{\"key\":\"answer\",\"value\":\"Ex Portland Pitchfork irure mustache. Eutra fap before they sold out literally. Aliquip ugh bicycle rights actually mlkshk, seitan squid craft beer tempor.\"}],[{\"key\":\"question\",\"value\":\"Do You Ship Internationally?\"},{\"key\":\"answer\",\"value\":\"Hoodie tote bag mixtape tofu. Typewriter jean shorts wolf quinoa, messenger bag organic freegan cray.\"}],[{\"key\":\"question\",\"value\":\"How Long Will It Take To Get My Package?\"},{\"key\":\"answer\",\"value\":\"Swag slow-carb quinoa VHS typewriter pork belly brunch, paleo single-origin coffee Wes Anderson. Flexitarian Pitchfork forage, literally paleo fap pour-over. Wes Anderson Pinterest YOLO fanny pack meggings, deep v XOXO chambray sustainable slow-carb raw denim church-key fap chillwave Etsy. +1 typewriter kitsch, American Apparel tofu Banksy Vice.\"}],[{\"key\":\"question\",\"value\":\"What Payment Methods Are Accepted?\"},{\"key\":\"answer\",\"value\":\"Fashion axe DIY jean shorts, swag kale chips meh polaroid kogi butcher Wes Anderson chambray next level semiotics gentrify yr. Voluptate photo booth fugiat Vice. Austin sed Williamsburg, ea labore raw denim voluptate cred proident mixtape excepteur mustache. Twee chia photo booth readymade food truck, hoodie roof party swag keytar PBR DIY.\"}],[{\"key\":\"question\",\"value\":\"Is Buying On-Line Safe?\"},{\"key\":\"answer\",\"value\":\"Art party authentic freegan semiotics jean shorts chia cred. Neutra Austin roof party Brooklyn, synth Thundercats swag 8-bit photo booth. Plaid letterpress leggings craft beer meh ethical Pinterest.\"}]]]',2,'Botble\\Ecommerce\\Models\\Product','2022-09-27 01:54:04','2022-09-27 01:54:04'),(19,'layout','[\"product-full-width\"]',3,'Botble\\Ecommerce\\Models\\Product','2022-09-27 01:54:04','2022-09-27 01:54:04'),(20,'faq_schema_config','[[[{\"key\":\"question\",\"value\":\"What Shipping Methods Are Available?\"},{\"key\":\"answer\",\"value\":\"Ex Portland Pitchfork irure mustache. Eutra fap before they sold out literally. Aliquip ugh bicycle rights actually mlkshk, seitan squid craft beer tempor.\"}],[{\"key\":\"question\",\"value\":\"Do You Ship Internationally?\"},{\"key\":\"answer\",\"value\":\"Hoodie tote bag mixtape tofu. Typewriter jean shorts wolf quinoa, messenger bag organic freegan cray.\"}],[{\"key\":\"question\",\"value\":\"How Long Will It Take To Get My Package?\"},{\"key\":\"answer\",\"value\":\"Swag slow-carb quinoa VHS typewriter pork belly brunch, paleo single-origin coffee Wes Anderson. Flexitarian Pitchfork forage, literally paleo fap pour-over. Wes Anderson Pinterest YOLO fanny pack meggings, deep v XOXO chambray sustainable slow-carb raw denim church-key fap chillwave Etsy. +1 typewriter kitsch, American Apparel tofu Banksy Vice.\"}],[{\"key\":\"question\",\"value\":\"What Payment Methods Are Accepted?\"},{\"key\":\"answer\",\"value\":\"Fashion axe DIY jean shorts, swag kale chips meh polaroid kogi butcher Wes Anderson chambray next level semiotics gentrify yr. Voluptate photo booth fugiat Vice. Austin sed Williamsburg, ea labore raw denim voluptate cred proident mixtape excepteur mustache. Twee chia photo booth readymade food truck, hoodie roof party swag keytar PBR DIY.\"}],[{\"key\":\"question\",\"value\":\"Is Buying On-Line Safe?\"},{\"key\":\"answer\",\"value\":\"Art party authentic freegan semiotics jean shorts chia cred. Neutra Austin roof party Brooklyn, synth Thundercats swag 8-bit photo booth. Plaid letterpress leggings craft beer meh ethical Pinterest.\"}]]]',3,'Botble\\Ecommerce\\Models\\Product','2022-09-27 01:54:04','2022-09-27 01:54:04'),(21,'faq_schema_config','[[[{\"key\":\"question\",\"value\":\"What Shipping Methods Are Available?\"},{\"key\":\"answer\",\"value\":\"Ex Portland Pitchfork irure mustache. Eutra fap before they sold out literally. Aliquip ugh bicycle rights actually mlkshk, seitan squid craft beer tempor.\"}],[{\"key\":\"question\",\"value\":\"Do You Ship Internationally?\"},{\"key\":\"answer\",\"value\":\"Hoodie tote bag mixtape tofu. Typewriter jean shorts wolf quinoa, messenger bag organic freegan cray.\"}],[{\"key\":\"question\",\"value\":\"How Long Will It Take To Get My Package?\"},{\"key\":\"answer\",\"value\":\"Swag slow-carb quinoa VHS typewriter pork belly brunch, paleo single-origin coffee Wes Anderson. Flexitarian Pitchfork forage, literally paleo fap pour-over. Wes Anderson Pinterest YOLO fanny pack meggings, deep v XOXO chambray sustainable slow-carb raw denim church-key fap chillwave Etsy. +1 typewriter kitsch, American Apparel tofu Banksy Vice.\"}],[{\"key\":\"question\",\"value\":\"What Payment Methods Are Accepted?\"},{\"key\":\"answer\",\"value\":\"Fashion axe DIY jean shorts, swag kale chips meh polaroid kogi butcher Wes Anderson chambray next level semiotics gentrify yr. Voluptate photo booth fugiat Vice. Austin sed Williamsburg, ea labore raw denim voluptate cred proident mixtape excepteur mustache. Twee chia photo booth readymade food truck, hoodie roof party swag keytar PBR DIY.\"}],[{\"key\":\"question\",\"value\":\"Is Buying On-Line Safe?\"},{\"key\":\"answer\",\"value\":\"Art party authentic freegan semiotics jean shorts chia cred. Neutra Austin roof party Brooklyn, synth Thundercats swag 8-bit photo booth. Plaid letterpress leggings craft beer meh ethical Pinterest.\"}]]]',4,'Botble\\Ecommerce\\Models\\Product','2022-09-27 01:54:04','2022-09-27 01:54:04'),(22,'faq_schema_config','[[[{\"key\":\"question\",\"value\":\"What Shipping Methods Are Available?\"},{\"key\":\"answer\",\"value\":\"Ex Portland Pitchfork irure mustache. Eutra fap before they sold out literally. Aliquip ugh bicycle rights actually mlkshk, seitan squid craft beer tempor.\"}],[{\"key\":\"question\",\"value\":\"Do You Ship Internationally?\"},{\"key\":\"answer\",\"value\":\"Hoodie tote bag mixtape tofu. Typewriter jean shorts wolf quinoa, messenger bag organic freegan cray.\"}],[{\"key\":\"question\",\"value\":\"How Long Will It Take To Get My Package?\"},{\"key\":\"answer\",\"value\":\"Swag slow-carb quinoa VHS typewriter pork belly brunch, paleo single-origin coffee Wes Anderson. Flexitarian Pitchfork forage, literally paleo fap pour-over. Wes Anderson Pinterest YOLO fanny pack meggings, deep v XOXO chambray sustainable slow-carb raw denim church-key fap chillwave Etsy. +1 typewriter kitsch, American Apparel tofu Banksy Vice.\"}],[{\"key\":\"question\",\"value\":\"What Payment Methods Are Accepted?\"},{\"key\":\"answer\",\"value\":\"Fashion axe DIY jean shorts, swag kale chips meh polaroid kogi butcher Wes Anderson chambray next level semiotics gentrify yr. Voluptate photo booth fugiat Vice. Austin sed Williamsburg, ea labore raw denim voluptate cred proident mixtape excepteur mustache. Twee chia photo booth readymade food truck, hoodie roof party swag keytar PBR DIY.\"}],[{\"key\":\"question\",\"value\":\"Is Buying On-Line Safe?\"},{\"key\":\"answer\",\"value\":\"Art party authentic freegan semiotics jean shorts chia cred. Neutra Austin roof party Brooklyn, synth Thundercats swag 8-bit photo booth. Plaid letterpress leggings craft beer meh ethical Pinterest.\"}]]]',5,'Botble\\Ecommerce\\Models\\Product','2022-09-27 01:54:04','2022-09-27 01:54:04'),(23,'faq_schema_config','[[[{\"key\":\"question\",\"value\":\"What Shipping Methods Are Available?\"},{\"key\":\"answer\",\"value\":\"Ex Portland Pitchfork irure mustache. Eutra fap before they sold out literally. Aliquip ugh bicycle rights actually mlkshk, seitan squid craft beer tempor.\"}],[{\"key\":\"question\",\"value\":\"Do You Ship Internationally?\"},{\"key\":\"answer\",\"value\":\"Hoodie tote bag mixtape tofu. Typewriter jean shorts wolf quinoa, messenger bag organic freegan cray.\"}],[{\"key\":\"question\",\"value\":\"How Long Will It Take To Get My Package?\"},{\"key\":\"answer\",\"value\":\"Swag slow-carb quinoa VHS typewriter pork belly brunch, paleo single-origin coffee Wes Anderson. Flexitarian Pitchfork forage, literally paleo fap pour-over. Wes Anderson Pinterest YOLO fanny pack meggings, deep v XOXO chambray sustainable slow-carb raw denim church-key fap chillwave Etsy. +1 typewriter kitsch, American Apparel tofu Banksy Vice.\"}],[{\"key\":\"question\",\"value\":\"What Payment Methods Are Accepted?\"},{\"key\":\"answer\",\"value\":\"Fashion axe DIY jean shorts, swag kale chips meh polaroid kogi butcher Wes Anderson chambray next level semiotics gentrify yr. Voluptate photo booth fugiat Vice. Austin sed Williamsburg, ea labore raw denim voluptate cred proident mixtape excepteur mustache. Twee chia photo booth readymade food truck, hoodie roof party swag keytar PBR DIY.\"}],[{\"key\":\"question\",\"value\":\"Is Buying On-Line Safe?\"},{\"key\":\"answer\",\"value\":\"Art party authentic freegan semiotics jean shorts chia cred. Neutra Austin roof party Brooklyn, synth Thundercats swag 8-bit photo booth. Plaid letterpress leggings craft beer meh ethical Pinterest.\"}]]]',6,'Botble\\Ecommerce\\Models\\Product','2022-09-27 01:54:04','2022-09-27 01:54:04'),(24,'faq_schema_config','[[[{\"key\":\"question\",\"value\":\"What Shipping Methods Are Available?\"},{\"key\":\"answer\",\"value\":\"Ex Portland Pitchfork irure mustache. Eutra fap before they sold out literally. Aliquip ugh bicycle rights actually mlkshk, seitan squid craft beer tempor.\"}],[{\"key\":\"question\",\"value\":\"Do You Ship Internationally?\"},{\"key\":\"answer\",\"value\":\"Hoodie tote bag mixtape tofu. Typewriter jean shorts wolf quinoa, messenger bag organic freegan cray.\"}],[{\"key\":\"question\",\"value\":\"How Long Will It Take To Get My Package?\"},{\"key\":\"answer\",\"value\":\"Swag slow-carb quinoa VHS typewriter pork belly brunch, paleo single-origin coffee Wes Anderson. Flexitarian Pitchfork forage, literally paleo fap pour-over. Wes Anderson Pinterest YOLO fanny pack meggings, deep v XOXO chambray sustainable slow-carb raw denim church-key fap chillwave Etsy. +1 typewriter kitsch, American Apparel tofu Banksy Vice.\"}],[{\"key\":\"question\",\"value\":\"What Payment Methods Are Accepted?\"},{\"key\":\"answer\",\"value\":\"Fashion axe DIY jean shorts, swag kale chips meh polaroid kogi butcher Wes Anderson chambray next level semiotics gentrify yr. Voluptate photo booth fugiat Vice. Austin sed Williamsburg, ea labore raw denim voluptate cred proident mixtape excepteur mustache. Twee chia photo booth readymade food truck, hoodie roof party swag keytar PBR DIY.\"}],[{\"key\":\"question\",\"value\":\"Is Buying On-Line Safe?\"},{\"key\":\"answer\",\"value\":\"Art party authentic freegan semiotics jean shorts chia cred. Neutra Austin roof party Brooklyn, synth Thundercats swag 8-bit photo booth. Plaid letterpress leggings craft beer meh ethical Pinterest.\"}]]]',7,'Botble\\Ecommerce\\Models\\Product','2022-09-27 01:54:04','2022-09-27 01:54:04'),(25,'faq_schema_config','[[[{\"key\":\"question\",\"value\":\"What Shipping Methods Are Available?\"},{\"key\":\"answer\",\"value\":\"Ex Portland Pitchfork irure mustache. Eutra fap before they sold out literally. Aliquip ugh bicycle rights actually mlkshk, seitan squid craft beer tempor.\"}],[{\"key\":\"question\",\"value\":\"Do You Ship Internationally?\"},{\"key\":\"answer\",\"value\":\"Hoodie tote bag mixtape tofu. Typewriter jean shorts wolf quinoa, messenger bag organic freegan cray.\"}],[{\"key\":\"question\",\"value\":\"How Long Will It Take To Get My Package?\"},{\"key\":\"answer\",\"value\":\"Swag slow-carb quinoa VHS typewriter pork belly brunch, paleo single-origin coffee Wes Anderson. Flexitarian Pitchfork forage, literally paleo fap pour-over. Wes Anderson Pinterest YOLO fanny pack meggings, deep v XOXO chambray sustainable slow-carb raw denim church-key fap chillwave Etsy. +1 typewriter kitsch, American Apparel tofu Banksy Vice.\"}],[{\"key\":\"question\",\"value\":\"What Payment Methods Are Accepted?\"},{\"key\":\"answer\",\"value\":\"Fashion axe DIY jean shorts, swag kale chips meh polaroid kogi butcher Wes Anderson chambray next level semiotics gentrify yr. Voluptate photo booth fugiat Vice. Austin sed Williamsburg, ea labore raw denim voluptate cred proident mixtape excepteur mustache. Twee chia photo booth readymade food truck, hoodie roof party swag keytar PBR DIY.\"}],[{\"key\":\"question\",\"value\":\"Is Buying On-Line Safe?\"},{\"key\":\"answer\",\"value\":\"Art party authentic freegan semiotics jean shorts chia cred. Neutra Austin roof party Brooklyn, synth Thundercats swag 8-bit photo booth. Plaid letterpress leggings craft beer meh ethical Pinterest.\"}]]]',8,'Botble\\Ecommerce\\Models\\Product','2022-09-27 01:54:04','2022-09-27 01:54:04'),(26,'faq_schema_config','[[[{\"key\":\"question\",\"value\":\"What Shipping Methods Are Available?\"},{\"key\":\"answer\",\"value\":\"Ex Portland Pitchfork irure mustache. Eutra fap before they sold out literally. Aliquip ugh bicycle rights actually mlkshk, seitan squid craft beer tempor.\"}],[{\"key\":\"question\",\"value\":\"Do You Ship Internationally?\"},{\"key\":\"answer\",\"value\":\"Hoodie tote bag mixtape tofu. Typewriter jean shorts wolf quinoa, messenger bag organic freegan cray.\"}],[{\"key\":\"question\",\"value\":\"How Long Will It Take To Get My Package?\"},{\"key\":\"answer\",\"value\":\"Swag slow-carb quinoa VHS typewriter pork belly brunch, paleo single-origin coffee Wes Anderson. Flexitarian Pitchfork forage, literally paleo fap pour-over. Wes Anderson Pinterest YOLO fanny pack meggings, deep v XOXO chambray sustainable slow-carb raw denim church-key fap chillwave Etsy. +1 typewriter kitsch, American Apparel tofu Banksy Vice.\"}],[{\"key\":\"question\",\"value\":\"What Payment Methods Are Accepted?\"},{\"key\":\"answer\",\"value\":\"Fashion axe DIY jean shorts, swag kale chips meh polaroid kogi butcher Wes Anderson chambray next level semiotics gentrify yr. Voluptate photo booth fugiat Vice. Austin sed Williamsburg, ea labore raw denim voluptate cred proident mixtape excepteur mustache. Twee chia photo booth readymade food truck, hoodie roof party swag keytar PBR DIY.\"}],[{\"key\":\"question\",\"value\":\"Is Buying On-Line Safe?\"},{\"key\":\"answer\",\"value\":\"Art party authentic freegan semiotics jean shorts chia cred. Neutra Austin roof party Brooklyn, synth Thundercats swag 8-bit photo booth. Plaid letterpress leggings craft beer meh ethical Pinterest.\"}]]]',9,'Botble\\Ecommerce\\Models\\Product','2022-09-27 01:54:04','2022-09-27 01:54:04'),(27,'faq_schema_config','[[[{\"key\":\"question\",\"value\":\"What Shipping Methods Are Available?\"},{\"key\":\"answer\",\"value\":\"Ex Portland Pitchfork irure mustache. Eutra fap before they sold out literally. Aliquip ugh bicycle rights actually mlkshk, seitan squid craft beer tempor.\"}],[{\"key\":\"question\",\"value\":\"Do You Ship Internationally?\"},{\"key\":\"answer\",\"value\":\"Hoodie tote bag mixtape tofu. Typewriter jean shorts wolf quinoa, messenger bag organic freegan cray.\"}],[{\"key\":\"question\",\"value\":\"How Long Will It Take To Get My Package?\"},{\"key\":\"answer\",\"value\":\"Swag slow-carb quinoa VHS typewriter pork belly brunch, paleo single-origin coffee Wes Anderson. Flexitarian Pitchfork forage, literally paleo fap pour-over. Wes Anderson Pinterest YOLO fanny pack meggings, deep v XOXO chambray sustainable slow-carb raw denim church-key fap chillwave Etsy. +1 typewriter kitsch, American Apparel tofu Banksy Vice.\"}],[{\"key\":\"question\",\"value\":\"What Payment Methods Are Accepted?\"},{\"key\":\"answer\",\"value\":\"Fashion axe DIY jean shorts, swag kale chips meh polaroid kogi butcher Wes Anderson chambray next level semiotics gentrify yr. Voluptate photo booth fugiat Vice. Austin sed Williamsburg, ea labore raw denim voluptate cred proident mixtape excepteur mustache. Twee chia photo booth readymade food truck, hoodie roof party swag keytar PBR DIY.\"}],[{\"key\":\"question\",\"value\":\"Is Buying On-Line Safe?\"},{\"key\":\"answer\",\"value\":\"Art party authentic freegan semiotics jean shorts chia cred. Neutra Austin roof party Brooklyn, synth Thundercats swag 8-bit photo booth. Plaid letterpress leggings craft beer meh ethical Pinterest.\"}]]]',10,'Botble\\Ecommerce\\Models\\Product','2022-09-27 01:54:04','2022-09-27 01:54:04'),(28,'faq_schema_config','[[[{\"key\":\"question\",\"value\":\"What Shipping Methods Are Available?\"},{\"key\":\"answer\",\"value\":\"Ex Portland Pitchfork irure mustache. Eutra fap before they sold out literally. Aliquip ugh bicycle rights actually mlkshk, seitan squid craft beer tempor.\"}],[{\"key\":\"question\",\"value\":\"Do You Ship Internationally?\"},{\"key\":\"answer\",\"value\":\"Hoodie tote bag mixtape tofu. Typewriter jean shorts wolf quinoa, messenger bag organic freegan cray.\"}],[{\"key\":\"question\",\"value\":\"How Long Will It Take To Get My Package?\"},{\"key\":\"answer\",\"value\":\"Swag slow-carb quinoa VHS typewriter pork belly brunch, paleo single-origin coffee Wes Anderson. Flexitarian Pitchfork forage, literally paleo fap pour-over. Wes Anderson Pinterest YOLO fanny pack meggings, deep v XOXO chambray sustainable slow-carb raw denim church-key fap chillwave Etsy. +1 typewriter kitsch, American Apparel tofu Banksy Vice.\"}],[{\"key\":\"question\",\"value\":\"What Payment Methods Are Accepted?\"},{\"key\":\"answer\",\"value\":\"Fashion axe DIY jean shorts, swag kale chips meh polaroid kogi butcher Wes Anderson chambray next level semiotics gentrify yr. Voluptate photo booth fugiat Vice. Austin sed Williamsburg, ea labore raw denim voluptate cred proident mixtape excepteur mustache. Twee chia photo booth readymade food truck, hoodie roof party swag keytar PBR DIY.\"}],[{\"key\":\"question\",\"value\":\"Is Buying On-Line Safe?\"},{\"key\":\"answer\",\"value\":\"Art party authentic freegan semiotics jean shorts chia cred. Neutra Austin roof party Brooklyn, synth Thundercats swag 8-bit photo booth. Plaid letterpress leggings craft beer meh ethical Pinterest.\"}]]]',11,'Botble\\Ecommerce\\Models\\Product','2022-09-27 01:54:04','2022-09-27 01:54:04'),(29,'faq_schema_config','[[[{\"key\":\"question\",\"value\":\"What Shipping Methods Are Available?\"},{\"key\":\"answer\",\"value\":\"Ex Portland Pitchfork irure mustache. Eutra fap before they sold out literally. Aliquip ugh bicycle rights actually mlkshk, seitan squid craft beer tempor.\"}],[{\"key\":\"question\",\"value\":\"Do You Ship Internationally?\"},{\"key\":\"answer\",\"value\":\"Hoodie tote bag mixtape tofu. Typewriter jean shorts wolf quinoa, messenger bag organic freegan cray.\"}],[{\"key\":\"question\",\"value\":\"How Long Will It Take To Get My Package?\"},{\"key\":\"answer\",\"value\":\"Swag slow-carb quinoa VHS typewriter pork belly brunch, paleo single-origin coffee Wes Anderson. Flexitarian Pitchfork forage, literally paleo fap pour-over. Wes Anderson Pinterest YOLO fanny pack meggings, deep v XOXO chambray sustainable slow-carb raw denim church-key fap chillwave Etsy. +1 typewriter kitsch, American Apparel tofu Banksy Vice.\"}],[{\"key\":\"question\",\"value\":\"What Payment Methods Are Accepted?\"},{\"key\":\"answer\",\"value\":\"Fashion axe DIY jean shorts, swag kale chips meh polaroid kogi butcher Wes Anderson chambray next level semiotics gentrify yr. Voluptate photo booth fugiat Vice. Austin sed Williamsburg, ea labore raw denim voluptate cred proident mixtape excepteur mustache. Twee chia photo booth readymade food truck, hoodie roof party swag keytar PBR DIY.\"}],[{\"key\":\"question\",\"value\":\"Is Buying On-Line Safe?\"},{\"key\":\"answer\",\"value\":\"Art party authentic freegan semiotics jean shorts chia cred. Neutra Austin roof party Brooklyn, synth Thundercats swag 8-bit photo booth. Plaid letterpress leggings craft beer meh ethical Pinterest.\"}]]]',12,'Botble\\Ecommerce\\Models\\Product','2022-09-27 01:54:04','2022-09-27 01:54:04'),(30,'faq_schema_config','[[[{\"key\":\"question\",\"value\":\"What Shipping Methods Are Available?\"},{\"key\":\"answer\",\"value\":\"Ex Portland Pitchfork irure mustache. Eutra fap before they sold out literally. Aliquip ugh bicycle rights actually mlkshk, seitan squid craft beer tempor.\"}],[{\"key\":\"question\",\"value\":\"Do You Ship Internationally?\"},{\"key\":\"answer\",\"value\":\"Hoodie tote bag mixtape tofu. Typewriter jean shorts wolf quinoa, messenger bag organic freegan cray.\"}],[{\"key\":\"question\",\"value\":\"How Long Will It Take To Get My Package?\"},{\"key\":\"answer\",\"value\":\"Swag slow-carb quinoa VHS typewriter pork belly brunch, paleo single-origin coffee Wes Anderson. Flexitarian Pitchfork forage, literally paleo fap pour-over. Wes Anderson Pinterest YOLO fanny pack meggings, deep v XOXO chambray sustainable slow-carb raw denim church-key fap chillwave Etsy. +1 typewriter kitsch, American Apparel tofu Banksy Vice.\"}],[{\"key\":\"question\",\"value\":\"What Payment Methods Are Accepted?\"},{\"key\":\"answer\",\"value\":\"Fashion axe DIY jean shorts, swag kale chips meh polaroid kogi butcher Wes Anderson chambray next level semiotics gentrify yr. Voluptate photo booth fugiat Vice. Austin sed Williamsburg, ea labore raw denim voluptate cred proident mixtape excepteur mustache. Twee chia photo booth readymade food truck, hoodie roof party swag keytar PBR DIY.\"}],[{\"key\":\"question\",\"value\":\"Is Buying On-Line Safe?\"},{\"key\":\"answer\",\"value\":\"Art party authentic freegan semiotics jean shorts chia cred. Neutra Austin roof party Brooklyn, synth Thundercats swag 8-bit photo booth. Plaid letterpress leggings craft beer meh ethical Pinterest.\"}]]]',13,'Botble\\Ecommerce\\Models\\Product','2022-09-27 01:54:04','2022-09-27 01:54:04'),(31,'faq_schema_config','[[[{\"key\":\"question\",\"value\":\"What Shipping Methods Are Available?\"},{\"key\":\"answer\",\"value\":\"Ex Portland Pitchfork irure mustache. Eutra fap before they sold out literally. Aliquip ugh bicycle rights actually mlkshk, seitan squid craft beer tempor.\"}],[{\"key\":\"question\",\"value\":\"Do You Ship Internationally?\"},{\"key\":\"answer\",\"value\":\"Hoodie tote bag mixtape tofu. Typewriter jean shorts wolf quinoa, messenger bag organic freegan cray.\"}],[{\"key\":\"question\",\"value\":\"How Long Will It Take To Get My Package?\"},{\"key\":\"answer\",\"value\":\"Swag slow-carb quinoa VHS typewriter pork belly brunch, paleo single-origin coffee Wes Anderson. Flexitarian Pitchfork forage, literally paleo fap pour-over. Wes Anderson Pinterest YOLO fanny pack meggings, deep v XOXO chambray sustainable slow-carb raw denim church-key fap chillwave Etsy. +1 typewriter kitsch, American Apparel tofu Banksy Vice.\"}],[{\"key\":\"question\",\"value\":\"What Payment Methods Are Accepted?\"},{\"key\":\"answer\",\"value\":\"Fashion axe DIY jean shorts, swag kale chips meh polaroid kogi butcher Wes Anderson chambray next level semiotics gentrify yr. Voluptate photo booth fugiat Vice. Austin sed Williamsburg, ea labore raw denim voluptate cred proident mixtape excepteur mustache. Twee chia photo booth readymade food truck, hoodie roof party swag keytar PBR DIY.\"}],[{\"key\":\"question\",\"value\":\"Is Buying On-Line Safe?\"},{\"key\":\"answer\",\"value\":\"Art party authentic freegan semiotics jean shorts chia cred. Neutra Austin roof party Brooklyn, synth Thundercats swag 8-bit photo booth. Plaid letterpress leggings craft beer meh ethical Pinterest.\"}]]]',14,'Botble\\Ecommerce\\Models\\Product','2022-09-27 01:54:04','2022-09-27 01:54:04'),(32,'faq_schema_config','[[[{\"key\":\"question\",\"value\":\"What Shipping Methods Are Available?\"},{\"key\":\"answer\",\"value\":\"Ex Portland Pitchfork irure mustache. Eutra fap before they sold out literally. Aliquip ugh bicycle rights actually mlkshk, seitan squid craft beer tempor.\"}],[{\"key\":\"question\",\"value\":\"Do You Ship Internationally?\"},{\"key\":\"answer\",\"value\":\"Hoodie tote bag mixtape tofu. Typewriter jean shorts wolf quinoa, messenger bag organic freegan cray.\"}],[{\"key\":\"question\",\"value\":\"How Long Will It Take To Get My Package?\"},{\"key\":\"answer\",\"value\":\"Swag slow-carb quinoa VHS typewriter pork belly brunch, paleo single-origin coffee Wes Anderson. Flexitarian Pitchfork forage, literally paleo fap pour-over. Wes Anderson Pinterest YOLO fanny pack meggings, deep v XOXO chambray sustainable slow-carb raw denim church-key fap chillwave Etsy. +1 typewriter kitsch, American Apparel tofu Banksy Vice.\"}],[{\"key\":\"question\",\"value\":\"What Payment Methods Are Accepted?\"},{\"key\":\"answer\",\"value\":\"Fashion axe DIY jean shorts, swag kale chips meh polaroid kogi butcher Wes Anderson chambray next level semiotics gentrify yr. Voluptate photo booth fugiat Vice. Austin sed Williamsburg, ea labore raw denim voluptate cred proident mixtape excepteur mustache. Twee chia photo booth readymade food truck, hoodie roof party swag keytar PBR DIY.\"}],[{\"key\":\"question\",\"value\":\"Is Buying On-Line Safe?\"},{\"key\":\"answer\",\"value\":\"Art party authentic freegan semiotics jean shorts chia cred. Neutra Austin roof party Brooklyn, synth Thundercats swag 8-bit photo booth. Plaid letterpress leggings craft beer meh ethical Pinterest.\"}]]]',15,'Botble\\Ecommerce\\Models\\Product','2022-09-27 01:54:04','2022-09-27 01:54:04'),(33,'faq_schema_config','[[[{\"key\":\"question\",\"value\":\"What Shipping Methods Are Available?\"},{\"key\":\"answer\",\"value\":\"Ex Portland Pitchfork irure mustache. Eutra fap before they sold out literally. Aliquip ugh bicycle rights actually mlkshk, seitan squid craft beer tempor.\"}],[{\"key\":\"question\",\"value\":\"Do You Ship Internationally?\"},{\"key\":\"answer\",\"value\":\"Hoodie tote bag mixtape tofu. Typewriter jean shorts wolf quinoa, messenger bag organic freegan cray.\"}],[{\"key\":\"question\",\"value\":\"How Long Will It Take To Get My Package?\"},{\"key\":\"answer\",\"value\":\"Swag slow-carb quinoa VHS typewriter pork belly brunch, paleo single-origin coffee Wes Anderson. Flexitarian Pitchfork forage, literally paleo fap pour-over. Wes Anderson Pinterest YOLO fanny pack meggings, deep v XOXO chambray sustainable slow-carb raw denim church-key fap chillwave Etsy. +1 typewriter kitsch, American Apparel tofu Banksy Vice.\"}],[{\"key\":\"question\",\"value\":\"What Payment Methods Are Accepted?\"},{\"key\":\"answer\",\"value\":\"Fashion axe DIY jean shorts, swag kale chips meh polaroid kogi butcher Wes Anderson chambray next level semiotics gentrify yr. Voluptate photo booth fugiat Vice. Austin sed Williamsburg, ea labore raw denim voluptate cred proident mixtape excepteur mustache. Twee chia photo booth readymade food truck, hoodie roof party swag keytar PBR DIY.\"}],[{\"key\":\"question\",\"value\":\"Is Buying On-Line Safe?\"},{\"key\":\"answer\",\"value\":\"Art party authentic freegan semiotics jean shorts chia cred. Neutra Austin roof party Brooklyn, synth Thundercats swag 8-bit photo booth. Plaid letterpress leggings craft beer meh ethical Pinterest.\"}]]]',16,'Botble\\Ecommerce\\Models\\Product','2022-09-27 01:54:04','2022-09-27 01:54:04'),(34,'faq_schema_config','[[[{\"key\":\"question\",\"value\":\"What Shipping Methods Are Available?\"},{\"key\":\"answer\",\"value\":\"Ex Portland Pitchfork irure mustache. Eutra fap before they sold out literally. Aliquip ugh bicycle rights actually mlkshk, seitan squid craft beer tempor.\"}],[{\"key\":\"question\",\"value\":\"Do You Ship Internationally?\"},{\"key\":\"answer\",\"value\":\"Hoodie tote bag mixtape tofu. Typewriter jean shorts wolf quinoa, messenger bag organic freegan cray.\"}],[{\"key\":\"question\",\"value\":\"How Long Will It Take To Get My Package?\"},{\"key\":\"answer\",\"value\":\"Swag slow-carb quinoa VHS typewriter pork belly brunch, paleo single-origin coffee Wes Anderson. Flexitarian Pitchfork forage, literally paleo fap pour-over. Wes Anderson Pinterest YOLO fanny pack meggings, deep v XOXO chambray sustainable slow-carb raw denim church-key fap chillwave Etsy. +1 typewriter kitsch, American Apparel tofu Banksy Vice.\"}],[{\"key\":\"question\",\"value\":\"What Payment Methods Are Accepted?\"},{\"key\":\"answer\",\"value\":\"Fashion axe DIY jean shorts, swag kale chips meh polaroid kogi butcher Wes Anderson chambray next level semiotics gentrify yr. Voluptate photo booth fugiat Vice. Austin sed Williamsburg, ea labore raw denim voluptate cred proident mixtape excepteur mustache. Twee chia photo booth readymade food truck, hoodie roof party swag keytar PBR DIY.\"}],[{\"key\":\"question\",\"value\":\"Is Buying On-Line Safe?\"},{\"key\":\"answer\",\"value\":\"Art party authentic freegan semiotics jean shorts chia cred. Neutra Austin roof party Brooklyn, synth Thundercats swag 8-bit photo booth. Plaid letterpress leggings craft beer meh ethical Pinterest.\"}]]]',17,'Botble\\Ecommerce\\Models\\Product','2022-09-27 01:54:04','2022-09-27 01:54:04'),(35,'faq_schema_config','[[[{\"key\":\"question\",\"value\":\"What Shipping Methods Are Available?\"},{\"key\":\"answer\",\"value\":\"Ex Portland Pitchfork irure mustache. Eutra fap before they sold out literally. Aliquip ugh bicycle rights actually mlkshk, seitan squid craft beer tempor.\"}],[{\"key\":\"question\",\"value\":\"Do You Ship Internationally?\"},{\"key\":\"answer\",\"value\":\"Hoodie tote bag mixtape tofu. Typewriter jean shorts wolf quinoa, messenger bag organic freegan cray.\"}],[{\"key\":\"question\",\"value\":\"How Long Will It Take To Get My Package?\"},{\"key\":\"answer\",\"value\":\"Swag slow-carb quinoa VHS typewriter pork belly brunch, paleo single-origin coffee Wes Anderson. Flexitarian Pitchfork forage, literally paleo fap pour-over. Wes Anderson Pinterest YOLO fanny pack meggings, deep v XOXO chambray sustainable slow-carb raw denim church-key fap chillwave Etsy. +1 typewriter kitsch, American Apparel tofu Banksy Vice.\"}],[{\"key\":\"question\",\"value\":\"What Payment Methods Are Accepted?\"},{\"key\":\"answer\",\"value\":\"Fashion axe DIY jean shorts, swag kale chips meh polaroid kogi butcher Wes Anderson chambray next level semiotics gentrify yr. Voluptate photo booth fugiat Vice. Austin sed Williamsburg, ea labore raw denim voluptate cred proident mixtape excepteur mustache. Twee chia photo booth readymade food truck, hoodie roof party swag keytar PBR DIY.\"}],[{\"key\":\"question\",\"value\":\"Is Buying On-Line Safe?\"},{\"key\":\"answer\",\"value\":\"Art party authentic freegan semiotics jean shorts chia cred. Neutra Austin roof party Brooklyn, synth Thundercats swag 8-bit photo booth. Plaid letterpress leggings craft beer meh ethical Pinterest.\"}]]]',18,'Botble\\Ecommerce\\Models\\Product','2022-09-27 01:54:04','2022-09-27 01:54:04'),(36,'faq_schema_config','[[[{\"key\":\"question\",\"value\":\"What Shipping Methods Are Available?\"},{\"key\":\"answer\",\"value\":\"Ex Portland Pitchfork irure mustache. Eutra fap before they sold out literally. Aliquip ugh bicycle rights actually mlkshk, seitan squid craft beer tempor.\"}],[{\"key\":\"question\",\"value\":\"Do You Ship Internationally?\"},{\"key\":\"answer\",\"value\":\"Hoodie tote bag mixtape tofu. Typewriter jean shorts wolf quinoa, messenger bag organic freegan cray.\"}],[{\"key\":\"question\",\"value\":\"How Long Will It Take To Get My Package?\"},{\"key\":\"answer\",\"value\":\"Swag slow-carb quinoa VHS typewriter pork belly brunch, paleo single-origin coffee Wes Anderson. Flexitarian Pitchfork forage, literally paleo fap pour-over. Wes Anderson Pinterest YOLO fanny pack meggings, deep v XOXO chambray sustainable slow-carb raw denim church-key fap chillwave Etsy. +1 typewriter kitsch, American Apparel tofu Banksy Vice.\"}],[{\"key\":\"question\",\"value\":\"What Payment Methods Are Accepted?\"},{\"key\":\"answer\",\"value\":\"Fashion axe DIY jean shorts, swag kale chips meh polaroid kogi butcher Wes Anderson chambray next level semiotics gentrify yr. Voluptate photo booth fugiat Vice. Austin sed Williamsburg, ea labore raw denim voluptate cred proident mixtape excepteur mustache. Twee chia photo booth readymade food truck, hoodie roof party swag keytar PBR DIY.\"}],[{\"key\":\"question\",\"value\":\"Is Buying On-Line Safe?\"},{\"key\":\"answer\",\"value\":\"Art party authentic freegan semiotics jean shorts chia cred. Neutra Austin roof party Brooklyn, synth Thundercats swag 8-bit photo booth. Plaid letterpress leggings craft beer meh ethical Pinterest.\"}]]]',19,'Botble\\Ecommerce\\Models\\Product','2022-09-27 01:54:04','2022-09-27 01:54:04'),(37,'faq_schema_config','[[[{\"key\":\"question\",\"value\":\"What Shipping Methods Are Available?\"},{\"key\":\"answer\",\"value\":\"Ex Portland Pitchfork irure mustache. Eutra fap before they sold out literally. Aliquip ugh bicycle rights actually mlkshk, seitan squid craft beer tempor.\"}],[{\"key\":\"question\",\"value\":\"Do You Ship Internationally?\"},{\"key\":\"answer\",\"value\":\"Hoodie tote bag mixtape tofu. Typewriter jean shorts wolf quinoa, messenger bag organic freegan cray.\"}],[{\"key\":\"question\",\"value\":\"How Long Will It Take To Get My Package?\"},{\"key\":\"answer\",\"value\":\"Swag slow-carb quinoa VHS typewriter pork belly brunch, paleo single-origin coffee Wes Anderson. Flexitarian Pitchfork forage, literally paleo fap pour-over. Wes Anderson Pinterest YOLO fanny pack meggings, deep v XOXO chambray sustainable slow-carb raw denim church-key fap chillwave Etsy. +1 typewriter kitsch, American Apparel tofu Banksy Vice.\"}],[{\"key\":\"question\",\"value\":\"What Payment Methods Are Accepted?\"},{\"key\":\"answer\",\"value\":\"Fashion axe DIY jean shorts, swag kale chips meh polaroid kogi butcher Wes Anderson chambray next level semiotics gentrify yr. Voluptate photo booth fugiat Vice. Austin sed Williamsburg, ea labore raw denim voluptate cred proident mixtape excepteur mustache. Twee chia photo booth readymade food truck, hoodie roof party swag keytar PBR DIY.\"}],[{\"key\":\"question\",\"value\":\"Is Buying On-Line Safe?\"},{\"key\":\"answer\",\"value\":\"Art party authentic freegan semiotics jean shorts chia cred. Neutra Austin roof party Brooklyn, synth Thundercats swag 8-bit photo booth. Plaid letterpress leggings craft beer meh ethical Pinterest.\"}]]]',20,'Botble\\Ecommerce\\Models\\Product','2022-09-27 01:54:04','2022-09-27 01:54:04'),(38,'faq_schema_config','[[[{\"key\":\"question\",\"value\":\"What Shipping Methods Are Available?\"},{\"key\":\"answer\",\"value\":\"Ex Portland Pitchfork irure mustache. Eutra fap before they sold out literally. Aliquip ugh bicycle rights actually mlkshk, seitan squid craft beer tempor.\"}],[{\"key\":\"question\",\"value\":\"Do You Ship Internationally?\"},{\"key\":\"answer\",\"value\":\"Hoodie tote bag mixtape tofu. Typewriter jean shorts wolf quinoa, messenger bag organic freegan cray.\"}],[{\"key\":\"question\",\"value\":\"How Long Will It Take To Get My Package?\"},{\"key\":\"answer\",\"value\":\"Swag slow-carb quinoa VHS typewriter pork belly brunch, paleo single-origin coffee Wes Anderson. Flexitarian Pitchfork forage, literally paleo fap pour-over. Wes Anderson Pinterest YOLO fanny pack meggings, deep v XOXO chambray sustainable slow-carb raw denim church-key fap chillwave Etsy. +1 typewriter kitsch, American Apparel tofu Banksy Vice.\"}],[{\"key\":\"question\",\"value\":\"What Payment Methods Are Accepted?\"},{\"key\":\"answer\",\"value\":\"Fashion axe DIY jean shorts, swag kale chips meh polaroid kogi butcher Wes Anderson chambray next level semiotics gentrify yr. Voluptate photo booth fugiat Vice. Austin sed Williamsburg, ea labore raw denim voluptate cred proident mixtape excepteur mustache. Twee chia photo booth readymade food truck, hoodie roof party swag keytar PBR DIY.\"}],[{\"key\":\"question\",\"value\":\"Is Buying On-Line Safe?\"},{\"key\":\"answer\",\"value\":\"Art party authentic freegan semiotics jean shorts chia cred. Neutra Austin roof party Brooklyn, synth Thundercats swag 8-bit photo booth. Plaid letterpress leggings craft beer meh ethical Pinterest.\"}]]]',21,'Botble\\Ecommerce\\Models\\Product','2022-09-27 01:54:04','2022-09-27 01:54:04'),(39,'faq_schema_config','[[[{\"key\":\"question\",\"value\":\"What Shipping Methods Are Available?\"},{\"key\":\"answer\",\"value\":\"Ex Portland Pitchfork irure mustache. Eutra fap before they sold out literally. Aliquip ugh bicycle rights actually mlkshk, seitan squid craft beer tempor.\"}],[{\"key\":\"question\",\"value\":\"Do You Ship Internationally?\"},{\"key\":\"answer\",\"value\":\"Hoodie tote bag mixtape tofu. Typewriter jean shorts wolf quinoa, messenger bag organic freegan cray.\"}],[{\"key\":\"question\",\"value\":\"How Long Will It Take To Get My Package?\"},{\"key\":\"answer\",\"value\":\"Swag slow-carb quinoa VHS typewriter pork belly brunch, paleo single-origin coffee Wes Anderson. Flexitarian Pitchfork forage, literally paleo fap pour-over. Wes Anderson Pinterest YOLO fanny pack meggings, deep v XOXO chambray sustainable slow-carb raw denim church-key fap chillwave Etsy. +1 typewriter kitsch, American Apparel tofu Banksy Vice.\"}],[{\"key\":\"question\",\"value\":\"What Payment Methods Are Accepted?\"},{\"key\":\"answer\",\"value\":\"Fashion axe DIY jean shorts, swag kale chips meh polaroid kogi butcher Wes Anderson chambray next level semiotics gentrify yr. Voluptate photo booth fugiat Vice. Austin sed Williamsburg, ea labore raw denim voluptate cred proident mixtape excepteur mustache. Twee chia photo booth readymade food truck, hoodie roof party swag keytar PBR DIY.\"}],[{\"key\":\"question\",\"value\":\"Is Buying On-Line Safe?\"},{\"key\":\"answer\",\"value\":\"Art party authentic freegan semiotics jean shorts chia cred. Neutra Austin roof party Brooklyn, synth Thundercats swag 8-bit photo booth. Plaid letterpress leggings craft beer meh ethical Pinterest.\"}]]]',22,'Botble\\Ecommerce\\Models\\Product','2022-09-27 01:54:04','2022-09-27 01:54:04'),(40,'faq_schema_config','[[[{\"key\":\"question\",\"value\":\"What Shipping Methods Are Available?\"},{\"key\":\"answer\",\"value\":\"Ex Portland Pitchfork irure mustache. Eutra fap before they sold out literally. Aliquip ugh bicycle rights actually mlkshk, seitan squid craft beer tempor.\"}],[{\"key\":\"question\",\"value\":\"Do You Ship Internationally?\"},{\"key\":\"answer\",\"value\":\"Hoodie tote bag mixtape tofu. Typewriter jean shorts wolf quinoa, messenger bag organic freegan cray.\"}],[{\"key\":\"question\",\"value\":\"How Long Will It Take To Get My Package?\"},{\"key\":\"answer\",\"value\":\"Swag slow-carb quinoa VHS typewriter pork belly brunch, paleo single-origin coffee Wes Anderson. Flexitarian Pitchfork forage, literally paleo fap pour-over. Wes Anderson Pinterest YOLO fanny pack meggings, deep v XOXO chambray sustainable slow-carb raw denim church-key fap chillwave Etsy. +1 typewriter kitsch, American Apparel tofu Banksy Vice.\"}],[{\"key\":\"question\",\"value\":\"What Payment Methods Are Accepted?\"},{\"key\":\"answer\",\"value\":\"Fashion axe DIY jean shorts, swag kale chips meh polaroid kogi butcher Wes Anderson chambray next level semiotics gentrify yr. Voluptate photo booth fugiat Vice. Austin sed Williamsburg, ea labore raw denim voluptate cred proident mixtape excepteur mustache. Twee chia photo booth readymade food truck, hoodie roof party swag keytar PBR DIY.\"}],[{\"key\":\"question\",\"value\":\"Is Buying On-Line Safe?\"},{\"key\":\"answer\",\"value\":\"Art party authentic freegan semiotics jean shorts chia cred. Neutra Austin roof party Brooklyn, synth Thundercats swag 8-bit photo booth. Plaid letterpress leggings craft beer meh ethical Pinterest.\"}]]]',23,'Botble\\Ecommerce\\Models\\Product','2022-09-27 01:54:04','2022-09-27 01:54:04'),(41,'faq_schema_config','[[[{\"key\":\"question\",\"value\":\"What Shipping Methods Are Available?\"},{\"key\":\"answer\",\"value\":\"Ex Portland Pitchfork irure mustache. Eutra fap before they sold out literally. Aliquip ugh bicycle rights actually mlkshk, seitan squid craft beer tempor.\"}],[{\"key\":\"question\",\"value\":\"Do You Ship Internationally?\"},{\"key\":\"answer\",\"value\":\"Hoodie tote bag mixtape tofu. Typewriter jean shorts wolf quinoa, messenger bag organic freegan cray.\"}],[{\"key\":\"question\",\"value\":\"How Long Will It Take To Get My Package?\"},{\"key\":\"answer\",\"value\":\"Swag slow-carb quinoa VHS typewriter pork belly brunch, paleo single-origin coffee Wes Anderson. Flexitarian Pitchfork forage, literally paleo fap pour-over. Wes Anderson Pinterest YOLO fanny pack meggings, deep v XOXO chambray sustainable slow-carb raw denim church-key fap chillwave Etsy. +1 typewriter kitsch, American Apparel tofu Banksy Vice.\"}],[{\"key\":\"question\",\"value\":\"What Payment Methods Are Accepted?\"},{\"key\":\"answer\",\"value\":\"Fashion axe DIY jean shorts, swag kale chips meh polaroid kogi butcher Wes Anderson chambray next level semiotics gentrify yr. Voluptate photo booth fugiat Vice. Austin sed Williamsburg, ea labore raw denim voluptate cred proident mixtape excepteur mustache. Twee chia photo booth readymade food truck, hoodie roof party swag keytar PBR DIY.\"}],[{\"key\":\"question\",\"value\":\"Is Buying On-Line Safe?\"},{\"key\":\"answer\",\"value\":\"Art party authentic freegan semiotics jean shorts chia cred. Neutra Austin roof party Brooklyn, synth Thundercats swag 8-bit photo booth. Plaid letterpress leggings craft beer meh ethical Pinterest.\"}]]]',24,'Botble\\Ecommerce\\Models\\Product','2022-09-27 01:54:04','2022-09-27 01:54:04'),(42,'subtitle','[\"Limited quantities.\"]',1,'Botble\\Ecommerce\\Models\\FlashSale','2022-09-27 01:54:06','2022-09-27 01:54:06'),(43,'image','[\"flash-sales\\/1.jpg\"]',1,'Botble\\Ecommerce\\Models\\FlashSale','2022-09-27 01:54:06','2022-09-27 01:54:06'),(44,'subtitle','[\"Computers & Laptop\"]',2,'Botble\\Ecommerce\\Models\\FlashSale','2022-09-27 01:54:06','2022-09-27 01:54:06'),(45,'image','[\"flash-sales\\/2.jpg\"]',2,'Botble\\Ecommerce\\Models\\FlashSale','2022-09-27 01:54:06','2022-09-27 01:54:06'),(46,'vi_subtitle','[\"Gi\\u1edbi h\\u1ea1n s\\u1ed1 l\\u01b0\\u1ee3ng\"]',1,'Botble\\Ecommerce\\Models\\FlashSale','2022-09-27 01:54:06','2022-09-27 01:54:06'),(47,'vi_image','[\"flash-sales\\/1.jpg\"]',1,'Botble\\Ecommerce\\Models\\FlashSale','2022-09-27 01:54:06','2022-09-27 01:54:06'),(48,'vi_subtitle','[\"M\\u00e1y t\\u00ednh b\\u00e0n & Laptop\"]',2,'Botble\\Ecommerce\\Models\\FlashSale','2022-09-27 01:54:06','2022-09-27 01:54:06'),(49,'vi_image','[\"flash-sales\\/2.jpg\"]',2,'Botble\\Ecommerce\\Models\\FlashSale','2022-09-27 01:54:06','2022-09-27 01:54:06'),(50,'button_text','[\"Shop now\"]',1,'Botble\\SimpleSlider\\Models\\SimpleSliderItem','2022-09-27 01:54:09','2022-09-27 01:54:09'),(51,'subtitle','[\"Trade-In Offer\"]',1,'Botble\\SimpleSlider\\Models\\SimpleSliderItem','2022-09-27 01:54:09','2022-09-27 01:54:09'),(52,'highlight_text','[\"On All Products\"]',1,'Botble\\SimpleSlider\\Models\\SimpleSliderItem','2022-09-27 01:54:09','2022-09-27 01:54:09'),(53,'button_text','[\"Discover now\"]',2,'Botble\\SimpleSlider\\Models\\SimpleSliderItem','2022-09-27 01:54:09','2022-09-27 01:54:09'),(54,'subtitle','[\"Tech Promotions\"]',2,'Botble\\SimpleSlider\\Models\\SimpleSliderItem','2022-09-27 01:54:09','2022-09-27 01:54:09'),(55,'highlight_text','[\"Great Collection\"]',2,'Botble\\SimpleSlider\\Models\\SimpleSliderItem','2022-09-27 01:54:09','2022-09-27 01:54:09'),(56,'button_text','[\"Shop now\"]',3,'Botble\\SimpleSlider\\Models\\SimpleSliderItem','2022-09-27 01:54:09','2022-09-27 01:54:09'),(57,'subtitle','[\"Upcoming Offer\"]',3,'Botble\\SimpleSlider\\Models\\SimpleSliderItem','2022-09-27 01:54:09','2022-09-27 01:54:09'),(58,'highlight_text','[\"Manufacturer\"]',3,'Botble\\SimpleSlider\\Models\\SimpleSliderItem','2022-09-27 01:54:09','2022-09-27 01:54:09'),(59,'simple_slider_style','[\"style-2\"]',2,'Botble\\SimpleSlider\\Models\\SimpleSlider','2022-09-27 01:54:09','2022-09-27 01:54:09'),(60,'button_text','[\"Shop now\"]',4,'Botble\\SimpleSlider\\Models\\SimpleSliderItem','2022-09-27 01:54:09','2022-09-27 01:54:09'),(61,'subtitle','[\"Trade-In Offer\"]',4,'Botble\\SimpleSlider\\Models\\SimpleSliderItem','2022-09-27 01:54:09','2022-09-27 01:54:09'),(62,'highlight_text','[\"On All Products\"]',4,'Botble\\SimpleSlider\\Models\\SimpleSliderItem','2022-09-27 01:54:09','2022-09-27 01:54:09'),(63,'button_text','[\"Discover now\"]',5,'Botble\\SimpleSlider\\Models\\SimpleSliderItem','2022-09-27 01:54:09','2022-09-27 01:54:09'),(64,'subtitle','[\"Tech Promotions\"]',5,'Botble\\SimpleSlider\\Models\\SimpleSliderItem','2022-09-27 01:54:09','2022-09-27 01:54:09'),(65,'highlight_text','[\"Great Collection\"]',5,'Botble\\SimpleSlider\\Models\\SimpleSliderItem','2022-09-27 01:54:09','2022-09-27 01:54:09'),(66,'button_text','[\"Shop now\"]',6,'Botble\\SimpleSlider\\Models\\SimpleSliderItem','2022-09-27 01:54:09','2022-09-27 01:54:09'),(67,'subtitle','[\"Upcoming Offer\"]',6,'Botble\\SimpleSlider\\Models\\SimpleSliderItem','2022-09-27 01:54:09','2022-09-27 01:54:09'),(68,'highlight_text','[\"Manufacturer\"]',6,'Botble\\SimpleSlider\\Models\\SimpleSliderItem','2022-09-27 01:54:09','2022-09-27 01:54:09'),(69,'simple_slider_style','[\"style-3\"]',3,'Botble\\SimpleSlider\\Models\\SimpleSlider','2022-09-27 01:54:09','2022-09-27 01:54:09'),(70,'button_text','[\"Shop now\"]',7,'Botble\\SimpleSlider\\Models\\SimpleSliderItem','2022-09-27 01:54:09','2022-09-27 01:54:09'),(71,'subtitle','[\"Trade-In Offer\"]',7,'Botble\\SimpleSlider\\Models\\SimpleSliderItem','2022-09-27 01:54:09','2022-09-27 01:54:09'),(72,'highlight_text','[\"On All Products\"]',7,'Botble\\SimpleSlider\\Models\\SimpleSliderItem','2022-09-27 01:54:09','2022-09-27 01:54:09'),(73,'button_text','[\"Discover now\"]',8,'Botble\\SimpleSlider\\Models\\SimpleSliderItem','2022-09-27 01:54:09','2022-09-27 01:54:09'),(74,'subtitle','[\"Tech Promotions\"]',8,'Botble\\SimpleSlider\\Models\\SimpleSliderItem','2022-09-27 01:54:09','2022-09-27 01:54:09'),(75,'highlight_text','[\"Great Collection\"]',8,'Botble\\SimpleSlider\\Models\\SimpleSliderItem','2022-09-27 01:54:09','2022-09-27 01:54:09'),(76,'simple_slider_style','[\"style-4\"]',4,'Botble\\SimpleSlider\\Models\\SimpleSlider','2022-09-27 01:54:09','2022-09-27 01:54:09'),(77,'button_text','[\"Shop now\"]',9,'Botble\\SimpleSlider\\Models\\SimpleSliderItem','2022-09-27 01:54:09','2022-09-27 01:54:09'),(78,'subtitle','[\"Trade-In Offer\"]',9,'Botble\\SimpleSlider\\Models\\SimpleSliderItem','2022-09-27 01:54:09','2022-09-27 01:54:09'),(79,'highlight_text','[\"On All Products\"]',9,'Botble\\SimpleSlider\\Models\\SimpleSliderItem','2022-09-27 01:54:09','2022-09-27 01:54:09'),(80,'button_text','[\"Discover now\"]',10,'Botble\\SimpleSlider\\Models\\SimpleSliderItem','2022-09-27 01:54:09','2022-09-27 01:54:09'),(81,'subtitle','[\"Tech Promotions\"]',10,'Botble\\SimpleSlider\\Models\\SimpleSliderItem','2022-09-27 01:54:09','2022-09-27 01:54:09'),(82,'highlight_text','[\"Great Collection\"]',10,'Botble\\SimpleSlider\\Models\\SimpleSliderItem','2022-09-27 01:54:09','2022-09-27 01:54:09'),(83,'button_text','[\"Shop now\"]',11,'Botble\\SimpleSlider\\Models\\SimpleSliderItem','2022-09-27 01:54:09','2022-09-27 01:54:09'),(84,'subtitle','[\"Upcoming Offer\"]',11,'Botble\\SimpleSlider\\Models\\SimpleSliderItem','2022-09-27 01:54:09','2022-09-27 01:54:09'),(85,'highlight_text','[\"Manufacturer\"]',11,'Botble\\SimpleSlider\\Models\\SimpleSliderItem','2022-09-27 01:54:09','2022-09-27 01:54:09'),(86,'button_text','[\"Mua ngay\"]',12,'Botble\\SimpleSlider\\Models\\SimpleSliderItem','2022-09-27 01:54:09','2022-09-27 01:54:09'),(87,'subtitle','[\"Khuy\\u1ebfn m\\u00e3i\"]',12,'Botble\\SimpleSlider\\Models\\SimpleSliderItem','2022-09-27 01:54:09','2022-09-27 01:54:09'),(88,'highlight_text','[\"T\\u1ea5t c\\u1ea3 s\\u1ea3n ph\\u1ea9m\"]',12,'Botble\\SimpleSlider\\Models\\SimpleSliderItem','2022-09-27 01:54:09','2022-09-27 01:54:09'),(89,'button_text','[\"Kh\\u00e1m ph\\u00e1 ngay\"]',13,'Botble\\SimpleSlider\\Models\\SimpleSliderItem','2022-09-27 01:54:09','2022-09-27 01:54:09'),(90,'subtitle','[\"Khuy\\u1ebfn m\\u00e3i s\\u1ea3n ph\\u1ea9m c\\u00f4ng ngh\\u1ec7\"]',13,'Botble\\SimpleSlider\\Models\\SimpleSliderItem','2022-09-27 01:54:09','2022-09-27 01:54:09'),(91,'highlight_text','[\"B\\u1ed9 s\\u01b0u t\\u1eadp t\\u1ed1t nh\\u1ea5t\"]',13,'Botble\\SimpleSlider\\Models\\SimpleSliderItem','2022-09-27 01:54:09','2022-09-27 01:54:09'),(92,'button_text','[\"Mua ngay\"]',14,'Botble\\SimpleSlider\\Models\\SimpleSliderItem','2022-09-27 01:54:09','2022-09-27 01:54:09'),(93,'subtitle','[\"Khuy\\u1ebfn m\\u00e3i s\\u1eafp t\\u1edbi\"]',14,'Botble\\SimpleSlider\\Models\\SimpleSliderItem','2022-09-27 01:54:09','2022-09-27 01:54:09'),(94,'highlight_text','[\"Nh\\u00e0 cung c\\u1ea5p\"]',14,'Botble\\SimpleSlider\\Models\\SimpleSliderItem','2022-09-27 01:54:09','2022-09-27 01:54:09'),(95,'simple_slider_style','[\"style-2\"]',6,'Botble\\SimpleSlider\\Models\\SimpleSlider','2022-09-27 01:54:09','2022-09-27 01:54:09'),(96,'button_text','[\"Mua ngay\"]',15,'Botble\\SimpleSlider\\Models\\SimpleSliderItem','2022-09-27 01:54:09','2022-09-27 01:54:09'),(97,'subtitle','[\"Khuy\\u1ebfn m\\u00e3i\"]',15,'Botble\\SimpleSlider\\Models\\SimpleSliderItem','2022-09-27 01:54:09','2022-09-27 01:54:09'),(98,'highlight_text','[\"T\\u1ea5t c\\u1ea3 s\\u1ea3n ph\\u1ea9m\"]',15,'Botble\\SimpleSlider\\Models\\SimpleSliderItem','2022-09-27 01:54:09','2022-09-27 01:54:09'),(99,'button_text','[\"Kh\\u00e1m ph\\u00e1 ngay\"]',16,'Botble\\SimpleSlider\\Models\\SimpleSliderItem','2022-09-27 01:54:09','2022-09-27 01:54:09'),(100,'subtitle','[\"Khuy\\u1ebfn m\\u00e3i s\\u1ea3n ph\\u1ea9m c\\u00f4ng ngh\\u1ec7\"]',16,'Botble\\SimpleSlider\\Models\\SimpleSliderItem','2022-09-27 01:54:09','2022-09-27 01:54:09'),(101,'highlight_text','[\"B\\u1ed9 s\\u01b0u t\\u1eadp t\\u1ed1t nh\\u1ea5t\"]',16,'Botble\\SimpleSlider\\Models\\SimpleSliderItem','2022-09-27 01:54:09','2022-09-27 01:54:09'),(102,'button_text','[\"Mua ngay\"]',17,'Botble\\SimpleSlider\\Models\\SimpleSliderItem','2022-09-27 01:54:09','2022-09-27 01:54:09'),(103,'subtitle','[\"Khuy\\u1ebfn m\\u00e3i s\\u1eafp t\\u1edbi\"]',17,'Botble\\SimpleSlider\\Models\\SimpleSliderItem','2022-09-27 01:54:09','2022-09-27 01:54:09'),(104,'highlight_text','[\"Nh\\u00e0 cung c\\u1ea5p\"]',17,'Botble\\SimpleSlider\\Models\\SimpleSliderItem','2022-09-27 01:54:09','2022-09-27 01:54:09'),(105,'simple_slider_style','[\"style-3\"]',7,'Botble\\SimpleSlider\\Models\\SimpleSlider','2022-09-27 01:54:09','2022-09-27 01:54:09'),(106,'button_text','[\"Mua ngay\"]',18,'Botble\\SimpleSlider\\Models\\SimpleSliderItem','2022-09-27 01:54:09','2022-09-27 01:54:09'),(107,'subtitle','[\"Khuy\\u1ebfn m\\u00e3i\"]',18,'Botble\\SimpleSlider\\Models\\SimpleSliderItem','2022-09-27 01:54:09','2022-09-27 01:54:09'),(108,'highlight_text','[\"T\\u1ea5t c\\u1ea3 s\\u1ea3n ph\\u1ea9m\"]',18,'Botble\\SimpleSlider\\Models\\SimpleSliderItem','2022-09-27 01:54:09','2022-09-27 01:54:09'),(109,'button_text','[\"Kh\\u00e1m ph\\u00e1 ngay\"]',19,'Botble\\SimpleSlider\\Models\\SimpleSliderItem','2022-09-27 01:54:09','2022-09-27 01:54:09'),(110,'subtitle','[\"Khuy\\u1ebfn m\\u00e3i s\\u1ea3n ph\\u1ea9m c\\u00f4ng ngh\\u1ec7\"]',19,'Botble\\SimpleSlider\\Models\\SimpleSliderItem','2022-09-27 01:54:09','2022-09-27 01:54:09'),(111,'highlight_text','[\"B\\u1ed9 s\\u01b0u t\\u1eadp t\\u1ed1t nh\\u1ea5t\"]',19,'Botble\\SimpleSlider\\Models\\SimpleSliderItem','2022-09-27 01:54:09','2022-09-27 01:54:09'),(112,'simple_slider_style','[\"style-4\"]',8,'Botble\\SimpleSlider\\Models\\SimpleSlider','2022-09-27 01:54:09','2022-09-27 01:54:09'),(113,'button_text','[\"Mua ngay\"]',20,'Botble\\SimpleSlider\\Models\\SimpleSliderItem','2022-09-27 01:54:09','2022-09-27 01:54:09'),(114,'subtitle','[\"Khuy\\u1ebfn m\\u00e3i\"]',20,'Botble\\SimpleSlider\\Models\\SimpleSliderItem','2022-09-27 01:54:09','2022-09-27 01:54:09'),(115,'highlight_text','[\"T\\u1ea5t c\\u1ea3 s\\u1ea3n ph\\u1ea9m\"]',20,'Botble\\SimpleSlider\\Models\\SimpleSliderItem','2022-09-27 01:54:09','2022-09-27 01:54:09'),(116,'button_text','[\"Kh\\u00e1m ph\\u00e1 ngay\"]',21,'Botble\\SimpleSlider\\Models\\SimpleSliderItem','2022-09-27 01:54:09','2022-09-27 01:54:09'),(117,'subtitle','[\"Khuy\\u1ebfn m\\u00e3i s\\u1ea3n ph\\u1ea9m c\\u00f4ng ngh\\u1ec7\"]',21,'Botble\\SimpleSlider\\Models\\SimpleSliderItem','2022-09-27 01:54:09','2022-09-27 01:54:09'),(118,'highlight_text','[\"B\\u1ed9 s\\u01b0u t\\u1eadp t\\u1ed1t nh\\u1ea5t\"]',21,'Botble\\SimpleSlider\\Models\\SimpleSliderItem','2022-09-27 01:54:09','2022-09-27 01:54:09'),(119,'button_text','[\"Mua ngay\"]',22,'Botble\\SimpleSlider\\Models\\SimpleSliderItem','2022-09-27 01:54:09','2022-09-27 01:54:09'),(120,'subtitle','[\"Khuy\\u1ebfn m\\u00e3i s\\u1eafp t\\u1edbi\"]',22,'Botble\\SimpleSlider\\Models\\SimpleSliderItem','2022-09-27 01:54:09','2022-09-27 01:54:09'),(121,'highlight_text','[\"Nh\\u00e0 cung c\\u1ea5p\"]',22,'Botble\\SimpleSlider\\Models\\SimpleSliderItem','2022-09-27 01:54:09','2022-09-27 01:54:09'),(122,'layout','[\"blog-post-right-sidebar\"]',1,'Botble\\Blog\\Models\\Post','2022-09-27 01:54:11','2022-09-27 01:54:11'),(123,'layout','[\"blog-post-left-sidebar\"]',2,'Botble\\Blog\\Models\\Post','2022-09-27 01:54:11','2022-09-27 01:54:11'),(124,'layout','[\"blog-post-full-width\"]',3,'Botble\\Blog\\Models\\Post','2022-09-27 01:54:11','2022-09-27 01:54:11'),(125,'layout','[\"blog-post-full-width\"]',4,'Botble\\Blog\\Models\\Post','2022-09-27 01:54:11','2022-09-27 01:54:11'),(126,'header_style','[\"header-style-2\"]',2,'Botble\\Page\\Models\\Page','2022-09-27 01:54:11','2022-09-27 01:54:11'),(127,'expanding_product_categories_on_the_homepage','[\"yes\"]',2,'Botble\\Page\\Models\\Page','2022-09-27 01:54:11','2022-09-27 01:54:11'),(128,'header_style','[\"header-style-3\"]',3,'Botble\\Page\\Models\\Page','2022-09-27 01:54:11','2022-09-27 01:54:11'),(129,'header_style','[\"header-style-4\"]',4,'Botble\\Page\\Models\\Page','2022-09-27 01:54:11','2022-09-27 01:54:11'),(130,'button_text','[\"Shop now\"]',1,'Botble\\Ads\\Models\\Ads','2022-09-27 01:54:12','2022-09-27 01:54:12'),(131,'subtitle','[\"Save 20% on\\niPhone 12\"]',1,'Botble\\Ads\\Models\\Ads','2022-09-27 01:54:12','2022-09-27 01:54:12'),(132,'button_text','[\"Shop now\"]',2,'Botble\\Ads\\Models\\Ads','2022-09-27 01:54:12','2022-09-27 01:54:12'),(133,'subtitle','[\"Great Camera\\nCollection\"]',2,'Botble\\Ads\\Models\\Ads','2022-09-27 01:54:12','2022-09-27 01:54:12'),(134,'button_text','[\"Shop now\"]',3,'Botble\\Ads\\Models\\Ads','2022-09-27 01:54:12','2022-09-27 01:54:12'),(135,'subtitle','[\"Shop Today\\u2019s\\nDeals & Offers\"]',3,'Botble\\Ads\\Models\\Ads','2022-09-27 01:54:12','2022-09-27 01:54:12'),(136,'button_text','[\"Shop now\"]',4,'Botble\\Ads\\Models\\Ads','2022-09-27 01:54:12','2022-09-27 01:54:12'),(137,'subtitle','[\"Save 17% on\\nAssus Laptop\"]',4,'Botble\\Ads\\Models\\Ads','2022-09-27 01:54:12','2022-09-27 01:54:12'),(138,'button_text','[\"Shop now\"]',5,'Botble\\Ads\\Models\\Ads','2022-09-27 01:54:12','2022-09-27 01:54:12'),(139,'subtitle','[\"Save 20% on\\niPhone 12\"]',5,'Botble\\Ads\\Models\\Ads','2022-09-27 01:54:12','2022-09-27 01:54:12'),(140,'button_text','[\"Learn more\"]',6,'Botble\\Ads\\Models\\Ads','2022-09-27 01:54:12','2022-09-27 01:54:12'),(141,'subtitle','[\"We\'re an Apple\\nAuthorised Service Provider\"]',6,'Botble\\Ads\\Models\\Ads','2022-09-27 01:54:12','2022-09-27 01:54:12'),(142,'vi_subtitle','[\"Save 20% on\\niPhone 12\"]',1,'Botble\\Ads\\Models\\Ads','2022-09-27 01:54:12','2022-09-27 01:54:12'),(143,'vi_button_text','[\"Shop now\"]',1,'Botble\\Ads\\Models\\Ads','2022-09-27 01:54:12','2022-09-27 01:54:12'),(144,'vi_subtitle','[\"Great Camera\\nCollection\"]',2,'Botble\\Ads\\Models\\Ads','2022-09-27 01:54:12','2022-09-27 01:54:12'),(145,'vi_button_text','[\"Shop now\"]',2,'Botble\\Ads\\Models\\Ads','2022-09-27 01:54:12','2022-09-27 01:54:12'),(146,'vi_subtitle','[\"Shop Today\\u2019s\\nDeals & Offers\"]',3,'Botble\\Ads\\Models\\Ads','2022-09-27 01:54:12','2022-09-27 01:54:12'),(147,'vi_button_text','[\"Shop now\"]',3,'Botble\\Ads\\Models\\Ads','2022-09-27 01:54:12','2022-09-27 01:54:12'),(148,'vi_subtitle','[\"Save 17% on\\nAssus Laptop\"]',4,'Botble\\Ads\\Models\\Ads','2022-09-27 01:54:12','2022-09-27 01:54:12'),(149,'vi_button_text','[\"Shop now\"]',4,'Botble\\Ads\\Models\\Ads','2022-09-27 01:54:12','2022-09-27 01:54:12'),(150,'vi_subtitle','[\"Save 20% on\\niPhone 12\"]',5,'Botble\\Ads\\Models\\Ads','2022-09-27 01:54:12','2022-09-27 01:54:12'),(151,'vi_button_text','[\"Shop now\"]',5,'Botble\\Ads\\Models\\Ads','2022-09-27 01:54:12','2022-09-27 01:54:12'),(152,'vi_subtitle','[\"We\'re an Apple\\nAuthorised Service Provider\"]',6,'Botble\\Ads\\Models\\Ads','2022-09-27 01:54:12','2022-09-27 01:54:12'),(153,'vi_button_text','[\"Learn more\"]',6,'Botble\\Ads\\Models\\Ads','2022-09-27 01:54:12','2022-09-27 01:54:12');
/*!40000 ALTER TABLE `meta_boxes` ENABLE KEYS */;
UNLOCK TABLES;

--
-- Table structure for table `migrations`
--

DROP TABLE IF EXISTS `migrations`;
/*!40101 SET @saved_cs_client     = @@character_set_client */;
/*!50503 SET character_set_client = utf8mb4 */;
CREATE TABLE `migrations` (
  `id` int unsigned NOT NULL AUTO_INCREMENT,
  `migration` varchar(191) COLLATE utf8mb4_unicode_ci NOT NULL,
  `batch` int NOT NULL,
  PRIMARY KEY (`id`)
) ENGINE=InnoDB AUTO_INCREMENT=85 DEFAULT CHARSET=utf8mb4 COLLATE=utf8mb4_unicode_ci;
/*!40101 SET character_set_client = @saved_cs_client */;

--
-- Dumping data for table `migrations`
--

LOCK TABLES `migrations` WRITE;
/*!40000 ALTER TABLE `migrations` DISABLE KEYS */;
INSERT INTO `migrations` VALUES (1,'2013_04_09_032329_create_base_tables',1),(2,'2013_04_09_062329_create_revisions_table',1),(3,'2014_10_12_000000_create_users_table',1),(4,'2014_10_12_100000_create_password_resets_table',1),(5,'2016_06_10_230148_create_acl_tables',1),(6,'2016_06_14_230857_create_menus_table',1),(7,'2016_06_28_221418_create_pages_table',1),(8,'2016_10_05_074239_create_setting_table',1),(9,'2016_11_28_032840_create_dashboard_widget_tables',1),(10,'2016_12_16_084601_create_widgets_table',1),(11,'2017_05_09_070343_create_media_tables',1),(12,'2017_11_03_070450_create_slug_table',1),(13,'2019_01_05_053554_create_jobs_table',1),(14,'2019_08_19_000000_create_failed_jobs_table',1),(15,'2019_12_14_000001_create_personal_access_tokens_table',1),(16,'2021_08_02_084121_fix_old_shortcode',1),(17,'2022_04_20_100851_add_index_to_media_table',1),(18,'2022_04_20_101046_add_index_to_menu_table',1),(19,'2022_07_10_034813_move_lang_folder_to_root',1),(20,'2022_08_04_051940_add_missing_column_expires_at',1),(21,'2022_09_27_084829_fix_footer_widget',1),(22,'2020_11_18_150916_ads_create_ads_table',2),(23,'2021_12_02_035301_add_ads_translations_table',2),(24,'2015_06_29_025744_create_audit_history',3),(25,'2015_06_18_033822_create_blog_table',4),(26,'2021_02_16_092633_remove_default_value_for_author_type',4),(27,'2021_12_03_030600_create_blog_translations',4),(28,'2022_04_19_113923_add_index_to_table_posts',4),(29,'2016_06_17_091537_create_contacts_table',5),(30,'2020_03_05_041139_create_ecommerce_tables',6),(31,'2021_01_01_044147_ecommerce_create_flash_sale_table',6),(32,'2021_01_17_082713_add_column_is_featured_to_product_collections_table',6),(33,'2021_01_18_024333_add_zip_code_into_table_customer_addresses',6),(34,'2021_02_18_073505_update_table_ec_reviews',6),(35,'2021_03_10_024419_add_column_confirmed_at_to_table_ec_customers',6),(36,'2021_03_10_025153_change_column_tax_amount',6),(37,'2021_03_20_033103_add_column_availability_to_table_ec_products',6),(38,'2021_04_28_074008_ecommerce_create_product_label_table',6),(39,'2021_05_31_173037_ecommerce_create_ec_products_translations',6),(40,'2021_06_28_153141_correct_slugs_data',6),(41,'2021_08_17_105016_remove_column_currency_id_in_some_tables',6),(42,'2021_08_30_142128_add_images_column_to_ec_reviews_table',6),(43,'2021_09_01_115151_remove_unused_fields_in_ec_products',6),(44,'2021_10_04_030050_add_column_created_by_to_table_ec_products',6),(45,'2021_10_05_122616_add_status_column_to_ec_customers_table',6),(46,'2021_11_03_025806_nullable_phone_number_in_ec_customer_addresses',6),(47,'2021_11_23_071403_correct_languages_for_product_variations',6),(48,'2021_11_28_031808_add_product_tags_translations',6),(49,'2021_12_01_031123_add_featured_image_to_ec_products',6),(50,'2022_01_01_033107_update_table_ec_shipments',6),(51,'2022_02_16_042457_improve_product_attribute_sets',6),(52,'2022_03_22_075758_correct_product_name',6),(53,'2022_04_19_113334_add_index_to_ec_products',6),(54,'2022_04_28_144405_remove_unused_table',6),(55,'2022_05_05_115015_create_ec_customer_recently_viewed_products_table',6),(56,'2022_05_18_143720_add_index_to_table_ec_product_categories',6),(57,'2022_06_16_095633_add_index_to_some_tables',6),(58,'2022_06_30_035148_create_order_referrals_table',6),(59,'2022_07_24_153815_add_completed_at_to_ec_orders_table',6),(60,'2022_08_14_032836_create_ec_order_returns_table',6),(61,'2022_08_14_033554_create_ec_order_return_items_table',6),(62,'2022_08_15_040324_add_billing_address',6),(63,'2022_08_30_091114_support_digital_products_table',6),(64,'2018_07_09_221238_create_faq_table',7),(65,'2021_12_03_082134_create_faq_translations',7),(66,'2016_10_03_032336_create_languages_table',8),(67,'2021_10_25_021023_fix-priority-load-for-language-advanced',9),(68,'2021_12_03_075608_create_page_translations',9),(69,'2019_11_18_061011_create_country_table',10),(70,'2021_12_03_084118_create_location_translations',10),(71,'2021_12_03_094518_migrate_old_location_data',10),(72,'2021_12_10_034440_switch_plugin_location_to_use_language_advanced',10),(73,'2022_01_16_085908_improve_plugin_location',10),(74,'2022_08_04_052122_delete_location_backup_tables',10),(75,'2017_10_24_154832_create_newsletter_table',11),(76,'2017_05_18_080441_create_payment_tables',12),(77,'2021_03_27_144913_add_customer_type_into_table_payments',12),(78,'2021_05_24_034720_make_column_currency_nullable',12),(79,'2021_08_09_161302_add_metadata_column_to_payments_table',12),(80,'2021_10_19_020859_update_metadata_field',12),(81,'2022_06_28_151901_activate_paypal_stripe_plugin',12),(82,'2022_07_07_153354_update_charge_id_in_table_payments',12),(83,'2017_07_11_140018_create_simple_slider_table',13),(84,'2016_10_07_193005_create_translations_table',14);
/*!40000 ALTER TABLE `migrations` ENABLE KEYS */;
UNLOCK TABLES;

--
-- Table structure for table `newsletters`
--

DROP TABLE IF EXISTS `newsletters`;
/*!40101 SET @saved_cs_client     = @@character_set_client */;
/*!50503 SET character_set_client = utf8mb4 */;
CREATE TABLE `newsletters` (
  `id` bigint unsigned NOT NULL AUTO_INCREMENT,
  `email` varchar(120) COLLATE utf8mb4_unicode_ci NOT NULL,
  `name` varchar(120) COLLATE utf8mb4_unicode_ci DEFAULT NULL,
  `status` varchar(60) COLLATE utf8mb4_unicode_ci NOT NULL DEFAULT 'subscribed',
  `created_at` timestamp NULL DEFAULT NULL,
  `updated_at` timestamp NULL DEFAULT NULL,
  PRIMARY KEY (`id`)
) ENGINE=InnoDB DEFAULT CHARSET=utf8mb4 COLLATE=utf8mb4_unicode_ci;
/*!40101 SET character_set_client = @saved_cs_client */;

--
-- Dumping data for table `newsletters`
--

LOCK TABLES `newsletters` WRITE;
/*!40000 ALTER TABLE `newsletters` DISABLE KEYS */;
/*!40000 ALTER TABLE `newsletters` ENABLE KEYS */;
UNLOCK TABLES;

--
-- Table structure for table `pages`
--

DROP TABLE IF EXISTS `pages`;
/*!40101 SET @saved_cs_client     = @@character_set_client */;
/*!50503 SET character_set_client = utf8mb4 */;
CREATE TABLE `pages` (
  `id` bigint unsigned NOT NULL AUTO_INCREMENT,
  `name` varchar(120) COLLATE utf8mb4_unicode_ci NOT NULL,
  `content` longtext COLLATE utf8mb4_unicode_ci,
  `user_id` int NOT NULL,
  `image` varchar(255) COLLATE utf8mb4_unicode_ci DEFAULT NULL,
  `template` varchar(60) COLLATE utf8mb4_unicode_ci DEFAULT NULL,
  `is_featured` tinyint NOT NULL DEFAULT '0',
  `description` varchar(400) COLLATE utf8mb4_unicode_ci DEFAULT NULL,
  `status` varchar(60) COLLATE utf8mb4_unicode_ci NOT NULL DEFAULT 'published',
  `created_at` timestamp NULL DEFAULT NULL,
  `updated_at` timestamp NULL DEFAULT NULL,
  PRIMARY KEY (`id`)
) ENGINE=InnoDB AUTO_INCREMENT=15 DEFAULT CHARSET=utf8mb4 COLLATE=utf8mb4_unicode_ci;
/*!40101 SET character_set_client = @saved_cs_client */;

--
-- Dumping data for table `pages`
--

LOCK TABLES `pages` WRITE;
/*!40000 ALTER TABLE `pages` DISABLE KEYS */;
INSERT INTO `pages` VALUES (1,'Homepage','<div>[simple-slider key=\"home-slider-1\" is_autoplay=\"yes\" autoplay_speed=\"5000\"][/simple-slider]</div><div>[site-features icon1=\"general/icon-truck.png\" title1=\"Free Shipping\" subtitle1=\"Orders $50 or more\" icon2=\"general/icon-purchase.png\" title2=\"Free Returns\" subtitle2=\"Within 30 days\" icon3=\"general/icon-bag.png\" title3=\"Get 20% Off 1 Item\" subtitle3=\"When you sign up\" icon4=\"general/icon-operator.png\" title4=\"Support Center\" subtitle4=\"24/7 amazing services\"][/site-features]</div><div>[featured-product-categories title=\"Top Categories\"][/featured-product-categories]</div><div>[product-collections title=\"Exclusive Products\"][/product-collections]</div><div>[theme-ads ads_1=\"IZ6WU8KUALYD\" ads_2=\"ILSFJVYFGCPZ\" ads_3=\"ILSDKVYFGXPH\"][/theme-ads]</div><div>[featured-products title=\"Featured products\"][/featured-products]</div><div>[flash-sale show_popup=\"yes\"][/flash-sale]</div><div>[featured-brands title=\"Featured Brands\"][/featured-brands]</div><div>[product-category-products category_id=\"17\"][/product-category-products]</div><div>[featured-news title=\"Visit Our Blog\"][/featured-news]</div>',1,NULL,'homepage',0,NULL,'published','2022-09-27 01:54:11','2022-09-27 01:54:11'),(2,'Homepage 2','<div>[simple-slider key=\"home-slider-2\" is_autoplay=\"yes\" autoplay_speed=\"5000\"][/simple-slider]</div><div>[theme-ads ads_1=\"IZ6WU8KUALYD\" ads_2=\"ILSFJVYFGCPZ\" ads_3=\"ILSDKVYFGXPH\"][/theme-ads]</div><div>[product-collections title=\"Exclusive Products\"][/product-collections]</div><div>[theme-ads ads_1=\"IZ6WU8KUALYF\"][/theme-ads]</div><div>[featured-products title=\"Featured products\"][/featured-products]</div><div>[flash-sale show_popup=\"yes\"][/flash-sale]</div><div>[featured-brands title=\"Featured Brands\"][/featured-brands]</div><div>[featured-product-categories title=\"Top Categories\"][/featured-product-categories]</div><div>[product-category-products category_id=\"17\"][/product-category-products]</div><div>[featured-news title=\"Visit Our Blog\"][/featured-news]</div><div>[site-features icon1=\"general/icon-truck.png\" title1=\"Free Shipping\" subtitle1=\"Orders $50 or more\" icon2=\"general/icon-purchase.png\" title2=\"Free Returns\" subtitle2=\"Within 30 days\" icon3=\"general/icon-bag.png\" title3=\"Get 20% Off 1 Item\" subtitle3=\"When you sign up\" icon4=\"general/icon-operator.png\" title4=\"Support Center\" subtitle4=\"24/7 amazing services\"][/site-features]</div>',1,NULL,'homepage',0,NULL,'published','2022-09-27 01:54:11','2022-09-27 01:54:11'),(3,'Homepage 3','<div>[simple-slider key=\"home-slider-3\" ads_1=\"ILSDKVYFGXPJ\" ads_2=\"IZ6WU8KUALYE\" is_autoplay=\"yes\" autoplay_speed=\"5000\"][/simple-slider]</div><div>[product-collections title=\"Exclusive Products\"][/product-collections]</div><div>[theme-ads ads_1=\"IZ6WU8KUALYD\" ads_2=\"ILSFJVYFGCPZ\" ads_3=\"ILSDKVYFGXPH\"][/theme-ads]</div><div>[site-features icon1=\"general/icon-truck.png\" title1=\"Free Shipping\" subtitle1=\"Orders $50 or more\" icon2=\"general/icon-purchase.png\" title2=\"Free Returns\" subtitle2=\"Within 30 days\" icon3=\"general/icon-bag.png\" title3=\"Get 20% Off 1 Item\" subtitle3=\"When you sign up\" icon4=\"general/icon-operator.png\" title4=\"Support Center\" subtitle4=\"24/7 amazing services\"][/site-features]</div><div>[featured-product-categories title=\"Top Categories\"][/featured-product-categories]</div><div>[featured-products title=\"Featured products\"][/featured-products]</div><div>[flash-sale show_popup=\"yes\"][/flash-sale]</div><div>[theme-ads ads_1=\"IZ6WU8KUALYF\"][/theme-ads]</div><div>[featured-brands title=\"Featured Brands\"][/featured-brands]</div><div>[product-category-products category_id=\"17\"][/product-category-products]</div><div>[featured-news title=\"Visit Our Blog\"][/featured-news]</div>',1,NULL,'homepage',0,NULL,'published','2022-09-27 01:54:11','2022-09-27 01:54:11'),(4,'Homepage 4','<div>[simple-slider key=\"home-slider-4\" is_autoplay=\"yes\" autoplay_speed=\"5000\"][/simple-slider]</div><div>[site-features icon1=\"general/icon-truck.png\" title1=\"Free Shipping\" subtitle1=\"Orders $50 or more\" icon2=\"general/icon-purchase.png\" title2=\"Free Returns\" subtitle2=\"Within 30 days\" icon3=\"general/icon-bag.png\" title3=\"Get 20% Off 1 Item\" subtitle3=\"When you sign up\" icon4=\"general/icon-operator.png\" title4=\"Support Center\" subtitle4=\"24/7 amazing services\"][/site-features]</div><div>[product-collections title=\"Exclusive Products\"][/product-collections]</div><div>[featured-product-categories title=\"Top Categories\"][/featured-product-categories]</div><div>[theme-ads ads_1=\"IZ6WU8KUALYD\" ads_2=\"ILSFJVYFGCPZ\" ads_3=\"ILSDKVYFGXPH\"][/theme-ads]</div><div>[theme-ads ads_1=\"IZ6WU8KUALYF\"][/theme-ads]</div><div>[featured-products title=\"Featured products\"][/featured-products]</div><div>[flash-sale show_popup=\"yes\"][/flash-sale]</div><div>[featured-brands title=\"Featured Brands\"][/featured-brands]</div><div>[product-category-products category_id=\"17\"][/product-category-products]</div><div>[featured-news title=\"Visit Our Blog\"][/featured-news]</div>',1,NULL,'homepage',0,NULL,'published','2022-09-27 01:54:11','2022-09-27 01:54:11'),(5,'Blog','<p>---</p>',1,NULL,'blog-right-sidebar',0,NULL,'published','2022-09-27 01:54:11','2022-09-27 01:54:11'),(6,'Contact','<p>[google-map]502 New Street, Brighton VIC, Australia[/google-map]</p><p>[our-offices][/our-offices]</p><p>[contact-form][/contact-form]</p>',1,NULL,'default',0,NULL,'published','2022-09-27 01:54:11','2022-09-27 01:54:11'),(7,'About us','<p>I should like to hear his history. I must have been a RED rose-tree, and we put a white one in by mistake; and if the Mock Turtle with a kind of serpent, that\'s all I can reach the key; and if it had grown so large a house, that she wasn\'t a really good school,\' said the King put on his slate with one eye; \'I seem to dry me at home! Why, I do so like that curious song about the reason they\'re called lessons,\' the Gryphon remarked: \'because they lessen from day to day.\' This was such a tiny.</p><p>Pigeon; \'but if they do, why then they\'re a kind of rule, \'and vinegar that makes the world you fly, Like a tea-tray in the middle, wondering how she would get up and straightening itself out again, so violently, that she wanted to send the hedgehog had unrolled itself, and was beating her violently with its mouth open, gazing up into the wood. \'If it had been. But her sister sat still just as usual. \'Come, there\'s no meaning in it,\' said Alice, who felt ready to ask his neighbour to tell him.</p><p>I grow up, I\'ll write one--but I\'m grown up now,\' she added in an agony of terror. \'Oh, there goes his PRECIOUS nose\'; as an explanation. \'Oh, you\'re sure to make out at all comfortable, and it said in a bit.\' \'Perhaps it doesn\'t matter a bit,\' said the Cat, and vanished. Alice was beginning to end,\' said the Duchess; \'and most things twinkled after that--only the March Hare. \'Exactly so,\' said the Gryphon repeated impatiently: \'it begins \"I passed by his garden, and marked, with one finger.</p><p>She generally gave herself very good height indeed!\' said Alice, \'and those twelve creatures,\' (she was obliged to say \'Drink me,\' but the Mouse in the morning, just time to wash the things being alive; for instance, there\'s the arch I\'ve got back to the Caterpillar, and the Queen jumped up in such confusion that she was ever to get through the wood. \'If it had lost something; and she went on saying to herself, \'because of his shrill little voice, the name again!\' \'I won\'t interrupt again. I.</p>',1,NULL,'default',0,NULL,'published','2022-09-27 01:54:11','2022-09-27 01:54:11'),(8,'Cookie Policy','<h3>EU Cookie Consent</h3><p>To use this website we are using Cookies and collecting some data. To be compliant with the EU GDPR we give you to choose if you allow us to use certain Cookies and to collect some Data.</p><h4>Essential Data</h4><p>The Essential Data is needed to run the Site you are visiting technically. You can not deactivate them.</p><p>- Session Cookie: PHP uses a Cookie to identify user sessions. Without this Cookie the Website is not working.</p><p>- XSRF-Token Cookie: Laravel automatically generates a CSRF \"token\" for each active user session managed by the application. This token is used to verify that the authenticated user is the one actually making the requests to the application.</p>',1,NULL,'default',0,NULL,'published','2022-09-27 01:54:11','2022-09-27 01:54:11'),(9,'Terms & Conditions','<p>And he got up very carefully, with one elbow against the ceiling, and had been anything near the door between us. For instance, suppose it doesn\'t matter much,\' thought Alice, \'and why it is to find herself talking familiarly with them, as if it likes.\' \'I\'d rather finish my tea,\' said the Hatter asked triumphantly. Alice did not quite know what they\'re about!\' \'Read them,\' said the one who had been looking at the flowers and the whole party look so grave that she wasn\'t a bit of the.</p><p>And how odd the directions will look! ALICE\'S RIGHT FOOT, ESQ. HEARTHRUG, NEAR THE FENDER, (WITH ALICE\'S LOVE). Oh dear, what nonsense I\'m talking!\' Just then her head struck against the ceiling, and had been anxiously looking across the field after it, \'Mouse dear! Do come back again, and all the rest were quite dry again, the cook had disappeared. \'Never mind!\' said the Duchess, who seemed too much overcome to do this, so she turned the corner, but the Mouse replied rather crossly: \'of.</p><p>It was opened by another footman in livery came running out of that is--\"Be what you mean,\' the March Hare went on. \'Would you tell me, please, which way you can;--but I must be really offended. \'We won\'t talk about wasting IT. It\'s HIM.\' \'I don\'t quite understand you,\' she said, without opening its eyes, for it now, I suppose, by being drowned in my own tears! That WILL be a lesson to you never to lose YOUR temper!\' \'Hold your tongue, Ma!\' said the Cat, \'a dog\'s not mad. You grant that?\' \'I.</p><p>Hatter. Alice felt dreadfully puzzled. The Hatter\'s remark seemed to be listening, so she went on, half to herself, and began staring at the picture.) \'Up, lazy thing!\' said Alice, \'and if it makes rather a hard word, I will just explain to you never to lose YOUR temper!\' \'Hold your tongue!\' added the Hatter, \'when the Queen jumped up and bawled out, \"He\'s murdering the time! Off with his head!\' or \'Off with her friend. When she got to the part about her pet: \'Dinah\'s our cat. And she\'s such a.</p>',1,NULL,'default',0,NULL,'published','2022-09-27 01:54:11','2022-09-27 01:54:11'),(10,'Returns & Exchanges','<p>Queen in a piteous tone. And the Gryphon replied rather impatiently: \'any shrimp could have told you that.\' \'If I\'d been the whiting,\' said the Dormouse, not choosing to notice this last remark, \'it\'s a vegetable. It doesn\'t look like one, but it makes rather a complaining tone, \'and they all cheered. Alice thought this must ever be A secret, kept from all the while, and fighting for the pool as it went. So she was quite silent for a few minutes to see what was the BEST butter, you know.\' \'I.</p><p>I fell off the top of the jurors were writing down \'stupid things!\' on their hands and feet at once, in a great interest in questions of eating and drinking. \'They lived on treacle,\' said the Hatter: \'as the things get used to it in a melancholy tone. \'Nobody seems to be sure, this generally happens when you throw them, and was going to be, from one end to the Caterpillar, and the words came very queer to ME.\' \'You!\' said the Queen, who had meanwhile been examining the roses. \'Off with their.</p><p>The Antipathies, I think--\' (for, you see, Alice had no idea what Latitude or Longitude either, but thought they were nice grand words to say.) Presently she began very cautiously: \'But I don\'t want to go on. \'And so these three weeks!\' \'I\'m very sorry you\'ve been annoyed,\' said Alice, a little startled when she had someone to listen to me! When I used to come down the little crocodile Improve his shining tail, And pour the waters of the Gryphon, half to Alice. \'What sort of chance of getting.</p><p>I don\'t understand. Where did they live at the Queen, pointing to Alice for some minutes. The Caterpillar and Alice joined the procession, wondering very much confused, \'I don\'t much care where--\' said Alice. \'I\'m glad I\'ve seen that done,\' thought Alice. \'I\'m a--I\'m a--\' \'Well! WHAT are you?\' said the Caterpillar. This was such a thing. After a while, finding that nothing more to come, so she turned to the game. CHAPTER IX. The Mock Turtle a little startled when she looked down, was an old.</p>',1,NULL,'default',0,NULL,'published','2022-09-27 01:54:11','2022-09-27 01:54:11'),(11,'Shipping & Delivery','<p>When the sands are all pardoned.\' \'Come, THAT\'S a good many little girls of her voice. Nobody moved. \'Who cares for you?\' said the Mouse. \'Of course,\' the Dodo managed it.) First it marked out a history of the garden, called out in a low voice. \'Not at first, but, after watching it a minute or two. \'They couldn\'t have done just as well as pigs, and was looking up into the air. \'--as far out to sea!\" But the snail replied \"Too far, too far!\" and gave a little snappishly. \'You\'re enough to get.</p><p>Two. Two began in a whisper.) \'That would be quite as safe to stay with it as far as they all moved off, and had to sing you a song?\' \'Oh, a song, please, if the Mock Turtle: \'nine the next, and so on; then, when you\'ve cleared all the rest, Between yourself and me.\' \'That\'s the judge,\' she said aloud. \'I must be off, and that in some alarm. This time there were any tears. No, there were three gardeners at it, busily painting them red. Alice thought to herself in a natural way again. \'I should.</p><p>VERY unpleasant state of mind, she turned to the Caterpillar, and the sounds will take care of themselves.\"\' \'How fond she is only a child!\' The Queen had only one who got any advantage from the sky! Ugh, Serpent!\' \'But I\'m not particular as to size,\' Alice hastily replied; \'at least--at least I mean what I see\"!\' \'You might just as well go in ringlets at all; and I\'m sure she\'s the best plan.\' It sounded an excellent plan, no doubt, and very soon had to kneel down on the same height as.</p><p>For instance, suppose it were nine o\'clock in the distance, screaming with passion. She had already heard her sentence three of the doors of the month, and doesn\'t tell what o\'clock it is!\' \'Why should it?\' muttered the Hatter. \'Does YOUR watch tell you how the game was in confusion, getting the Dormouse went on, spreading out the verses to himself: \'\"WE KNOW IT TO BE TRUE--\" that\'s the queerest thing about it.\' \'She\'s in prison,\' the Queen said to herself what such an extraordinary ways of.</p>',1,NULL,'default',0,NULL,'published','2022-09-27 01:54:11','2022-09-27 01:54:11'),(12,'Privacy Policy','<p>And he got up very carefully, remarking, \'I really must be really offended. \'We won\'t talk about her other little children, and make out what she did, she picked up a little bird as soon as it spoke (it was Bill, the Lizard) could not join the dance?\"\' \'Thank you, it\'s a very truthful child; \'but little girls of her sister, who was gently brushing away some dead leaves that lay far below her. \'What CAN all that green stuff be?\' said Alice. \'Why, SHE,\' said the Caterpillar, just as I was sent.</p><p>While she was a little timidly: \'but it\'s no use now,\' thought poor Alice, that she ran out of THIS!\' (Sounds of more energetic remedies--\' \'Speak English!\' said the March Hare had just succeeded in bringing herself down to nine inches high. CHAPTER VI. Pig and Pepper For a minute or two. \'They couldn\'t have done that, you know,\' said Alice a little three-legged table, all made of solid glass; there was a dead silence. \'It\'s a friend of mine--a Cheshire Cat,\' said Alice: \'I don\'t think--\'.</p><p>Alice\'s first thought was that she had to run back into the garden. Then she went hunting about, and make THEIR eyes bright and eager with many a strange tale, perhaps even with the Queen, who was gently brushing away some dead leaves that had slipped in like herself. \'Would it be of any use, now,\' thought Alice, as she picked her way out. \'I shall do nothing of the trial.\' \'Stupid things!\' Alice thought to herself. \'I dare say there may be different,\' said Alice; \'but a grin without a great.</p><p>March Hare and his buttons, and turns out his toes.\' [later editions continued as follows The Panther took pie-crust, and gravy, and meat, While the Panther received knife and fork with a pair of the sense, and the sounds will take care of the Gryphon, before Alice could think of any good reason, and as for the baby, it was too dark to see it quite plainly through the little magic bottle had now had its full effect, and she went on. \'Would you tell me,\' said Alice, \'and those twelve.</p>',1,NULL,'default',0,NULL,'published','2022-09-27 01:54:11','2022-09-27 01:54:11'),(13,'Blog Left Sidebar','<p>[blog-posts paginate=\"12\"][/blog-posts]</p>',1,NULL,'blog-left-sidebar',0,NULL,'published','2022-09-27 01:54:11','2022-09-27 01:54:11'),(14,'FAQ','<div>[faqs][/faqs]</div>',1,NULL,'default',0,NULL,'published','2022-09-27 01:54:11','2022-09-27 01:54:11');
/*!40000 ALTER TABLE `pages` ENABLE KEYS */;
UNLOCK TABLES;

--
-- Table structure for table `pages_translations`
--

DROP TABLE IF EXISTS `pages_translations`;
/*!40101 SET @saved_cs_client     = @@character_set_client */;
/*!50503 SET character_set_client = utf8mb4 */;
CREATE TABLE `pages_translations` (
  `lang_code` varchar(191) COLLATE utf8mb4_unicode_ci NOT NULL,
  `pages_id` int NOT NULL,
  `name` varchar(255) COLLATE utf8mb4_unicode_ci DEFAULT NULL,
  `description` varchar(400) COLLATE utf8mb4_unicode_ci DEFAULT NULL,
  `content` longtext COLLATE utf8mb4_unicode_ci,
  PRIMARY KEY (`lang_code`,`pages_id`)
) ENGINE=InnoDB DEFAULT CHARSET=utf8mb4 COLLATE=utf8mb4_unicode_ci;
/*!40101 SET character_set_client = @saved_cs_client */;

--
-- Dumping data for table `pages_translations`
--

LOCK TABLES `pages_translations` WRITE;
/*!40000 ALTER TABLE `pages_translations` DISABLE KEYS */;
INSERT INTO `pages_translations` VALUES ('vi',1,'Trang chủ',NULL,'<div>[simple-slider key=\"slider-trang-chu-1\" is_autoplay=\"yes\" autoplay_speed=\"5000\"][/simple-slider]</div><div>[site-features icon1=\"general/icon-truck.png\" title1=\"Miễn phí vận chuyển\" subtitle1=\"Cho đơn hàng từ $50\" icon2=\"general/icon-purchase.png\" title2=\"Miễn phí đổi trả\" subtitle2=\"Trong vòng 30 ngày\" icon3=\"general/icon-bag.png\" title3=\"Giảm 20% mỗi 1 sản phẩm\" subtitle3=\"Khi bạn đăng ký thành viên\" icon4=\"general/icon-operator.png\" title4=\"Hỗ trợ\" subtitle4=\"24/7 dịch vụ tuyệt vời\"][/site-features]</div><div>[featured-product-categories title=\"Danh mục nổi bật\"][/featured-product-categories]</div><div>[product-collections title=\"Sản phẩm độc quyền\"][/product-collections]</div><div>[theme-ads ads_1=\"IZ6WU8KUALYD\" ads_2=\"ILSFJVYFGCPZ\" ads_3=\"ILSDKVYFGXPH\"][/theme-ads]</div><div>[featured-products title=\"Sản phẩm nổi bật\"][/featured-products]</div><div>[flash-sale show_popup=\"yes\"][/flash-sale]</div><div>[featured-brands title=\"Thương hiệu nổi bật\"][/featured-brands]</div><div>[product-category-products category_id=\"17\"][/product-category-products]</div><div>[featured-news title=\"Tin tức mới nhất\"][/featured-news]</div>'),('vi',2,'Trang chủ 2',NULL,'<div>[simple-slider key=\"slider-trang-chu-2\" is_autoplay=\"yes\" autoplay_speed=\"5000\"][/simple-slider]</div><div>[theme-ads ads_1=\"IZ6WU8KUALYD\" ads_2=\"ILSFJVYFGCPZ\" ads_3=\"ILSDKVYFGXPH\"][/theme-ads]</div><div>[product-collections title=\"Sản phẩm độc quyền\"][/product-collections]</div><div>[theme-ads ads_1=\"IZ6WU8KUALYF\"][/theme-ads]</div><div>[featured-products title=\"Sản phẩm nổi bật\"][/featured-products]</div><div>[flash-sale show_popup=\"yes\"][/flash-sale]</div><div>[featured-brands title=\"Thương hiệu nổi bật\"][/featured-brands]</div><div>[featured-product-categories title=\"Danh mục nổi bật\"][/featured-product-categories]</div><div>[product-category-products category_id=\"17\"][/product-category-products]</div><div>[featured-news title=\"Tin tức mới nhất\"][/featured-news]</div><div>[site-features icon1=\"general/icon-truck.png\" title1=\"Miễn phí vận chuyển\" subtitle1=\"Cho đơn hàng từ $50\" icon2=\"general/icon-purchase.png\" title2=\"Miễn phí đổi trả\" subtitle2=\"Trong vòng 30 ngày\" icon3=\"general/icon-bag.png\" title3=\"Giảm 20% mỗi 1 sản phẩm\" subtitle3=\"Khi bạn đăng ký thành viên\" icon4=\"general/icon-operator.png\" title4=\"Hỗ trợ\" subtitle4=\"24/7 dịch vụ tuyệt vời\"][/site-features]</div>'),('vi',3,'Trang chủ 3',NULL,'<div>[simple-slider key=\"slider-trang-chu-3\" ads_1=\"ILSDKVYFGXPJ\" ads_2=\"IZ6WU8KUALYE\" is_autoplay=\"yes\" autoplay_speed=\"5000\"][/simple-slider]</div><div>[product-collections title=\"Sản phẩm độc quyền\"][/product-collections]</div><div>[theme-ads ads_1=\"IZ6WU8KUALYD\" ads_2=\"ILSFJVYFGCPZ\" ads_3=\"ILSDKVYFGXPH\"][/theme-ads]</div><div>[site-features icon1=\"general/icon-truck.png\" title1=\"Miễn phí vận chuyển\" subtitle1=\"Cho đơn hàng từ $50\" icon2=\"general/icon-purchase.png\" title2=\"Miễn phí đổi trả\" subtitle2=\"Trong vòng 30 ngày\" icon3=\"general/icon-bag.png\" title3=\"Giảm 20% mỗi 1 sản phẩm\" subtitle3=\"Khi bạn đăng ký thành viên\" icon4=\"general/icon-operator.png\" title4=\"Hỗ trợ\" subtitle4=\"24/7 dịch vụ tuyệt vời\"][/site-features]</div><div>[featured-product-categories title=\"Danh mục nổi bật\"][/featured-product-categories]</div><div>[featured-products title=\"Sản phẩm nổi bật\"][/featured-products]</div><div>[flash-sale show_popup=\"yes\"][/flash-sale]</div><div>[theme-ads ads_1=\"IZ6WU8KUALYF\"][/theme-ads]</div><div>[featured-brands title=\"Thương hiệu nổi bật\"][/featured-brands]</div><div>[product-category-products category_id=\"17\"][/product-category-products]</div><div>[featured-news title=\"Tin tức mới nhất\"][/featured-news]</div>'),('vi',4,'Trang chủ 4',NULL,'<div>[simple-slider key=\"slider-trang-chu-4\" is_autoplay=\"yes\" autoplay_speed=\"5000\"][/simple-slider]</div><div>[site-features icon1=\"general/icon-truck.png\" title1=\"Miễn phí vận chuyển\" subtitle1=\"Cho đơn hàng từ $50\" icon2=\"general/icon-purchase.png\" title2=\"Miễn phí đổi trả\" subtitle2=\"Trong vòng 30 ngày\" icon3=\"general/icon-bag.png\" title3=\"Giảm 20% mỗi 1 sản phẩm\" subtitle3=\"Khi bạn đăng ký thành viên\" icon4=\"general/icon-operator.png\" title4=\"Hỗ trợ\" subtitle4=\"24/7 dịch vụ tuyệt vời\"][/site-features]</div><div>[product-collections title=\"Sản phẩm độc quyền\"][/product-collections]</div><div>[featured-product-categories title=\"Danh mục nổi bật\"][/featured-product-categories]</div><div>[theme-ads ads_1=\"IZ6WU8KUALYD\" ads_2=\"ILSFJVYFGCPZ\" ads_3=\"ILSDKVYFGXPH\"][/theme-ads]</div><div>[theme-ads ads_1=\"IZ6WU8KUALYF\"][/theme-ads]</div><div>[featured-products title=\"Sản phẩm nổi bật\"][/featured-products]</div><div>[flash-sale show_popup=\"yes\"][/flash-sale]</div><div>[featured-brands title=\"Thương hiệu nổi bật\"][/featured-brands]</div><div>[product-category-products category_id=\"17\"][/product-category-products]</div><div>[featured-news title=\"Tin tức mới nhất\"][/featured-news]</div>'),('vi',5,'Tin tức',NULL,'<p>---</p>'),('vi',6,'Liên hệ',NULL,'<p>[google-map]502 New Street, Brighton VIC, Australia[/google-map]</p><p>[our-offices][/our-offices]</p><p>[contact-form][/contact-form]</p>'),('vi',7,'Về chúng tôi',NULL,'<p>ME\' were beautifully marked in currants. \'Well, I\'ll eat it,\' said the Gryphon. \'Then, you know,\' the Hatter asked triumphantly. Alice did not like to see what was going a journey, I should be like then?\' And she opened the door between us. For instance, suppose it doesn\'t matter which way it was very hot, she kept on good terms with him, he\'d do almost anything you liked with the next witness would be so easily offended!\' \'You\'ll get used up.\' \'But what did the archbishop find?\' The Mouse did.</p><p>NOT, being made entirely of cardboard.) \'All right, so far,\' said the Mouse. \'--I proceed. \"Edwin and Morcar, the earls of Mercia and Northumbria, declared for him: and even Stigand, the patriotic archbishop of Canterbury, found it so quickly that the best of educations--in fact, we went to work very carefully, nibbling first at one end to the beginning of the garden, called out \'The race is over!\' and they lived at the great wonder is, that there\'s any one of them hit her in a very truthful.</p><p>Take your choice!\' The Duchess took no notice of her age knew the meaning of it at all; however, she again heard a little bit of stick, and made a memorandum of the court. (As that is rather a hard word, I will tell you just now what the name \'Alice!\' CHAPTER XII. Alice\'s Evidence \'Here!\' cried Alice, quite forgetting that she hardly knew what she was not here before,\' said Alice,) and round the court with a cart-horse, and expecting every moment to be ashamed of yourself,\' said Alice, \'we.</p><p>I\'m sure she\'s the best plan.\' It sounded an excellent plan, no doubt, and very soon came upon a heap of sticks and dry leaves, and the turtles all advance! They are waiting on the hearth and grinning from ear to ear. \'Please would you tell me,\' said Alice, timidly; \'some of the creature, but on second thoughts she decided on going into the air, mixed up with the Gryphon. Alice did not like to be patted on the stairs. Alice knew it was as long as there was enough of it altogether; but after a.</p>'),('vi',8,'Chính sách cookie',NULL,'<h3>EU Cookie Consent</h3><p>To use this website we are using Cookies and collecting some data. To be compliant with the EU GDPR we give you to choose if you allow us to use certain Cookies and to collect some Data.</p><h4>Essential Data</h4><p>The Essential Data is needed to run the Site you are visiting technically. You can not deactivate them.</p><p>- Session Cookie: PHP uses a Cookie to identify user sessions. Without this Cookie the Website is not working.</p><p>- XSRF-Token Cookie: Laravel automatically generates a CSRF \"token\" for each active user session managed by the application. This token is used to verify that the authenticated user is the one actually making the requests to the application.</p>'),('vi',9,'Điều kiện và điều khoản',NULL,'<p>Alice thought to herself, (not in a bit.\' \'Perhaps it doesn\'t matter a bit,\' she thought there was Mystery,\' the Mock Turtle said: \'I\'m too stiff. And the Eaglet bent down its head impatiently, and said, very gravely, \'I think, you ought to go near the centre of the tail, and ending with the dream of Wonderland of long ago: and how she would catch a bat, and that\'s all the creatures argue. It\'s enough to get into that beautiful garden--how IS that to be trampled under its feet, ran round the.</p><p>King, and the King said, turning to Alice, that she began fancying the sort of way to change the subject of conversation. \'Are you--are you fond--of--of dogs?\' The Mouse did not like to show you! A little bright-eyed terrier, you know, with oh, such long ringlets, and mine doesn\'t go in ringlets at all; however, she waited for a good way off, and had just upset the week before. \'Oh, I know!\' exclaimed Alice, who felt very curious to see that the way I want to go! Let me see: I\'ll give them a.</p><p>Alice said very politely, feeling quite pleased to find herself still in sight, and no more to do it.\' (And, as you can--\' \'Swim after them!\' screamed the Gryphon. \'Turn a somersault in the sun. (IF you don\'t explain it as a boon, Was kindly permitted to pocket the spoon: While the Owl and the Hatter with a little ledge of rock, and, as the White Rabbit hurried by--the frightened Mouse splashed his way through the air! Do you think you could manage it?) \'And what are YOUR shoes done with?\'.</p><p>I give you fair warning,\' shouted the Queen had ordered. They very soon had to do next, when suddenly a footman because he was gone, and, by the hand, it hurried off, without waiting for the accident of the jurors had a consultation about this, and she put her hand again, and the March Hare interrupted in a game of play with a round face, and was just saying to herself, \'if one only knew the meaning of half an hour or so there were three little sisters--they were learning to draw, you know--\'.</p>'),('vi',10,'Chính sách trả hàng',NULL,'<p>White Rabbit as he spoke, and the soldiers remaining behind to execute the unfortunate gardeners, who ran to Alice a little pattering of feet in the pool of tears which she had drunk half the bottle, she found a little startled by seeing the Cheshire Cat sitting on the look-out for serpents night and day! Why, I wouldn\'t be so kind,\' Alice replied, so eagerly that the reason of that?\' \'In my youth,\' said the Queen. \'You make me grow smaller, I can listen all day about it!\' Last came a rumbling.</p><p>Mouse, frowning, but very glad that it was all ridges and furrows; the balls were live hedgehogs, the mallets live flamingoes, and the second time round, she found to be said. At last the Gryphon as if she were saying lessons, and began to cry again. \'You ought to have been a RED rose-tree, and we won\'t talk about wasting IT. It\'s HIM.\' \'I don\'t know what they\'re about!\' \'Read them,\' said the Hatter: \'but you could manage it?) \'And what an ignorant little girl she\'ll think me at all.\' \'In that.</p><p>Caterpillar. \'Is that the poor little feet, I wonder what they\'ll do well enough; don\'t be particular--Here, Bill! catch hold of this remark, and thought to herself, \'Why, they\'re only a pack of cards: the Knave of Hearts, carrying the King\'s crown on a three-legged stool in the shade: however, the moment she appeared; but she did so, very carefully, nibbling first at one end of your flamingo. Shall I try the patience of an oyster!\' \'I wish I hadn\'t cried so much!\' said Alice, as she could.</p><p>Indeed, she had tired herself out with his tea spoon at the Cat\'s head began fading away the moment she felt sure it would like the look of the leaves: \'I should like to hear her try and say \"How doth the little--\"\' and she did not venture to go with the distant sobs of the ground--and I should be free of them didn\'t know it to make the arches. The chief difficulty Alice found at first she would have done that?\' she thought. \'I must be a very short time the Queen said--\' \'Get to your places!\'.</p>'),('vi',11,'Chính sách vận chuyển',NULL,'<p>It\'s high time to hear the words:-- \'I speak severely to my jaw, Has lasted the rest of the cupboards as she could, for the fan she was holding, and she went on, looking anxiously about her. \'Oh, do let me help to undo it!\' \'I shall sit here,\' the Footman remarked, \'till tomorrow--\' At this moment Five, who had been all the jelly-fish out of the e--e--evening, Beautiful, beautiful Soup!\' CHAPTER XI. Who Stole the Tarts? The King and the jury had a little snappishly. \'You\'re enough to get in?\'.</p><p>Alice, who was peeping anxiously into its mouth again, and went to school in the sea. The master was an old conger-eel, that used to come upon them THIS size: why, I should think very likely true.) Down, down, down. There was a table, with a knife, it usually bleeds; and she very good-naturedly began hunting about for a baby: altogether Alice did not get hold of its mouth, and addressed her in the pool of tears which she had somehow fallen into the jury-box, or they would die. \'The trial.</p><p>THAT direction,\' the Cat said, waving its tail about in a large one, but the tops of the jury eagerly wrote down all three dates on their throne when they passed too close, and waving their forepaws to mark the time, while the Dodo solemnly, rising to its feet, \'I move that the hedgehog a blow with its legs hanging down, but generally, just as I tell you!\' But she did not venture to say it any longer than that,\' said the Cat, and vanished again. Alice waited a little, \'From the Queen. \'Well, I.</p><p>King, \'or I\'ll have you executed on the shingle--will you come to an end! \'I wonder how many miles I\'ve fallen by this very sudden change, but very politely: \'Did you speak?\' \'Not I!\' he replied. \'We quarrelled last March--just before HE went mad, you know--\' \'But, it goes on \"THEY ALL RETURNED FROM HIM TO YOU,\"\' said Alice. \'And be quick about it,\' said Alice, who felt very glad to get very tired of this. I vote the young man said, \'And your hair has become very white; And yet I wish you were.</p>'),('vi',12,'Chính sách bảo mật',NULL,'<p>I\'ve had such a curious dream!\' said Alice, and she swam lazily about in the middle, wondering how she would catch a bad cold if she had never before seen a good way off, panting, with its legs hanging down, but generally, just as usual. I wonder who will put on your shoes and stockings for you now, dears? I\'m sure I have done just as if she were saying lessons, and began picking them up again as quickly as she said to the table to measure herself by it, and finding it very nice, (it had, in.</p><p>I can\'t understand it myself to begin again, it was her dream:-- First, she tried to look at the Queen, tossing her head was so long that they could not help bursting out laughing: and when she first saw the Mock Turtle, and to her daughter \'Ah, my dear! I wish I hadn\'t quite finished my tea when I was thinking I should think you could manage it?) \'And what an ignorant little girl or a worm. The question is, what?\' The great question certainly was, what? Alice looked up, but it did not feel.</p><p>I don\'t remember where.\' \'Well, it must be a letter, after all: it\'s a set of verses.\' \'Are they in the schoolroom, and though this was of very little way out of his shrill little voice, the name of nearly everything there. \'That\'s the first sentence in her pocket, and was a dead silence. Alice was so long that they could not possibly reach it: she could not possibly reach it: she could not tell whether they were mine before. If I or she should meet the real Mary Ann, and be turned out of.</p><p>The Mouse did not quite sure whether it was just possible it had been, it suddenly appeared again. \'By-the-bye, what became of the others all joined in chorus, \'Yes, please do!\' but the Rabbit was still in existence; \'and now for the first day,\' said the Mock Turtle: \'why, if a dish or kettle had been (Before she had someone to listen to her. The Cat only grinned a little of her sharp little chin. \'I\'ve a right to grow larger again, and Alice was not here before,\' said Alice,) and round the.</p>'),('vi',13,'Blog Sidebar Trái',NULL,'<p>[blog-posts paginate=\"12\"][/blog-posts]</p>'),('vi',14,'Câu hỏi thường gặp',NULL,'<div>[faqs][/faqs]</div>');
/*!40000 ALTER TABLE `pages_translations` ENABLE KEYS */;
UNLOCK TABLES;

--
-- Table structure for table `password_resets`
--

DROP TABLE IF EXISTS `password_resets`;
/*!40101 SET @saved_cs_client     = @@character_set_client */;
/*!50503 SET character_set_client = utf8mb4 */;
CREATE TABLE `password_resets` (
  `email` varchar(191) COLLATE utf8mb4_unicode_ci NOT NULL,
  `token` varchar(191) COLLATE utf8mb4_unicode_ci NOT NULL,
  `created_at` timestamp NULL DEFAULT NULL,
  KEY `password_resets_email_index` (`email`)
) ENGINE=InnoDB DEFAULT CHARSET=utf8mb4 COLLATE=utf8mb4_unicode_ci;
/*!40101 SET character_set_client = @saved_cs_client */;

--
-- Dumping data for table `password_resets`
--

LOCK TABLES `password_resets` WRITE;
/*!40000 ALTER TABLE `password_resets` DISABLE KEYS */;
/*!40000 ALTER TABLE `password_resets` ENABLE KEYS */;
UNLOCK TABLES;

--
-- Table structure for table `payments`
--

DROP TABLE IF EXISTS `payments`;
/*!40101 SET @saved_cs_client     = @@character_set_client */;
/*!50503 SET character_set_client = utf8mb4 */;
CREATE TABLE `payments` (
  `id` bigint unsigned NOT NULL AUTO_INCREMENT,
  `currency` varchar(120) CHARACTER SET utf8mb4 COLLATE utf8mb4_unicode_ci DEFAULT NULL,
  `user_id` int unsigned NOT NULL DEFAULT '0',
  `charge_id` varchar(255) CHARACTER SET utf8mb4 COLLATE utf8mb4_unicode_ci DEFAULT NULL,
  `payment_channel` varchar(60) COLLATE utf8mb4_unicode_ci DEFAULT NULL,
  `description` varchar(255) COLLATE utf8mb4_unicode_ci DEFAULT NULL,
  `amount` decimal(15,2) unsigned NOT NULL,
  `order_id` int unsigned DEFAULT NULL,
  `status` varchar(60) COLLATE utf8mb4_unicode_ci DEFAULT 'pending',
  `payment_type` varchar(191) COLLATE utf8mb4_unicode_ci DEFAULT 'confirm',
  `customer_id` int unsigned DEFAULT NULL,
  `refunded_amount` decimal(15,2) unsigned DEFAULT NULL,
  `refund_note` varchar(255) COLLATE utf8mb4_unicode_ci DEFAULT NULL,
  `created_at` timestamp NULL DEFAULT NULL,
  `updated_at` timestamp NULL DEFAULT NULL,
  `customer_type` varchar(255) COLLATE utf8mb4_unicode_ci DEFAULT NULL,
  `metadata` mediumtext CHARACTER SET utf8mb4 COLLATE utf8mb4_unicode_ci,
  PRIMARY KEY (`id`)
) ENGINE=InnoDB AUTO_INCREMENT=21 DEFAULT CHARSET=utf8mb4 COLLATE=utf8mb4_unicode_ci;
/*!40101 SET character_set_client = @saved_cs_client */;

--
-- Dumping data for table `payments`
--

LOCK TABLES `payments` WRITE;
/*!40000 ALTER TABLE `payments` DISABLE KEYS */;
INSERT INTO `payments` VALUES (1,'USD',0,'KLIS5KXIFG','paypal',NULL,882.80,1,'completed','confirm',7,NULL,NULL,'2022-09-27 01:54:06','2022-09-27 01:54:06','Botble\\Ecommerce\\Models\\Customer',NULL),(2,'USD',0,'NH1Z4JPUK7','paystack',NULL,656.70,2,'completed','confirm',3,NULL,NULL,'2022-09-27 01:54:06','2022-09-27 01:54:06','Botble\\Ecommerce\\Models\\Customer',NULL),(3,'USD',0,'YXNWYMU7VI','cod',NULL,412.10,3,'pending','confirm',6,NULL,NULL,'2022-09-27 01:54:06','2022-09-27 01:54:06','Botble\\Ecommerce\\Models\\Customer',NULL),(4,'USD',0,'9UHRMEDVM1','bank_transfer',NULL,538.60,4,'pending','confirm',8,NULL,NULL,'2022-09-27 01:54:06','2022-09-27 01:54:06','Botble\\Ecommerce\\Models\\Customer',NULL),(5,'USD',0,'BQBQNIGS5C','sslcommerz',NULL,1458.90,5,'completed','confirm',10,NULL,NULL,'2022-09-27 01:54:06','2022-09-27 01:54:06','Botble\\Ecommerce\\Models\\Customer',NULL),(6,'USD',0,'SW6TUA1T6M','sslcommerz',NULL,755.10,6,'completed','confirm',4,NULL,NULL,'2022-09-27 01:54:06','2022-09-27 01:54:06','Botble\\Ecommerce\\Models\\Customer',NULL),(7,'USD',0,'LRRTS6NAWX','mollie',NULL,761.20,7,'completed','confirm',10,NULL,NULL,'2022-09-27 01:54:06','2022-09-27 01:54:06','Botble\\Ecommerce\\Models\\Customer',NULL),(8,'USD',0,'LKGZIEAVSL','stripe',NULL,1884.80,8,'completed','confirm',4,NULL,NULL,'2022-09-27 01:54:06','2022-09-27 01:54:06','Botble\\Ecommerce\\Models\\Customer',NULL),(9,'USD',0,'JPNBHFMO2F','sslcommerz',NULL,492.20,9,'completed','confirm',5,NULL,NULL,'2022-09-27 01:54:06','2022-09-27 01:54:06','Botble\\Ecommerce\\Models\\Customer',NULL),(10,'USD',0,'7O1BMKJXLL','razorpay',NULL,740.90,10,'completed','confirm',4,NULL,NULL,'2022-09-27 01:54:06','2022-09-27 01:54:06','Botble\\Ecommerce\\Models\\Customer',NULL),(11,'USD',0,'ZKOB2KAWSZ','paystack',NULL,1533.10,11,'completed','confirm',9,NULL,NULL,'2022-09-27 01:54:06','2022-09-27 01:54:06','Botble\\Ecommerce\\Models\\Customer',NULL),(12,'USD',0,'JQ3NIPWILG','mollie',NULL,1436.00,12,'completed','confirm',1,NULL,NULL,'2022-09-27 01:54:06','2022-09-27 01:54:06','Botble\\Ecommerce\\Models\\Customer',NULL),(13,'USD',0,'BCLN2AGBS9','mollie',NULL,2028.10,13,'completed','confirm',1,NULL,NULL,'2022-09-27 01:54:06','2022-09-27 01:54:06','Botble\\Ecommerce\\Models\\Customer',NULL),(14,'USD',0,'GAPIWX4O1Z','razorpay',NULL,1317.10,14,'completed','confirm',2,NULL,NULL,'2022-09-27 01:54:06','2022-09-27 01:54:06','Botble\\Ecommerce\\Models\\Customer',NULL),(15,'USD',0,'XIQ9EMGP3A','cod',NULL,919.20,15,'pending','confirm',3,NULL,NULL,'2022-09-27 01:54:06','2022-09-27 01:54:06','Botble\\Ecommerce\\Models\\Customer',NULL),(16,'USD',0,'SP8YFCDNIK','mollie',NULL,1870.60,16,'completed','confirm',5,NULL,NULL,'2022-09-27 01:54:06','2022-09-27 01:54:06','Botble\\Ecommerce\\Models\\Customer',NULL),(17,'USD',0,'DKVA4F0STH','paypal',NULL,588.00,17,'completed','confirm',1,NULL,NULL,'2022-09-27 01:54:06','2022-09-27 01:54:06','Botble\\Ecommerce\\Models\\Customer',NULL),(18,'USD',0,'FR9NLR7XAY','bank_transfer',NULL,484.60,18,'pending','confirm',4,NULL,NULL,'2022-09-27 01:54:06','2022-09-27 01:54:06','Botble\\Ecommerce\\Models\\Customer',NULL),(19,'USD',0,'GKHJL5RZ5P','paypal',NULL,1522.50,19,'completed','confirm',1,NULL,NULL,'2022-09-27 01:54:06','2022-09-27 01:54:06','Botble\\Ecommerce\\Models\\Customer',NULL),(20,'USD',0,'P1WBON6AG7','paypal',NULL,862.70,20,'completed','confirm',6,NULL,NULL,'2022-09-27 01:54:06','2022-09-27 01:54:06','Botble\\Ecommerce\\Models\\Customer',NULL);
/*!40000 ALTER TABLE `payments` ENABLE KEYS */;
UNLOCK TABLES;

--
-- Table structure for table `personal_access_tokens`
--

DROP TABLE IF EXISTS `personal_access_tokens`;
/*!40101 SET @saved_cs_client     = @@character_set_client */;
/*!50503 SET character_set_client = utf8mb4 */;
CREATE TABLE `personal_access_tokens` (
  `id` bigint unsigned NOT NULL AUTO_INCREMENT,
  `tokenable_type` varchar(191) COLLATE utf8mb4_unicode_ci NOT NULL,
  `tokenable_id` bigint unsigned NOT NULL,
  `name` varchar(191) COLLATE utf8mb4_unicode_ci NOT NULL,
  `token` varchar(64) COLLATE utf8mb4_unicode_ci NOT NULL,
  `abilities` text COLLATE utf8mb4_unicode_ci,
  `last_used_at` timestamp NULL DEFAULT NULL,
  `expires_at` timestamp NULL DEFAULT NULL,
  `created_at` timestamp NULL DEFAULT NULL,
  `updated_at` timestamp NULL DEFAULT NULL,
  PRIMARY KEY (`id`),
  UNIQUE KEY `personal_access_tokens_token_unique` (`token`),
  KEY `personal_access_tokens_tokenable_type_tokenable_id_index` (`tokenable_type`,`tokenable_id`)
) ENGINE=InnoDB DEFAULT CHARSET=utf8mb4 COLLATE=utf8mb4_unicode_ci;
/*!40101 SET character_set_client = @saved_cs_client */;

--
-- Dumping data for table `personal_access_tokens`
--

LOCK TABLES `personal_access_tokens` WRITE;
/*!40000 ALTER TABLE `personal_access_tokens` DISABLE KEYS */;
/*!40000 ALTER TABLE `personal_access_tokens` ENABLE KEYS */;
UNLOCK TABLES;

--
-- Table structure for table `post_categories`
--

DROP TABLE IF EXISTS `post_categories`;
/*!40101 SET @saved_cs_client     = @@character_set_client */;
/*!50503 SET character_set_client = utf8mb4 */;
CREATE TABLE `post_categories` (
  `id` bigint unsigned NOT NULL AUTO_INCREMENT,
  `category_id` int unsigned NOT NULL,
  `post_id` int unsigned NOT NULL,
  PRIMARY KEY (`id`)
) ENGINE=InnoDB AUTO_INCREMENT=23 DEFAULT CHARSET=utf8mb4 COLLATE=utf8mb4_unicode_ci;
/*!40101 SET character_set_client = @saved_cs_client */;

--
-- Dumping data for table `post_categories`
--

LOCK TABLES `post_categories` WRITE;
/*!40000 ALTER TABLE `post_categories` DISABLE KEYS */;
INSERT INTO `post_categories` VALUES (1,2,1),(2,3,1),(3,1,2),(4,4,2),(5,2,3),(6,3,3),(7,2,4),(8,3,4),(9,2,5),(10,3,5),(11,1,6),(12,3,6),(13,1,7),(14,4,7),(15,1,8),(16,4,8),(17,2,9),(18,3,9),(19,2,10),(20,4,10),(21,2,11),(22,3,11);
/*!40000 ALTER TABLE `post_categories` ENABLE KEYS */;
UNLOCK TABLES;

--
-- Table structure for table `post_tags`
--

DROP TABLE IF EXISTS `post_tags`;
/*!40101 SET @saved_cs_client     = @@character_set_client */;
/*!50503 SET character_set_client = utf8mb4 */;
CREATE TABLE `post_tags` (
  `id` bigint unsigned NOT NULL AUTO_INCREMENT,
  `tag_id` int unsigned NOT NULL,
  `post_id` int unsigned NOT NULL,
  PRIMARY KEY (`id`)
) ENGINE=InnoDB AUTO_INCREMENT=56 DEFAULT CHARSET=utf8mb4 COLLATE=utf8mb4_unicode_ci;
/*!40101 SET character_set_client = @saved_cs_client */;

--
-- Dumping data for table `post_tags`
--

LOCK TABLES `post_tags` WRITE;
/*!40000 ALTER TABLE `post_tags` DISABLE KEYS */;
INSERT INTO `post_tags` VALUES (1,1,1),(2,2,1),(3,3,1),(4,4,1),(5,5,1),(6,1,2),(7,2,2),(8,3,2),(9,4,2),(10,5,2),(11,1,3),(12,2,3),(13,3,3),(14,4,3),(15,5,3),(16,1,4),(17,2,4),(18,3,4),(19,4,4),(20,5,4),(21,1,5),(22,2,5),(23,3,5),(24,4,5),(25,5,5),(26,1,6),(27,2,6),(28,3,6),(29,4,6),(30,5,6),(31,1,7),(32,2,7),(33,3,7),(34,4,7),(35,5,7),(36,1,8),(37,2,8),(38,3,8),(39,4,8),(40,5,8),(41,1,9),(42,2,9),(43,3,9),(44,4,9),(45,5,9),(46,1,10),(47,2,10),(48,3,10),(49,4,10),(50,5,10),(51,1,11),(52,2,11),(53,3,11),(54,4,11),(55,5,11);
/*!40000 ALTER TABLE `post_tags` ENABLE KEYS */;
UNLOCK TABLES;

--
-- Table structure for table `posts`
--

DROP TABLE IF EXISTS `posts`;
/*!40101 SET @saved_cs_client     = @@character_set_client */;
/*!50503 SET character_set_client = utf8mb4 */;
CREATE TABLE `posts` (
  `id` bigint unsigned NOT NULL AUTO_INCREMENT,
  `name` varchar(255) COLLATE utf8mb4_unicode_ci NOT NULL,
  `description` varchar(400) COLLATE utf8mb4_unicode_ci DEFAULT NULL,
  `content` longtext COLLATE utf8mb4_unicode_ci,
  `status` varchar(60) COLLATE utf8mb4_unicode_ci NOT NULL DEFAULT 'published',
  `author_id` int NOT NULL,
  `author_type` varchar(255) CHARACTER SET utf8mb4 COLLATE utf8mb4_unicode_ci NOT NULL DEFAULT 'Botble\\ACL\\Models\\User',
  `is_featured` tinyint unsigned NOT NULL DEFAULT '0',
  `image` varchar(255) COLLATE utf8mb4_unicode_ci DEFAULT NULL,
  `views` int unsigned NOT NULL DEFAULT '0',
  `format_type` varchar(30) COLLATE utf8mb4_unicode_ci DEFAULT NULL,
  `created_at` timestamp NULL DEFAULT NULL,
  `updated_at` timestamp NULL DEFAULT NULL,
  PRIMARY KEY (`id`),
  KEY `status` (`status`),
  KEY `author_id` (`author_id`),
  KEY `author_type` (`author_type`),
  KEY `created_at` (`created_at`)
) ENGINE=InnoDB AUTO_INCREMENT=12 DEFAULT CHARSET=utf8mb4 COLLATE=utf8mb4_unicode_ci;
/*!40101 SET character_set_client = @saved_cs_client */;

--
-- Dumping data for table `posts`
--

LOCK TABLES `posts` WRITE;
/*!40000 ALTER TABLE `posts` DISABLE KEYS */;
INSERT INTO `posts` VALUES (1,'4 Expert Tips On How To Choose The Right Men’s Wallet','You should pay more attention when you choose your wallets. There are a lot of them on the market with the different designs and styles. When you choose carefully, you would be able to buy a wallet that is catered to your needs. Not to mention that it will help to enhance your style significantly.','<p>I have seen many people underestimating the power of their wallets. To them, they are just a functional item they use to carry. As a result, they often end up with the wallets which are not really suitable for them.</p>\n\n<p>You should pay more attention when you choose your wallets. There are a lot of them on the market with the different designs and styles. When you choose carefully, you would be able to buy a wallet that is catered to your needs. Not to mention that it will help to enhance your style significantly.</p>\n\n<p style=\"text-align:center\"><img alt=\"f4\" src=\"/storage/news/1.jpg\" /></p>\n\n<p><br />\n&nbsp;</p>\n\n\n\n<p><strong><em>For all of the reason above, here are 7 expert tips to help you pick up the right men&rsquo;s wallet for you:</em></strong></p>\n\n<h4><strong>Number 1: Choose A Neat Wallet</strong></h4>\n\n<p>The wallet is an essential accessory that you should go simple. Simplicity is the best in this case. A simple and neat wallet with the plain color and even&nbsp;<strong>minimalist style</strong>&nbsp;is versatile. It can be used for both formal and casual events. In addition, that wallet will go well with most of the clothes in your wardrobe.</p>\n\n<p>Keep in mind that a wallet will tell other people about your personality and your fashion sense as much as other clothes you put on. Hence, don&rsquo;t go cheesy on your wallet or else people will think that you have a funny and particular style.</p>\n\n<p style=\"text-align:center\"><img alt=\"f5\" src=\"/storage/news/2.jpg\" /></p>\n\n<p><br />\n&nbsp;</p>\n<hr />\n<h4><strong>Number 2: Choose The Right Size For Your Wallet</strong></h4>\n\n<p>You should avoid having an over-sized wallet. Don&rsquo;t think that you need to buy a big wallet because you have a lot to carry with you. In addition, a fat wallet is very ugly. It will make it harder for you to slide the wallet into your trousers&rsquo; pocket. In addition, it will create a bulge and ruin your look.</p>\n\n<p>Before you go on to buy a new wallet, clean out your wallet and place all of the items from your wallet on a table. Throw away things that you would never need any more such as the old bills or the expired gift cards. Remember to check your wallet on a frequent basis to get rid of all of the old stuff that you don&rsquo;t need anymore.</p>\n\n<p style=\"text-align:center\"><img alt=\"f1\" src=\"/storage/news/3.jpg\" /></p>\n\n<p><br />\n&nbsp;</p>\n\n<hr />\n<h4><strong>Number 3: Don&rsquo;t Limit Your Options Of Materials</strong></h4>\n\n<p>The types and designs of wallets are not the only things that you should consider when you go out searching for your best wallet. You have more than 1 option of material rather than leather to choose from as well.</p>\n\n<p>You can experiment with other available options such as cotton, polyester and canvas. They all have their own pros and cons. As a result, they will be suitable for different needs and requirements. You should think about them all in order to choose the material which you would like the most.</p>\n\n<p style=\"text-align:center\"><img alt=\"f6\" height=\"375\" src=\"/storage/news/4.jpg\" /></p>\n\n<p><br />\n&nbsp;</p>\n\n<hr />\n<h4><strong>Number 4: Consider A Wallet As A Long Term Investment</strong></h4>\n\n<p>Your wallet is indeed an investment that you should consider spending a decent amount of time and effort on it. Another factor that you need to consider is how much you want to spend on your wallet. The price ranges of wallets on the market vary a great deal. You can find a wallet which is as cheap as about 5 to 7 dollars. On the other hand, you should expect to pay around 250 to 300 dollars for a high-quality wallet.</p>\n\n<p>In case you need a wallet to use for a long time, it is a good idea that you should invest a decent amount of money on a wallet. A high quality wallet from a reputational brand with the premium quality such as cowhide leather will last for a long time. In addition, it is an accessory to show off your fashion sense and your social status.</p>\n\n<p style=\"text-align:center\"><img alt=\"f2\" height=\"400\" src=\"/storage/news/5.jpg\" /></p>\n\n<p>&nbsp;</p>\n','published',1,'Botble\\ACL\\Models\\User',1,'news/1.jpg',686,NULL,'2022-09-27 01:54:11','2022-09-27 01:54:11'),(2,'Sexy Clutches: How to Buy & Wear a Designer Clutch Bag','You should pay more attention when you choose your wallets. There are a lot of them on the market with the different designs and styles. When you choose carefully, you would be able to buy a wallet that is catered to your needs. Not to mention that it will help to enhance your style significantly.','<p>I have seen many people underestimating the power of their wallets. To them, they are just a functional item they use to carry. As a result, they often end up with the wallets which are not really suitable for them.</p>\n\n<p>You should pay more attention when you choose your wallets. There are a lot of them on the market with the different designs and styles. When you choose carefully, you would be able to buy a wallet that is catered to your needs. Not to mention that it will help to enhance your style significantly.</p>\n\n<p style=\"text-align:center\"><img alt=\"f4\" src=\"/storage/news/1.jpg\" /></p>\n\n<p><br />\n&nbsp;</p>\n\n\n\n<p><strong><em>For all of the reason above, here are 7 expert tips to help you pick up the right men&rsquo;s wallet for you:</em></strong></p>\n\n<h4><strong>Number 1: Choose A Neat Wallet</strong></h4>\n\n<p>The wallet is an essential accessory that you should go simple. Simplicity is the best in this case. A simple and neat wallet with the plain color and even&nbsp;<strong>minimalist style</strong>&nbsp;is versatile. It can be used for both formal and casual events. In addition, that wallet will go well with most of the clothes in your wardrobe.</p>\n\n<p>Keep in mind that a wallet will tell other people about your personality and your fashion sense as much as other clothes you put on. Hence, don&rsquo;t go cheesy on your wallet or else people will think that you have a funny and particular style.</p>\n\n<p style=\"text-align:center\"><img alt=\"f5\" src=\"/storage/news/2.jpg\" /></p>\n\n<p><br />\n&nbsp;</p>\n<hr />\n<h4><strong>Number 2: Choose The Right Size For Your Wallet</strong></h4>\n\n<p>You should avoid having an over-sized wallet. Don&rsquo;t think that you need to buy a big wallet because you have a lot to carry with you. In addition, a fat wallet is very ugly. It will make it harder for you to slide the wallet into your trousers&rsquo; pocket. In addition, it will create a bulge and ruin your look.</p>\n\n<p>Before you go on to buy a new wallet, clean out your wallet and place all of the items from your wallet on a table. Throw away things that you would never need any more such as the old bills or the expired gift cards. Remember to check your wallet on a frequent basis to get rid of all of the old stuff that you don&rsquo;t need anymore.</p>\n\n<p style=\"text-align:center\"><img alt=\"f1\" src=\"/storage/news/3.jpg\" /></p>\n\n<p><br />\n&nbsp;</p>\n\n<hr />\n<h4><strong>Number 3: Don&rsquo;t Limit Your Options Of Materials</strong></h4>\n\n<p>The types and designs of wallets are not the only things that you should consider when you go out searching for your best wallet. You have more than 1 option of material rather than leather to choose from as well.</p>\n\n<p>You can experiment with other available options such as cotton, polyester and canvas. They all have their own pros and cons. As a result, they will be suitable for different needs and requirements. You should think about them all in order to choose the material which you would like the most.</p>\n\n<p style=\"text-align:center\"><img alt=\"f6\" height=\"375\" src=\"/storage/news/4.jpg\" /></p>\n\n<p><br />\n&nbsp;</p>\n\n<hr />\n<h4><strong>Number 4: Consider A Wallet As A Long Term Investment</strong></h4>\n\n<p>Your wallet is indeed an investment that you should consider spending a decent amount of time and effort on it. Another factor that you need to consider is how much you want to spend on your wallet. The price ranges of wallets on the market vary a great deal. You can find a wallet which is as cheap as about 5 to 7 dollars. On the other hand, you should expect to pay around 250 to 300 dollars for a high-quality wallet.</p>\n\n<p>In case you need a wallet to use for a long time, it is a good idea that you should invest a decent amount of money on a wallet. A high quality wallet from a reputational brand with the premium quality such as cowhide leather will last for a long time. In addition, it is an accessory to show off your fashion sense and your social status.</p>\n\n<p style=\"text-align:center\"><img alt=\"f2\" height=\"400\" src=\"/storage/news/5.jpg\" /></p>\n\n<p>&nbsp;</p>\n','published',1,'Botble\\ACL\\Models\\User',1,'news/2.jpg',720,NULL,'2022-09-27 01:54:11','2022-09-27 01:54:11'),(3,'The Top 2020 Handbag Trends to Know','You should pay more attention when you choose your wallets. There are a lot of them on the market with the different designs and styles. When you choose carefully, you would be able to buy a wallet that is catered to your needs. Not to mention that it will help to enhance your style significantly.','<p>I have seen many people underestimating the power of their wallets. To them, they are just a functional item they use to carry. As a result, they often end up with the wallets which are not really suitable for them.</p>\n\n<p>You should pay more attention when you choose your wallets. There are a lot of them on the market with the different designs and styles. When you choose carefully, you would be able to buy a wallet that is catered to your needs. Not to mention that it will help to enhance your style significantly.</p>\n\n<p style=\"text-align:center\"><img alt=\"f4\" src=\"/storage/news/1.jpg\" /></p>\n\n<p><br />\n&nbsp;</p>\n\n\n\n<p><strong><em>For all of the reason above, here are 7 expert tips to help you pick up the right men&rsquo;s wallet for you:</em></strong></p>\n\n<h4><strong>Number 1: Choose A Neat Wallet</strong></h4>\n\n<p>The wallet is an essential accessory that you should go simple. Simplicity is the best in this case. A simple and neat wallet with the plain color and even&nbsp;<strong>minimalist style</strong>&nbsp;is versatile. It can be used for both formal and casual events. In addition, that wallet will go well with most of the clothes in your wardrobe.</p>\n\n<p>Keep in mind that a wallet will tell other people about your personality and your fashion sense as much as other clothes you put on. Hence, don&rsquo;t go cheesy on your wallet or else people will think that you have a funny and particular style.</p>\n\n<p style=\"text-align:center\"><img alt=\"f5\" src=\"/storage/news/2.jpg\" /></p>\n\n<p><br />\n&nbsp;</p>\n<hr />\n<h4><strong>Number 2: Choose The Right Size For Your Wallet</strong></h4>\n\n<p>You should avoid having an over-sized wallet. Don&rsquo;t think that you need to buy a big wallet because you have a lot to carry with you. In addition, a fat wallet is very ugly. It will make it harder for you to slide the wallet into your trousers&rsquo; pocket. In addition, it will create a bulge and ruin your look.</p>\n\n<p>Before you go on to buy a new wallet, clean out your wallet and place all of the items from your wallet on a table. Throw away things that you would never need any more such as the old bills or the expired gift cards. Remember to check your wallet on a frequent basis to get rid of all of the old stuff that you don&rsquo;t need anymore.</p>\n\n<p style=\"text-align:center\"><img alt=\"f1\" src=\"/storage/news/3.jpg\" /></p>\n\n<p><br />\n&nbsp;</p>\n\n<hr />\n<h4><strong>Number 3: Don&rsquo;t Limit Your Options Of Materials</strong></h4>\n\n<p>The types and designs of wallets are not the only things that you should consider when you go out searching for your best wallet. You have more than 1 option of material rather than leather to choose from as well.</p>\n\n<p>You can experiment with other available options such as cotton, polyester and canvas. They all have their own pros and cons. As a result, they will be suitable for different needs and requirements. You should think about them all in order to choose the material which you would like the most.</p>\n\n<p style=\"text-align:center\"><img alt=\"f6\" height=\"375\" src=\"/storage/news/4.jpg\" /></p>\n\n<p><br />\n&nbsp;</p>\n\n<hr />\n<h4><strong>Number 4: Consider A Wallet As A Long Term Investment</strong></h4>\n\n<p>Your wallet is indeed an investment that you should consider spending a decent amount of time and effort on it. Another factor that you need to consider is how much you want to spend on your wallet. The price ranges of wallets on the market vary a great deal. You can find a wallet which is as cheap as about 5 to 7 dollars. On the other hand, you should expect to pay around 250 to 300 dollars for a high-quality wallet.</p>\n\n<p>In case you need a wallet to use for a long time, it is a good idea that you should invest a decent amount of money on a wallet. A high quality wallet from a reputational brand with the premium quality such as cowhide leather will last for a long time. In addition, it is an accessory to show off your fashion sense and your social status.</p>\n\n<p style=\"text-align:center\"><img alt=\"f2\" height=\"400\" src=\"/storage/news/5.jpg\" /></p>\n\n<p>&nbsp;</p>\n','published',1,'Botble\\ACL\\Models\\User',1,'news/3.jpg',2102,NULL,'2022-09-27 01:54:11','2022-09-27 01:54:11'),(4,'How to Match the Color of Your Handbag With an Outfit','You should pay more attention when you choose your wallets. There are a lot of them on the market with the different designs and styles. When you choose carefully, you would be able to buy a wallet that is catered to your needs. Not to mention that it will help to enhance your style significantly.','<p>I have seen many people underestimating the power of their wallets. To them, they are just a functional item they use to carry. As a result, they often end up with the wallets which are not really suitable for them.</p>\n\n<p>You should pay more attention when you choose your wallets. There are a lot of them on the market with the different designs and styles. When you choose carefully, you would be able to buy a wallet that is catered to your needs. Not to mention that it will help to enhance your style significantly.</p>\n\n<p style=\"text-align:center\"><img alt=\"f4\" src=\"/storage/news/1.jpg\" /></p>\n\n<p><br />\n&nbsp;</p>\n\n[featured-products title=\"Shop The Look\" limit=\"6\"][/featured-products]\n\n<p><strong><em>For all of the reason above, here are 7 expert tips to help you pick up the right men&rsquo;s wallet for you:</em></strong></p>\n\n<h4><strong>Number 1: Choose A Neat Wallet</strong></h4>\n\n<p>The wallet is an essential accessory that you should go simple. Simplicity is the best in this case. A simple and neat wallet with the plain color and even&nbsp;<strong>minimalist style</strong>&nbsp;is versatile. It can be used for both formal and casual events. In addition, that wallet will go well with most of the clothes in your wardrobe.</p>\n\n<p>Keep in mind that a wallet will tell other people about your personality and your fashion sense as much as other clothes you put on. Hence, don&rsquo;t go cheesy on your wallet or else people will think that you have a funny and particular style.</p>\n\n<p style=\"text-align:center\"><img alt=\"f5\" src=\"/storage/news/2.jpg\" /></p>\n\n<p><br />\n&nbsp;</p>\n<hr />\n<h4><strong>Number 2: Choose The Right Size For Your Wallet</strong></h4>\n\n<p>You should avoid having an over-sized wallet. Don&rsquo;t think that you need to buy a big wallet because you have a lot to carry with you. In addition, a fat wallet is very ugly. It will make it harder for you to slide the wallet into your trousers&rsquo; pocket. In addition, it will create a bulge and ruin your look.</p>\n\n<p>Before you go on to buy a new wallet, clean out your wallet and place all of the items from your wallet on a table. Throw away things that you would never need any more such as the old bills or the expired gift cards. Remember to check your wallet on a frequent basis to get rid of all of the old stuff that you don&rsquo;t need anymore.</p>\n\n<p style=\"text-align:center\"><img alt=\"f1\" src=\"/storage/news/3.jpg\" /></p>\n\n<p><br />\n&nbsp;</p>\n\n<hr />\n<h4><strong>Number 3: Don&rsquo;t Limit Your Options Of Materials</strong></h4>\n\n<p>The types and designs of wallets are not the only things that you should consider when you go out searching for your best wallet. You have more than 1 option of material rather than leather to choose from as well.</p>\n\n<p>You can experiment with other available options such as cotton, polyester and canvas. They all have their own pros and cons. As a result, they will be suitable for different needs and requirements. You should think about them all in order to choose the material which you would like the most.</p>\n\n<p style=\"text-align:center\"><img alt=\"f6\" height=\"375\" src=\"/storage/news/4.jpg\" /></p>\n\n<p><br />\n&nbsp;</p>\n\n<hr />\n<h4><strong>Number 4: Consider A Wallet As A Long Term Investment</strong></h4>\n\n<p>Your wallet is indeed an investment that you should consider spending a decent amount of time and effort on it. Another factor that you need to consider is how much you want to spend on your wallet. The price ranges of wallets on the market vary a great deal. You can find a wallet which is as cheap as about 5 to 7 dollars. On the other hand, you should expect to pay around 250 to 300 dollars for a high-quality wallet.</p>\n\n<p>In case you need a wallet to use for a long time, it is a good idea that you should invest a decent amount of money on a wallet. A high quality wallet from a reputational brand with the premium quality such as cowhide leather will last for a long time. In addition, it is an accessory to show off your fashion sense and your social status.</p>\n\n<p style=\"text-align:center\"><img alt=\"f2\" height=\"400\" src=\"/storage/news/5.jpg\" /></p>\n\n<p>&nbsp;</p>\n','published',1,'Botble\\ACL\\Models\\User',1,'news/4.jpg',1195,NULL,'2022-09-27 01:54:11','2022-09-27 01:54:11'),(5,'How to Care for Leather Bags','You should pay more attention when you choose your wallets. There are a lot of them on the market with the different designs and styles. When you choose carefully, you would be able to buy a wallet that is catered to your needs. Not to mention that it will help to enhance your style significantly.','<p>I have seen many people underestimating the power of their wallets. To them, they are just a functional item they use to carry. As a result, they often end up with the wallets which are not really suitable for them.</p>\n\n<p>You should pay more attention when you choose your wallets. There are a lot of them on the market with the different designs and styles. When you choose carefully, you would be able to buy a wallet that is catered to your needs. Not to mention that it will help to enhance your style significantly.</p>\n\n<p style=\"text-align:center\"><img alt=\"f4\" src=\"/storage/news/1.jpg\" /></p>\n\n<p><br />\n&nbsp;</p>\n\n\n\n<p><strong><em>For all of the reason above, here are 7 expert tips to help you pick up the right men&rsquo;s wallet for you:</em></strong></p>\n\n<h4><strong>Number 1: Choose A Neat Wallet</strong></h4>\n\n<p>The wallet is an essential accessory that you should go simple. Simplicity is the best in this case. A simple and neat wallet with the plain color and even&nbsp;<strong>minimalist style</strong>&nbsp;is versatile. It can be used for both formal and casual events. In addition, that wallet will go well with most of the clothes in your wardrobe.</p>\n\n<p>Keep in mind that a wallet will tell other people about your personality and your fashion sense as much as other clothes you put on. Hence, don&rsquo;t go cheesy on your wallet or else people will think that you have a funny and particular style.</p>\n\n<p style=\"text-align:center\"><img alt=\"f5\" src=\"/storage/news/2.jpg\" /></p>\n\n<p><br />\n&nbsp;</p>\n<hr />\n<h4><strong>Number 2: Choose The Right Size For Your Wallet</strong></h4>\n\n<p>You should avoid having an over-sized wallet. Don&rsquo;t think that you need to buy a big wallet because you have a lot to carry with you. In addition, a fat wallet is very ugly. It will make it harder for you to slide the wallet into your trousers&rsquo; pocket. In addition, it will create a bulge and ruin your look.</p>\n\n<p>Before you go on to buy a new wallet, clean out your wallet and place all of the items from your wallet on a table. Throw away things that you would never need any more such as the old bills or the expired gift cards. Remember to check your wallet on a frequent basis to get rid of all of the old stuff that you don&rsquo;t need anymore.</p>\n\n<p style=\"text-align:center\"><img alt=\"f1\" src=\"/storage/news/3.jpg\" /></p>\n\n<p><br />\n&nbsp;</p>\n\n<hr />\n<h4><strong>Number 3: Don&rsquo;t Limit Your Options Of Materials</strong></h4>\n\n<p>The types and designs of wallets are not the only things that you should consider when you go out searching for your best wallet. You have more than 1 option of material rather than leather to choose from as well.</p>\n\n<p>You can experiment with other available options such as cotton, polyester and canvas. They all have their own pros and cons. As a result, they will be suitable for different needs and requirements. You should think about them all in order to choose the material which you would like the most.</p>\n\n<p style=\"text-align:center\"><img alt=\"f6\" height=\"375\" src=\"/storage/news/4.jpg\" /></p>\n\n<p><br />\n&nbsp;</p>\n\n<hr />\n<h4><strong>Number 4: Consider A Wallet As A Long Term Investment</strong></h4>\n\n<p>Your wallet is indeed an investment that you should consider spending a decent amount of time and effort on it. Another factor that you need to consider is how much you want to spend on your wallet. The price ranges of wallets on the market vary a great deal. You can find a wallet which is as cheap as about 5 to 7 dollars. On the other hand, you should expect to pay around 250 to 300 dollars for a high-quality wallet.</p>\n\n<p>In case you need a wallet to use for a long time, it is a good idea that you should invest a decent amount of money on a wallet. A high quality wallet from a reputational brand with the premium quality such as cowhide leather will last for a long time. In addition, it is an accessory to show off your fashion sense and your social status.</p>\n\n<p style=\"text-align:center\"><img alt=\"f2\" height=\"400\" src=\"/storage/news/5.jpg\" /></p>\n\n<p>&nbsp;</p>\n','published',1,'Botble\\ACL\\Models\\User',1,'news/5.jpg',881,NULL,'2022-09-27 01:54:11','2022-09-27 01:54:11'),(6,'We\'re Crushing Hard on Summer\'s 10 Biggest Bag Trends','You should pay more attention when you choose your wallets. There are a lot of them on the market with the different designs and styles. When you choose carefully, you would be able to buy a wallet that is catered to your needs. Not to mention that it will help to enhance your style significantly.','<p>I have seen many people underestimating the power of their wallets. To them, they are just a functional item they use to carry. As a result, they often end up with the wallets which are not really suitable for them.</p>\n\n<p>You should pay more attention when you choose your wallets. There are a lot of them on the market with the different designs and styles. When you choose carefully, you would be able to buy a wallet that is catered to your needs. Not to mention that it will help to enhance your style significantly.</p>\n\n<p style=\"text-align:center\"><img alt=\"f4\" src=\"/storage/news/1.jpg\" /></p>\n\n<p><br />\n&nbsp;</p>\n\n\n\n<p><strong><em>For all of the reason above, here are 7 expert tips to help you pick up the right men&rsquo;s wallet for you:</em></strong></p>\n\n<h4><strong>Number 1: Choose A Neat Wallet</strong></h4>\n\n<p>The wallet is an essential accessory that you should go simple. Simplicity is the best in this case. A simple and neat wallet with the plain color and even&nbsp;<strong>minimalist style</strong>&nbsp;is versatile. It can be used for both formal and casual events. In addition, that wallet will go well with most of the clothes in your wardrobe.</p>\n\n<p>Keep in mind that a wallet will tell other people about your personality and your fashion sense as much as other clothes you put on. Hence, don&rsquo;t go cheesy on your wallet or else people will think that you have a funny and particular style.</p>\n\n<p style=\"text-align:center\"><img alt=\"f5\" src=\"/storage/news/2.jpg\" /></p>\n\n<p><br />\n&nbsp;</p>\n<hr />\n<h4><strong>Number 2: Choose The Right Size For Your Wallet</strong></h4>\n\n<p>You should avoid having an over-sized wallet. Don&rsquo;t think that you need to buy a big wallet because you have a lot to carry with you. In addition, a fat wallet is very ugly. It will make it harder for you to slide the wallet into your trousers&rsquo; pocket. In addition, it will create a bulge and ruin your look.</p>\n\n<p>Before you go on to buy a new wallet, clean out your wallet and place all of the items from your wallet on a table. Throw away things that you would never need any more such as the old bills or the expired gift cards. Remember to check your wallet on a frequent basis to get rid of all of the old stuff that you don&rsquo;t need anymore.</p>\n\n<p style=\"text-align:center\"><img alt=\"f1\" src=\"/storage/news/3.jpg\" /></p>\n\n<p><br />\n&nbsp;</p>\n\n<hr />\n<h4><strong>Number 3: Don&rsquo;t Limit Your Options Of Materials</strong></h4>\n\n<p>The types and designs of wallets are not the only things that you should consider when you go out searching for your best wallet. You have more than 1 option of material rather than leather to choose from as well.</p>\n\n<p>You can experiment with other available options such as cotton, polyester and canvas. They all have their own pros and cons. As a result, they will be suitable for different needs and requirements. You should think about them all in order to choose the material which you would like the most.</p>\n\n<p style=\"text-align:center\"><img alt=\"f6\" height=\"375\" src=\"/storage/news/4.jpg\" /></p>\n\n<p><br />\n&nbsp;</p>\n\n<hr />\n<h4><strong>Number 4: Consider A Wallet As A Long Term Investment</strong></h4>\n\n<p>Your wallet is indeed an investment that you should consider spending a decent amount of time and effort on it. Another factor that you need to consider is how much you want to spend on your wallet. The price ranges of wallets on the market vary a great deal. You can find a wallet which is as cheap as about 5 to 7 dollars. On the other hand, you should expect to pay around 250 to 300 dollars for a high-quality wallet.</p>\n\n<p>In case you need a wallet to use for a long time, it is a good idea that you should invest a decent amount of money on a wallet. A high quality wallet from a reputational brand with the premium quality such as cowhide leather will last for a long time. In addition, it is an accessory to show off your fashion sense and your social status.</p>\n\n<p style=\"text-align:center\"><img alt=\"f2\" height=\"400\" src=\"/storage/news/5.jpg\" /></p>\n\n<p>&nbsp;</p>\n','published',1,'Botble\\ACL\\Models\\User',1,'news/6.jpg',1582,NULL,'2022-09-27 01:54:11','2022-09-27 01:54:11'),(7,'Essential Qualities of Highly Successful Music','You should pay more attention when you choose your wallets. There are a lot of them on the market with the different designs and styles. When you choose carefully, you would be able to buy a wallet that is catered to your needs. Not to mention that it will help to enhance your style significantly.','<p>I have seen many people underestimating the power of their wallets. To them, they are just a functional item they use to carry. As a result, they often end up with the wallets which are not really suitable for them.</p>\n\n<p>You should pay more attention when you choose your wallets. There are a lot of them on the market with the different designs and styles. When you choose carefully, you would be able to buy a wallet that is catered to your needs. Not to mention that it will help to enhance your style significantly.</p>\n\n<p style=\"text-align:center\"><img alt=\"f4\" src=\"/storage/news/1.jpg\" /></p>\n\n<p><br />\n&nbsp;</p>\n\n\n\n<p><strong><em>For all of the reason above, here are 7 expert tips to help you pick up the right men&rsquo;s wallet for you:</em></strong></p>\n\n<h4><strong>Number 1: Choose A Neat Wallet</strong></h4>\n\n<p>The wallet is an essential accessory that you should go simple. Simplicity is the best in this case. A simple and neat wallet with the plain color and even&nbsp;<strong>minimalist style</strong>&nbsp;is versatile. It can be used for both formal and casual events. In addition, that wallet will go well with most of the clothes in your wardrobe.</p>\n\n<p>Keep in mind that a wallet will tell other people about your personality and your fashion sense as much as other clothes you put on. Hence, don&rsquo;t go cheesy on your wallet or else people will think that you have a funny and particular style.</p>\n\n<p style=\"text-align:center\"><img alt=\"f5\" src=\"/storage/news/2.jpg\" /></p>\n\n<p><br />\n&nbsp;</p>\n<hr />\n<h4><strong>Number 2: Choose The Right Size For Your Wallet</strong></h4>\n\n<p>You should avoid having an over-sized wallet. Don&rsquo;t think that you need to buy a big wallet because you have a lot to carry with you. In addition, a fat wallet is very ugly. It will make it harder for you to slide the wallet into your trousers&rsquo; pocket. In addition, it will create a bulge and ruin your look.</p>\n\n<p>Before you go on to buy a new wallet, clean out your wallet and place all of the items from your wallet on a table. Throw away things that you would never need any more such as the old bills or the expired gift cards. Remember to check your wallet on a frequent basis to get rid of all of the old stuff that you don&rsquo;t need anymore.</p>\n\n<p style=\"text-align:center\"><img alt=\"f1\" src=\"/storage/news/3.jpg\" /></p>\n\n<p><br />\n&nbsp;</p>\n\n<hr />\n<h4><strong>Number 3: Don&rsquo;t Limit Your Options Of Materials</strong></h4>\n\n<p>The types and designs of wallets are not the only things that you should consider when you go out searching for your best wallet. You have more than 1 option of material rather than leather to choose from as well.</p>\n\n<p>You can experiment with other available options such as cotton, polyester and canvas. They all have their own pros and cons. As a result, they will be suitable for different needs and requirements. You should think about them all in order to choose the material which you would like the most.</p>\n\n<p style=\"text-align:center\"><img alt=\"f6\" height=\"375\" src=\"/storage/news/4.jpg\" /></p>\n\n<p><br />\n&nbsp;</p>\n\n<hr />\n<h4><strong>Number 4: Consider A Wallet As A Long Term Investment</strong></h4>\n\n<p>Your wallet is indeed an investment that you should consider spending a decent amount of time and effort on it. Another factor that you need to consider is how much you want to spend on your wallet. The price ranges of wallets on the market vary a great deal. You can find a wallet which is as cheap as about 5 to 7 dollars. On the other hand, you should expect to pay around 250 to 300 dollars for a high-quality wallet.</p>\n\n<p>In case you need a wallet to use for a long time, it is a good idea that you should invest a decent amount of money on a wallet. A high quality wallet from a reputational brand with the premium quality such as cowhide leather will last for a long time. In addition, it is an accessory to show off your fashion sense and your social status.</p>\n\n<p style=\"text-align:center\"><img alt=\"f2\" height=\"400\" src=\"/storage/news/5.jpg\" /></p>\n\n<p>&nbsp;</p>\n','published',1,'Botble\\ACL\\Models\\User',1,'news/7.jpg',1658,NULL,'2022-09-27 01:54:11','2022-09-27 01:54:11'),(8,'9 Things I Love About Shaving My Head','You should pay more attention when you choose your wallets. There are a lot of them on the market with the different designs and styles. When you choose carefully, you would be able to buy a wallet that is catered to your needs. Not to mention that it will help to enhance your style significantly.','<p>I have seen many people underestimating the power of their wallets. To them, they are just a functional item they use to carry. As a result, they often end up with the wallets which are not really suitable for them.</p>\n\n<p>You should pay more attention when you choose your wallets. There are a lot of them on the market with the different designs and styles. When you choose carefully, you would be able to buy a wallet that is catered to your needs. Not to mention that it will help to enhance your style significantly.</p>\n\n<p style=\"text-align:center\"><img alt=\"f4\" src=\"/storage/news/1.jpg\" /></p>\n\n<p><br />\n&nbsp;</p>\n\n\n\n<p><strong><em>For all of the reason above, here are 7 expert tips to help you pick up the right men&rsquo;s wallet for you:</em></strong></p>\n\n<h4><strong>Number 1: Choose A Neat Wallet</strong></h4>\n\n<p>The wallet is an essential accessory that you should go simple. Simplicity is the best in this case. A simple and neat wallet with the plain color and even&nbsp;<strong>minimalist style</strong>&nbsp;is versatile. It can be used for both formal and casual events. In addition, that wallet will go well with most of the clothes in your wardrobe.</p>\n\n<p>Keep in mind that a wallet will tell other people about your personality and your fashion sense as much as other clothes you put on. Hence, don&rsquo;t go cheesy on your wallet or else people will think that you have a funny and particular style.</p>\n\n<p style=\"text-align:center\"><img alt=\"f5\" src=\"/storage/news/2.jpg\" /></p>\n\n<p><br />\n&nbsp;</p>\n<hr />\n<h4><strong>Number 2: Choose The Right Size For Your Wallet</strong></h4>\n\n<p>You should avoid having an over-sized wallet. Don&rsquo;t think that you need to buy a big wallet because you have a lot to carry with you. In addition, a fat wallet is very ugly. It will make it harder for you to slide the wallet into your trousers&rsquo; pocket. In addition, it will create a bulge and ruin your look.</p>\n\n<p>Before you go on to buy a new wallet, clean out your wallet and place all of the items from your wallet on a table. Throw away things that you would never need any more such as the old bills or the expired gift cards. Remember to check your wallet on a frequent basis to get rid of all of the old stuff that you don&rsquo;t need anymore.</p>\n\n<p style=\"text-align:center\"><img alt=\"f1\" src=\"/storage/news/3.jpg\" /></p>\n\n<p><br />\n&nbsp;</p>\n\n<hr />\n<h4><strong>Number 3: Don&rsquo;t Limit Your Options Of Materials</strong></h4>\n\n<p>The types and designs of wallets are not the only things that you should consider when you go out searching for your best wallet. You have more than 1 option of material rather than leather to choose from as well.</p>\n\n<p>You can experiment with other available options such as cotton, polyester and canvas. They all have their own pros and cons. As a result, they will be suitable for different needs and requirements. You should think about them all in order to choose the material which you would like the most.</p>\n\n<p style=\"text-align:center\"><img alt=\"f6\" height=\"375\" src=\"/storage/news/4.jpg\" /></p>\n\n<p><br />\n&nbsp;</p>\n\n<hr />\n<h4><strong>Number 4: Consider A Wallet As A Long Term Investment</strong></h4>\n\n<p>Your wallet is indeed an investment that you should consider spending a decent amount of time and effort on it. Another factor that you need to consider is how much you want to spend on your wallet. The price ranges of wallets on the market vary a great deal. You can find a wallet which is as cheap as about 5 to 7 dollars. On the other hand, you should expect to pay around 250 to 300 dollars for a high-quality wallet.</p>\n\n<p>In case you need a wallet to use for a long time, it is a good idea that you should invest a decent amount of money on a wallet. A high quality wallet from a reputational brand with the premium quality such as cowhide leather will last for a long time. In addition, it is an accessory to show off your fashion sense and your social status.</p>\n\n<p style=\"text-align:center\"><img alt=\"f2\" height=\"400\" src=\"/storage/news/5.jpg\" /></p>\n\n<p>&nbsp;</p>\n','published',1,'Botble\\ACL\\Models\\User',1,'news/8.jpg',1516,NULL,'2022-09-27 01:54:11','2022-09-27 01:54:11'),(9,'Why Teamwork Really Makes The Dream Work','You should pay more attention when you choose your wallets. There are a lot of them on the market with the different designs and styles. When you choose carefully, you would be able to buy a wallet that is catered to your needs. Not to mention that it will help to enhance your style significantly.','<p>I have seen many people underestimating the power of their wallets. To them, they are just a functional item they use to carry. As a result, they often end up with the wallets which are not really suitable for them.</p>\n\n<p>You should pay more attention when you choose your wallets. There are a lot of them on the market with the different designs and styles. When you choose carefully, you would be able to buy a wallet that is catered to your needs. Not to mention that it will help to enhance your style significantly.</p>\n\n<p style=\"text-align:center\"><img alt=\"f4\" src=\"/storage/news/1.jpg\" /></p>\n\n<p><br />\n&nbsp;</p>\n\n\n\n<p><strong><em>For all of the reason above, here are 7 expert tips to help you pick up the right men&rsquo;s wallet for you:</em></strong></p>\n\n<h4><strong>Number 1: Choose A Neat Wallet</strong></h4>\n\n<p>The wallet is an essential accessory that you should go simple. Simplicity is the best in this case. A simple and neat wallet with the plain color and even&nbsp;<strong>minimalist style</strong>&nbsp;is versatile. It can be used for both formal and casual events. In addition, that wallet will go well with most of the clothes in your wardrobe.</p>\n\n<p>Keep in mind that a wallet will tell other people about your personality and your fashion sense as much as other clothes you put on. Hence, don&rsquo;t go cheesy on your wallet or else people will think that you have a funny and particular style.</p>\n\n<p style=\"text-align:center\"><img alt=\"f5\" src=\"/storage/news/2.jpg\" /></p>\n\n<p><br />\n&nbsp;</p>\n<hr />\n<h4><strong>Number 2: Choose The Right Size For Your Wallet</strong></h4>\n\n<p>You should avoid having an over-sized wallet. Don&rsquo;t think that you need to buy a big wallet because you have a lot to carry with you. In addition, a fat wallet is very ugly. It will make it harder for you to slide the wallet into your trousers&rsquo; pocket. In addition, it will create a bulge and ruin your look.</p>\n\n<p>Before you go on to buy a new wallet, clean out your wallet and place all of the items from your wallet on a table. Throw away things that you would never need any more such as the old bills or the expired gift cards. Remember to check your wallet on a frequent basis to get rid of all of the old stuff that you don&rsquo;t need anymore.</p>\n\n<p style=\"text-align:center\"><img alt=\"f1\" src=\"/storage/news/3.jpg\" /></p>\n\n<p><br />\n&nbsp;</p>\n\n<hr />\n<h4><strong>Number 3: Don&rsquo;t Limit Your Options Of Materials</strong></h4>\n\n<p>The types and designs of wallets are not the only things that you should consider when you go out searching for your best wallet. You have more than 1 option of material rather than leather to choose from as well.</p>\n\n<p>You can experiment with other available options such as cotton, polyester and canvas. They all have their own pros and cons. As a result, they will be suitable for different needs and requirements. You should think about them all in order to choose the material which you would like the most.</p>\n\n<p style=\"text-align:center\"><img alt=\"f6\" height=\"375\" src=\"/storage/news/4.jpg\" /></p>\n\n<p><br />\n&nbsp;</p>\n\n<hr />\n<h4><strong>Number 4: Consider A Wallet As A Long Term Investment</strong></h4>\n\n<p>Your wallet is indeed an investment that you should consider spending a decent amount of time and effort on it. Another factor that you need to consider is how much you want to spend on your wallet. The price ranges of wallets on the market vary a great deal. You can find a wallet which is as cheap as about 5 to 7 dollars. On the other hand, you should expect to pay around 250 to 300 dollars for a high-quality wallet.</p>\n\n<p>In case you need a wallet to use for a long time, it is a good idea that you should invest a decent amount of money on a wallet. A high quality wallet from a reputational brand with the premium quality such as cowhide leather will last for a long time. In addition, it is an accessory to show off your fashion sense and your social status.</p>\n\n<p style=\"text-align:center\"><img alt=\"f2\" height=\"400\" src=\"/storage/news/5.jpg\" /></p>\n\n<p>&nbsp;</p>\n','published',1,'Botble\\ACL\\Models\\User',1,'news/9.jpg',1769,NULL,'2022-09-27 01:54:11','2022-09-27 01:54:11'),(10,'The World Caters to Average People','You should pay more attention when you choose your wallets. There are a lot of them on the market with the different designs and styles. When you choose carefully, you would be able to buy a wallet that is catered to your needs. Not to mention that it will help to enhance your style significantly.','<p>I have seen many people underestimating the power of their wallets. To them, they are just a functional item they use to carry. As a result, they often end up with the wallets which are not really suitable for them.</p>\n\n<p>You should pay more attention when you choose your wallets. There are a lot of them on the market with the different designs and styles. When you choose carefully, you would be able to buy a wallet that is catered to your needs. Not to mention that it will help to enhance your style significantly.</p>\n\n<p style=\"text-align:center\"><img alt=\"f4\" src=\"/storage/news/1.jpg\" /></p>\n\n<p><br />\n&nbsp;</p>\n\n\n\n<p><strong><em>For all of the reason above, here are 7 expert tips to help you pick up the right men&rsquo;s wallet for you:</em></strong></p>\n\n<h4><strong>Number 1: Choose A Neat Wallet</strong></h4>\n\n<p>The wallet is an essential accessory that you should go simple. Simplicity is the best in this case. A simple and neat wallet with the plain color and even&nbsp;<strong>minimalist style</strong>&nbsp;is versatile. It can be used for both formal and casual events. In addition, that wallet will go well with most of the clothes in your wardrobe.</p>\n\n<p>Keep in mind that a wallet will tell other people about your personality and your fashion sense as much as other clothes you put on. Hence, don&rsquo;t go cheesy on your wallet or else people will think that you have a funny and particular style.</p>\n\n<p style=\"text-align:center\"><img alt=\"f5\" src=\"/storage/news/2.jpg\" /></p>\n\n<p><br />\n&nbsp;</p>\n<hr />\n<h4><strong>Number 2: Choose The Right Size For Your Wallet</strong></h4>\n\n<p>You should avoid having an over-sized wallet. Don&rsquo;t think that you need to buy a big wallet because you have a lot to carry with you. In addition, a fat wallet is very ugly. It will make it harder for you to slide the wallet into your trousers&rsquo; pocket. In addition, it will create a bulge and ruin your look.</p>\n\n<p>Before you go on to buy a new wallet, clean out your wallet and place all of the items from your wallet on a table. Throw away things that you would never need any more such as the old bills or the expired gift cards. Remember to check your wallet on a frequent basis to get rid of all of the old stuff that you don&rsquo;t need anymore.</p>\n\n<p style=\"text-align:center\"><img alt=\"f1\" src=\"/storage/news/3.jpg\" /></p>\n\n<p><br />\n&nbsp;</p>\n\n<hr />\n<h4><strong>Number 3: Don&rsquo;t Limit Your Options Of Materials</strong></h4>\n\n<p>The types and designs of wallets are not the only things that you should consider when you go out searching for your best wallet. You have more than 1 option of material rather than leather to choose from as well.</p>\n\n<p>You can experiment with other available options such as cotton, polyester and canvas. They all have their own pros and cons. As a result, they will be suitable for different needs and requirements. You should think about them all in order to choose the material which you would like the most.</p>\n\n<p style=\"text-align:center\"><img alt=\"f6\" height=\"375\" src=\"/storage/news/4.jpg\" /></p>\n\n<p><br />\n&nbsp;</p>\n\n<hr />\n<h4><strong>Number 4: Consider A Wallet As A Long Term Investment</strong></h4>\n\n<p>Your wallet is indeed an investment that you should consider spending a decent amount of time and effort on it. Another factor that you need to consider is how much you want to spend on your wallet. The price ranges of wallets on the market vary a great deal. You can find a wallet which is as cheap as about 5 to 7 dollars. On the other hand, you should expect to pay around 250 to 300 dollars for a high-quality wallet.</p>\n\n<p>In case you need a wallet to use for a long time, it is a good idea that you should invest a decent amount of money on a wallet. A high quality wallet from a reputational brand with the premium quality such as cowhide leather will last for a long time. In addition, it is an accessory to show off your fashion sense and your social status.</p>\n\n<p style=\"text-align:center\"><img alt=\"f2\" height=\"400\" src=\"/storage/news/5.jpg\" /></p>\n\n<p>&nbsp;</p>\n','published',1,'Botble\\ACL\\Models\\User',1,'news/10.jpg',1291,NULL,'2022-09-27 01:54:11','2022-09-27 01:54:11'),(11,'The litigants on the screen are not actors','You should pay more attention when you choose your wallets. There are a lot of them on the market with the different designs and styles. When you choose carefully, you would be able to buy a wallet that is catered to your needs. Not to mention that it will help to enhance your style significantly.','<p>I have seen many people underestimating the power of their wallets. To them, they are just a functional item they use to carry. As a result, they often end up with the wallets which are not really suitable for them.</p>\n\n<p>You should pay more attention when you choose your wallets. There are a lot of them on the market with the different designs and styles. When you choose carefully, you would be able to buy a wallet that is catered to your needs. Not to mention that it will help to enhance your style significantly.</p>\n\n<p style=\"text-align:center\"><img alt=\"f4\" src=\"/storage/news/1.jpg\" /></p>\n\n<p><br />\n&nbsp;</p>\n\n\n\n<p><strong><em>For all of the reason above, here are 7 expert tips to help you pick up the right men&rsquo;s wallet for you:</em></strong></p>\n\n<h4><strong>Number 1: Choose A Neat Wallet</strong></h4>\n\n<p>The wallet is an essential accessory that you should go simple. Simplicity is the best in this case. A simple and neat wallet with the plain color and even&nbsp;<strong>minimalist style</strong>&nbsp;is versatile. It can be used for both formal and casual events. In addition, that wallet will go well with most of the clothes in your wardrobe.</p>\n\n<p>Keep in mind that a wallet will tell other people about your personality and your fashion sense as much as other clothes you put on. Hence, don&rsquo;t go cheesy on your wallet or else people will think that you have a funny and particular style.</p>\n\n<p style=\"text-align:center\"><img alt=\"f5\" src=\"/storage/news/2.jpg\" /></p>\n\n<p><br />\n&nbsp;</p>\n<hr />\n<h4><strong>Number 2: Choose The Right Size For Your Wallet</strong></h4>\n\n<p>You should avoid having an over-sized wallet. Don&rsquo;t think that you need to buy a big wallet because you have a lot to carry with you. In addition, a fat wallet is very ugly. It will make it harder for you to slide the wallet into your trousers&rsquo; pocket. In addition, it will create a bulge and ruin your look.</p>\n\n<p>Before you go on to buy a new wallet, clean out your wallet and place all of the items from your wallet on a table. Throw away things that you would never need any more such as the old bills or the expired gift cards. Remember to check your wallet on a frequent basis to get rid of all of the old stuff that you don&rsquo;t need anymore.</p>\n\n<p style=\"text-align:center\"><img alt=\"f1\" src=\"/storage/news/3.jpg\" /></p>\n\n<p><br />\n&nbsp;</p>\n\n<hr />\n<h4><strong>Number 3: Don&rsquo;t Limit Your Options Of Materials</strong></h4>\n\n<p>The types and designs of wallets are not the only things that you should consider when you go out searching for your best wallet. You have more than 1 option of material rather than leather to choose from as well.</p>\n\n<p>You can experiment with other available options such as cotton, polyester and canvas. They all have their own pros and cons. As a result, they will be suitable for different needs and requirements. You should think about them all in order to choose the material which you would like the most.</p>\n\n<p style=\"text-align:center\"><img alt=\"f6\" height=\"375\" src=\"/storage/news/4.jpg\" /></p>\n\n<p><br />\n&nbsp;</p>\n\n<hr />\n<h4><strong>Number 4: Consider A Wallet As A Long Term Investment</strong></h4>\n\n<p>Your wallet is indeed an investment that you should consider spending a decent amount of time and effort on it. Another factor that you need to consider is how much you want to spend on your wallet. The price ranges of wallets on the market vary a great deal. You can find a wallet which is as cheap as about 5 to 7 dollars. On the other hand, you should expect to pay around 250 to 300 dollars for a high-quality wallet.</p>\n\n<p>In case you need a wallet to use for a long time, it is a good idea that you should invest a decent amount of money on a wallet. A high quality wallet from a reputational brand with the premium quality such as cowhide leather will last for a long time. In addition, it is an accessory to show off your fashion sense and your social status.</p>\n\n<p style=\"text-align:center\"><img alt=\"f2\" height=\"400\" src=\"/storage/news/5.jpg\" /></p>\n\n<p>&nbsp;</p>\n','published',1,'Botble\\ACL\\Models\\User',0,'news/11.jpg',2158,NULL,'2022-09-27 01:54:11','2022-09-27 01:54:11');
/*!40000 ALTER TABLE `posts` ENABLE KEYS */;
UNLOCK TABLES;

--
-- Table structure for table `posts_translations`
--

DROP TABLE IF EXISTS `posts_translations`;
/*!40101 SET @saved_cs_client     = @@character_set_client */;
/*!50503 SET character_set_client = utf8mb4 */;
CREATE TABLE `posts_translations` (
  `lang_code` varchar(191) COLLATE utf8mb4_unicode_ci NOT NULL,
  `posts_id` int NOT NULL,
  `name` varchar(255) COLLATE utf8mb4_unicode_ci DEFAULT NULL,
  `description` varchar(400) COLLATE utf8mb4_unicode_ci DEFAULT NULL,
  `content` longtext COLLATE utf8mb4_unicode_ci,
  PRIMARY KEY (`lang_code`,`posts_id`)
) ENGINE=InnoDB DEFAULT CHARSET=utf8mb4 COLLATE=utf8mb4_unicode_ci;
/*!40101 SET character_set_client = @saved_cs_client */;

--
-- Dumping data for table `posts_translations`
--

LOCK TABLES `posts_translations` WRITE;
/*!40000 ALTER TABLE `posts_translations` DISABLE KEYS */;
INSERT INTO `posts_translations` VALUES ('vi',1,'4 Lời khuyên của Chuyên gia về Cách Chọn Ví Nam Phù hợp','You should pay more attention when you choose your wallets. There are a lot of them on the market with the different designs and styles. When you choose carefully, you would be able to buy a wallet that is catered to your needs. Not to mention that it will help to enhance your style significantly.','<p>I have seen many people underestimating the power of their wallets. To them, they are just a functional item they use to carry. As a result, they often end up with the wallets which are not really suitable for them.</p>\n\n<p>You should pay more attention when you choose your wallets. There are a lot of them on the market with the different designs and styles. When you choose carefully, you would be able to buy a wallet that is catered to your needs. Not to mention that it will help to enhance your style significantly.</p>\n\n<p style=\"text-align:center\"><img alt=\"f4\" src=\"/storage/news/1.jpg\" /></p>\n\n<p><br />\n&nbsp;</p>\n\n\n\n<p><strong><em>For all of the reason above, here are 7 expert tips to help you pick up the right men&rsquo;s wallet for you:</em></strong></p>\n\n<h4><strong>Number 1: Choose A Neat Wallet</strong></h4>\n\n<p>The wallet is an essential accessory that you should go simple. Simplicity is the best in this case. A simple and neat wallet with the plain color and even&nbsp;<strong>minimalist style</strong>&nbsp;is versatile. It can be used for both formal and casual events. In addition, that wallet will go well with most of the clothes in your wardrobe.</p>\n\n<p>Keep in mind that a wallet will tell other people about your personality and your fashion sense as much as other clothes you put on. Hence, don&rsquo;t go cheesy on your wallet or else people will think that you have a funny and particular style.</p>\n\n<p style=\"text-align:center\"><img alt=\"f5\" src=\"/storage/news/2.jpg\" /></p>\n\n<p><br />\n&nbsp;</p>\n<hr />\n<h4><strong>Number 2: Choose The Right Size For Your Wallet</strong></h4>\n\n<p>You should avoid having an over-sized wallet. Don&rsquo;t think that you need to buy a big wallet because you have a lot to carry with you. In addition, a fat wallet is very ugly. It will make it harder for you to slide the wallet into your trousers&rsquo; pocket. In addition, it will create a bulge and ruin your look.</p>\n\n<p>Before you go on to buy a new wallet, clean out your wallet and place all of the items from your wallet on a table. Throw away things that you would never need any more such as the old bills or the expired gift cards. Remember to check your wallet on a frequent basis to get rid of all of the old stuff that you don&rsquo;t need anymore.</p>\n\n<p style=\"text-align:center\"><img alt=\"f1\" src=\"/storage/news/3.jpg\" /></p>\n\n<p><br />\n&nbsp;</p>\n\n<hr />\n<h4><strong>Number 3: Don&rsquo;t Limit Your Options Of Materials</strong></h4>\n\n<p>The types and designs of wallets are not the only things that you should consider when you go out searching for your best wallet. You have more than 1 option of material rather than leather to choose from as well.</p>\n\n<p>You can experiment with other available options such as cotton, polyester and canvas. They all have their own pros and cons. As a result, they will be suitable for different needs and requirements. You should think about them all in order to choose the material which you would like the most.</p>\n\n<p style=\"text-align:center\"><img alt=\"f6\" height=\"375\" src=\"/storage/news/4.jpg\" /></p>\n\n<p><br />\n&nbsp;</p>\n\n<hr />\n<h4><strong>Number 4: Consider A Wallet As A Long Term Investment</strong></h4>\n\n<p>Your wallet is indeed an investment that you should consider spending a decent amount of time and effort on it. Another factor that you need to consider is how much you want to spend on your wallet. The price ranges of wallets on the market vary a great deal. You can find a wallet which is as cheap as about 5 to 7 dollars. On the other hand, you should expect to pay around 250 to 300 dollars for a high-quality wallet.</p>\n\n<p>In case you need a wallet to use for a long time, it is a good idea that you should invest a decent amount of money on a wallet. A high quality wallet from a reputational brand with the premium quality such as cowhide leather will last for a long time. In addition, it is an accessory to show off your fashion sense and your social status.</p>\n\n<p style=\"text-align:center\"><img alt=\"f2\" height=\"400\" src=\"/storage/news/5.jpg\" /></p>\n\n<p>&nbsp;</p>\n'),('vi',2,'Sexy Clutches: Cách Mua & Đeo Túi Clutch Thiết kế','You should pay more attention when you choose your wallets. There are a lot of them on the market with the different designs and styles. When you choose carefully, you would be able to buy a wallet that is catered to your needs. Not to mention that it will help to enhance your style significantly.','<p>I have seen many people underestimating the power of their wallets. To them, they are just a functional item they use to carry. As a result, they often end up with the wallets which are not really suitable for them.</p>\n\n<p>You should pay more attention when you choose your wallets. There are a lot of them on the market with the different designs and styles. When you choose carefully, you would be able to buy a wallet that is catered to your needs. Not to mention that it will help to enhance your style significantly.</p>\n\n<p style=\"text-align:center\"><img alt=\"f4\" src=\"/storage/news/1.jpg\" /></p>\n\n<p><br />\n&nbsp;</p>\n\n\n\n<p><strong><em>For all of the reason above, here are 7 expert tips to help you pick up the right men&rsquo;s wallet for you:</em></strong></p>\n\n<h4><strong>Number 1: Choose A Neat Wallet</strong></h4>\n\n<p>The wallet is an essential accessory that you should go simple. Simplicity is the best in this case. A simple and neat wallet with the plain color and even&nbsp;<strong>minimalist style</strong>&nbsp;is versatile. It can be used for both formal and casual events. In addition, that wallet will go well with most of the clothes in your wardrobe.</p>\n\n<p>Keep in mind that a wallet will tell other people about your personality and your fashion sense as much as other clothes you put on. Hence, don&rsquo;t go cheesy on your wallet or else people will think that you have a funny and particular style.</p>\n\n<p style=\"text-align:center\"><img alt=\"f5\" src=\"/storage/news/2.jpg\" /></p>\n\n<p><br />\n&nbsp;</p>\n<hr />\n<h4><strong>Number 2: Choose The Right Size For Your Wallet</strong></h4>\n\n<p>You should avoid having an over-sized wallet. Don&rsquo;t think that you need to buy a big wallet because you have a lot to carry with you. In addition, a fat wallet is very ugly. It will make it harder for you to slide the wallet into your trousers&rsquo; pocket. In addition, it will create a bulge and ruin your look.</p>\n\n<p>Before you go on to buy a new wallet, clean out your wallet and place all of the items from your wallet on a table. Throw away things that you would never need any more such as the old bills or the expired gift cards. Remember to check your wallet on a frequent basis to get rid of all of the old stuff that you don&rsquo;t need anymore.</p>\n\n<p style=\"text-align:center\"><img alt=\"f1\" src=\"/storage/news/3.jpg\" /></p>\n\n<p><br />\n&nbsp;</p>\n\n<hr />\n<h4><strong>Number 3: Don&rsquo;t Limit Your Options Of Materials</strong></h4>\n\n<p>The types and designs of wallets are not the only things that you should consider when you go out searching for your best wallet. You have more than 1 option of material rather than leather to choose from as well.</p>\n\n<p>You can experiment with other available options such as cotton, polyester and canvas. They all have their own pros and cons. As a result, they will be suitable for different needs and requirements. You should think about them all in order to choose the material which you would like the most.</p>\n\n<p style=\"text-align:center\"><img alt=\"f6\" height=\"375\" src=\"/storage/news/4.jpg\" /></p>\n\n<p><br />\n&nbsp;</p>\n\n<hr />\n<h4><strong>Number 4: Consider A Wallet As A Long Term Investment</strong></h4>\n\n<p>Your wallet is indeed an investment that you should consider spending a decent amount of time and effort on it. Another factor that you need to consider is how much you want to spend on your wallet. The price ranges of wallets on the market vary a great deal. You can find a wallet which is as cheap as about 5 to 7 dollars. On the other hand, you should expect to pay around 250 to 300 dollars for a high-quality wallet.</p>\n\n<p>In case you need a wallet to use for a long time, it is a good idea that you should invest a decent amount of money on a wallet. A high quality wallet from a reputational brand with the premium quality such as cowhide leather will last for a long time. In addition, it is an accessory to show off your fashion sense and your social status.</p>\n\n<p style=\"text-align:center\"><img alt=\"f2\" height=\"400\" src=\"/storage/news/5.jpg\" /></p>\n\n<p>&nbsp;</p>\n'),('vi',3,'Xu hướng túi xách hàng đầu năm 2020 cần biết','You should pay more attention when you choose your wallets. There are a lot of them on the market with the different designs and styles. When you choose carefully, you would be able to buy a wallet that is catered to your needs. Not to mention that it will help to enhance your style significantly.','<p>I have seen many people underestimating the power of their wallets. To them, they are just a functional item they use to carry. As a result, they often end up with the wallets which are not really suitable for them.</p>\n\n<p>You should pay more attention when you choose your wallets. There are a lot of them on the market with the different designs and styles. When you choose carefully, you would be able to buy a wallet that is catered to your needs. Not to mention that it will help to enhance your style significantly.</p>\n\n<p style=\"text-align:center\"><img alt=\"f4\" src=\"/storage/news/1.jpg\" /></p>\n\n<p><br />\n&nbsp;</p>\n\n\n\n<p><strong><em>For all of the reason above, here are 7 expert tips to help you pick up the right men&rsquo;s wallet for you:</em></strong></p>\n\n<h4><strong>Number 1: Choose A Neat Wallet</strong></h4>\n\n<p>The wallet is an essential accessory that you should go simple. Simplicity is the best in this case. A simple and neat wallet with the plain color and even&nbsp;<strong>minimalist style</strong>&nbsp;is versatile. It can be used for both formal and casual events. In addition, that wallet will go well with most of the clothes in your wardrobe.</p>\n\n<p>Keep in mind that a wallet will tell other people about your personality and your fashion sense as much as other clothes you put on. Hence, don&rsquo;t go cheesy on your wallet or else people will think that you have a funny and particular style.</p>\n\n<p style=\"text-align:center\"><img alt=\"f5\" src=\"/storage/news/2.jpg\" /></p>\n\n<p><br />\n&nbsp;</p>\n<hr />\n<h4><strong>Number 2: Choose The Right Size For Your Wallet</strong></h4>\n\n<p>You should avoid having an over-sized wallet. Don&rsquo;t think that you need to buy a big wallet because you have a lot to carry with you. In addition, a fat wallet is very ugly. It will make it harder for you to slide the wallet into your trousers&rsquo; pocket. In addition, it will create a bulge and ruin your look.</p>\n\n<p>Before you go on to buy a new wallet, clean out your wallet and place all of the items from your wallet on a table. Throw away things that you would never need any more such as the old bills or the expired gift cards. Remember to check your wallet on a frequent basis to get rid of all of the old stuff that you don&rsquo;t need anymore.</p>\n\n<p style=\"text-align:center\"><img alt=\"f1\" src=\"/storage/news/3.jpg\" /></p>\n\n<p><br />\n&nbsp;</p>\n\n<hr />\n<h4><strong>Number 3: Don&rsquo;t Limit Your Options Of Materials</strong></h4>\n\n<p>The types and designs of wallets are not the only things that you should consider when you go out searching for your best wallet. You have more than 1 option of material rather than leather to choose from as well.</p>\n\n<p>You can experiment with other available options such as cotton, polyester and canvas. They all have their own pros and cons. As a result, they will be suitable for different needs and requirements. You should think about them all in order to choose the material which you would like the most.</p>\n\n<p style=\"text-align:center\"><img alt=\"f6\" height=\"375\" src=\"/storage/news/4.jpg\" /></p>\n\n<p><br />\n&nbsp;</p>\n\n<hr />\n<h4><strong>Number 4: Consider A Wallet As A Long Term Investment</strong></h4>\n\n<p>Your wallet is indeed an investment that you should consider spending a decent amount of time and effort on it. Another factor that you need to consider is how much you want to spend on your wallet. The price ranges of wallets on the market vary a great deal. You can find a wallet which is as cheap as about 5 to 7 dollars. On the other hand, you should expect to pay around 250 to 300 dollars for a high-quality wallet.</p>\n\n<p>In case you need a wallet to use for a long time, it is a good idea that you should invest a decent amount of money on a wallet. A high quality wallet from a reputational brand with the premium quality such as cowhide leather will last for a long time. In addition, it is an accessory to show off your fashion sense and your social status.</p>\n\n<p style=\"text-align:center\"><img alt=\"f2\" height=\"400\" src=\"/storage/news/5.jpg\" /></p>\n\n<p>&nbsp;</p>\n'),('vi',4,'Cách Phối Màu Túi Xách Của Bạn Với Trang Phục','You should pay more attention when you choose your wallets. There are a lot of them on the market with the different designs and styles. When you choose carefully, you would be able to buy a wallet that is catered to your needs. Not to mention that it will help to enhance your style significantly.','<p>I have seen many people underestimating the power of their wallets. To them, they are just a functional item they use to carry. As a result, they often end up with the wallets which are not really suitable for them.</p>\n\n<p>You should pay more attention when you choose your wallets. There are a lot of them on the market with the different designs and styles. When you choose carefully, you would be able to buy a wallet that is catered to your needs. Not to mention that it will help to enhance your style significantly.</p>\n\n<p style=\"text-align:center\"><img alt=\"f4\" src=\"/storage/news/1.jpg\" /></p>\n\n<p><br />\n&nbsp;</p>\n\n\n\n<p><strong><em>For all of the reason above, here are 7 expert tips to help you pick up the right men&rsquo;s wallet for you:</em></strong></p>\n\n<h4><strong>Number 1: Choose A Neat Wallet</strong></h4>\n\n<p>The wallet is an essential accessory that you should go simple. Simplicity is the best in this case. A simple and neat wallet with the plain color and even&nbsp;<strong>minimalist style</strong>&nbsp;is versatile. It can be used for both formal and casual events. In addition, that wallet will go well with most of the clothes in your wardrobe.</p>\n\n<p>Keep in mind that a wallet will tell other people about your personality and your fashion sense as much as other clothes you put on. Hence, don&rsquo;t go cheesy on your wallet or else people will think that you have a funny and particular style.</p>\n\n<p style=\"text-align:center\"><img alt=\"f5\" src=\"/storage/news/2.jpg\" /></p>\n\n<p><br />\n&nbsp;</p>\n<hr />\n<h4><strong>Number 2: Choose The Right Size For Your Wallet</strong></h4>\n\n<p>You should avoid having an over-sized wallet. Don&rsquo;t think that you need to buy a big wallet because you have a lot to carry with you. In addition, a fat wallet is very ugly. It will make it harder for you to slide the wallet into your trousers&rsquo; pocket. In addition, it will create a bulge and ruin your look.</p>\n\n<p>Before you go on to buy a new wallet, clean out your wallet and place all of the items from your wallet on a table. Throw away things that you would never need any more such as the old bills or the expired gift cards. Remember to check your wallet on a frequent basis to get rid of all of the old stuff that you don&rsquo;t need anymore.</p>\n\n<p style=\"text-align:center\"><img alt=\"f1\" src=\"/storage/news/3.jpg\" /></p>\n\n<p><br />\n&nbsp;</p>\n\n<hr />\n<h4><strong>Number 3: Don&rsquo;t Limit Your Options Of Materials</strong></h4>\n\n<p>The types and designs of wallets are not the only things that you should consider when you go out searching for your best wallet. You have more than 1 option of material rather than leather to choose from as well.</p>\n\n<p>You can experiment with other available options such as cotton, polyester and canvas. They all have their own pros and cons. As a result, they will be suitable for different needs and requirements. You should think about them all in order to choose the material which you would like the most.</p>\n\n<p style=\"text-align:center\"><img alt=\"f6\" height=\"375\" src=\"/storage/news/4.jpg\" /></p>\n\n<p><br />\n&nbsp;</p>\n\n<hr />\n<h4><strong>Number 4: Consider A Wallet As A Long Term Investment</strong></h4>\n\n<p>Your wallet is indeed an investment that you should consider spending a decent amount of time and effort on it. Another factor that you need to consider is how much you want to spend on your wallet. The price ranges of wallets on the market vary a great deal. You can find a wallet which is as cheap as about 5 to 7 dollars. On the other hand, you should expect to pay around 250 to 300 dollars for a high-quality wallet.</p>\n\n<p>In case you need a wallet to use for a long time, it is a good idea that you should invest a decent amount of money on a wallet. A high quality wallet from a reputational brand with the premium quality such as cowhide leather will last for a long time. In addition, it is an accessory to show off your fashion sense and your social status.</p>\n\n<p style=\"text-align:center\"><img alt=\"f2\" height=\"400\" src=\"/storage/news/5.jpg\" /></p>\n\n<p>&nbsp;</p>\n'),('vi',5,'Cách Chăm sóc Túi Da','You should pay more attention when you choose your wallets. There are a lot of them on the market with the different designs and styles. When you choose carefully, you would be able to buy a wallet that is catered to your needs. Not to mention that it will help to enhance your style significantly.','<p>I have seen many people underestimating the power of their wallets. To them, they are just a functional item they use to carry. As a result, they often end up with the wallets which are not really suitable for them.</p>\n\n<p>You should pay more attention when you choose your wallets. There are a lot of them on the market with the different designs and styles. When you choose carefully, you would be able to buy a wallet that is catered to your needs. Not to mention that it will help to enhance your style significantly.</p>\n\n<p style=\"text-align:center\"><img alt=\"f4\" src=\"/storage/news/1.jpg\" /></p>\n\n<p><br />\n&nbsp;</p>\n\n\n\n<p><strong><em>For all of the reason above, here are 7 expert tips to help you pick up the right men&rsquo;s wallet for you:</em></strong></p>\n\n<h4><strong>Number 1: Choose A Neat Wallet</strong></h4>\n\n<p>The wallet is an essential accessory that you should go simple. Simplicity is the best in this case. A simple and neat wallet with the plain color and even&nbsp;<strong>minimalist style</strong>&nbsp;is versatile. It can be used for both formal and casual events. In addition, that wallet will go well with most of the clothes in your wardrobe.</p>\n\n<p>Keep in mind that a wallet will tell other people about your personality and your fashion sense as much as other clothes you put on. Hence, don&rsquo;t go cheesy on your wallet or else people will think that you have a funny and particular style.</p>\n\n<p style=\"text-align:center\"><img alt=\"f5\" src=\"/storage/news/2.jpg\" /></p>\n\n<p><br />\n&nbsp;</p>\n<hr />\n<h4><strong>Number 2: Choose The Right Size For Your Wallet</strong></h4>\n\n<p>You should avoid having an over-sized wallet. Don&rsquo;t think that you need to buy a big wallet because you have a lot to carry with you. In addition, a fat wallet is very ugly. It will make it harder for you to slide the wallet into your trousers&rsquo; pocket. In addition, it will create a bulge and ruin your look.</p>\n\n<p>Before you go on to buy a new wallet, clean out your wallet and place all of the items from your wallet on a table. Throw away things that you would never need any more such as the old bills or the expired gift cards. Remember to check your wallet on a frequent basis to get rid of all of the old stuff that you don&rsquo;t need anymore.</p>\n\n<p style=\"text-align:center\"><img alt=\"f1\" src=\"/storage/news/3.jpg\" /></p>\n\n<p><br />\n&nbsp;</p>\n\n<hr />\n<h4><strong>Number 3: Don&rsquo;t Limit Your Options Of Materials</strong></h4>\n\n<p>The types and designs of wallets are not the only things that you should consider when you go out searching for your best wallet. You have more than 1 option of material rather than leather to choose from as well.</p>\n\n<p>You can experiment with other available options such as cotton, polyester and canvas. They all have their own pros and cons. As a result, they will be suitable for different needs and requirements. You should think about them all in order to choose the material which you would like the most.</p>\n\n<p style=\"text-align:center\"><img alt=\"f6\" height=\"375\" src=\"/storage/news/4.jpg\" /></p>\n\n<p><br />\n&nbsp;</p>\n\n<hr />\n<h4><strong>Number 4: Consider A Wallet As A Long Term Investment</strong></h4>\n\n<p>Your wallet is indeed an investment that you should consider spending a decent amount of time and effort on it. Another factor that you need to consider is how much you want to spend on your wallet. The price ranges of wallets on the market vary a great deal. You can find a wallet which is as cheap as about 5 to 7 dollars. On the other hand, you should expect to pay around 250 to 300 dollars for a high-quality wallet.</p>\n\n<p>In case you need a wallet to use for a long time, it is a good idea that you should invest a decent amount of money on a wallet. A high quality wallet from a reputational brand with the premium quality such as cowhide leather will last for a long time. In addition, it is an accessory to show off your fashion sense and your social status.</p>\n\n<p style=\"text-align:center\"><img alt=\"f2\" height=\"400\" src=\"/storage/news/5.jpg\" /></p>\n\n<p>&nbsp;</p>\n'),('vi',6,'Chúng tôi đang nghiền ngẫm 10 xu hướng túi lớn nhất của mùa hè','You should pay more attention when you choose your wallets. There are a lot of them on the market with the different designs and styles. When you choose carefully, you would be able to buy a wallet that is catered to your needs. Not to mention that it will help to enhance your style significantly.','<p>I have seen many people underestimating the power of their wallets. To them, they are just a functional item they use to carry. As a result, they often end up with the wallets which are not really suitable for them.</p>\n\n<p>You should pay more attention when you choose your wallets. There are a lot of them on the market with the different designs and styles. When you choose carefully, you would be able to buy a wallet that is catered to your needs. Not to mention that it will help to enhance your style significantly.</p>\n\n<p style=\"text-align:center\"><img alt=\"f4\" src=\"/storage/news/1.jpg\" /></p>\n\n<p><br />\n&nbsp;</p>\n\n\n\n<p><strong><em>For all of the reason above, here are 7 expert tips to help you pick up the right men&rsquo;s wallet for you:</em></strong></p>\n\n<h4><strong>Number 1: Choose A Neat Wallet</strong></h4>\n\n<p>The wallet is an essential accessory that you should go simple. Simplicity is the best in this case. A simple and neat wallet with the plain color and even&nbsp;<strong>minimalist style</strong>&nbsp;is versatile. It can be used for both formal and casual events. In addition, that wallet will go well with most of the clothes in your wardrobe.</p>\n\n<p>Keep in mind that a wallet will tell other people about your personality and your fashion sense as much as other clothes you put on. Hence, don&rsquo;t go cheesy on your wallet or else people will think that you have a funny and particular style.</p>\n\n<p style=\"text-align:center\"><img alt=\"f5\" src=\"/storage/news/2.jpg\" /></p>\n\n<p><br />\n&nbsp;</p>\n<hr />\n<h4><strong>Number 2: Choose The Right Size For Your Wallet</strong></h4>\n\n<p>You should avoid having an over-sized wallet. Don&rsquo;t think that you need to buy a big wallet because you have a lot to carry with you. In addition, a fat wallet is very ugly. It will make it harder for you to slide the wallet into your trousers&rsquo; pocket. In addition, it will create a bulge and ruin your look.</p>\n\n<p>Before you go on to buy a new wallet, clean out your wallet and place all of the items from your wallet on a table. Throw away things that you would never need any more such as the old bills or the expired gift cards. Remember to check your wallet on a frequent basis to get rid of all of the old stuff that you don&rsquo;t need anymore.</p>\n\n<p style=\"text-align:center\"><img alt=\"f1\" src=\"/storage/news/3.jpg\" /></p>\n\n<p><br />\n&nbsp;</p>\n\n<hr />\n<h4><strong>Number 3: Don&rsquo;t Limit Your Options Of Materials</strong></h4>\n\n<p>The types and designs of wallets are not the only things that you should consider when you go out searching for your best wallet. You have more than 1 option of material rather than leather to choose from as well.</p>\n\n<p>You can experiment with other available options such as cotton, polyester and canvas. They all have their own pros and cons. As a result, they will be suitable for different needs and requirements. You should think about them all in order to choose the material which you would like the most.</p>\n\n<p style=\"text-align:center\"><img alt=\"f6\" height=\"375\" src=\"/storage/news/4.jpg\" /></p>\n\n<p><br />\n&nbsp;</p>\n\n<hr />\n<h4><strong>Number 4: Consider A Wallet As A Long Term Investment</strong></h4>\n\n<p>Your wallet is indeed an investment that you should consider spending a decent amount of time and effort on it. Another factor that you need to consider is how much you want to spend on your wallet. The price ranges of wallets on the market vary a great deal. You can find a wallet which is as cheap as about 5 to 7 dollars. On the other hand, you should expect to pay around 250 to 300 dollars for a high-quality wallet.</p>\n\n<p>In case you need a wallet to use for a long time, it is a good idea that you should invest a decent amount of money on a wallet. A high quality wallet from a reputational brand with the premium quality such as cowhide leather will last for a long time. In addition, it is an accessory to show off your fashion sense and your social status.</p>\n\n<p style=\"text-align:center\"><img alt=\"f2\" height=\"400\" src=\"/storage/news/5.jpg\" /></p>\n\n<p>&nbsp;</p>\n'),('vi',7,'Những phẩm chất cần thiết của âm nhạc thành công cao','You should pay more attention when you choose your wallets. There are a lot of them on the market with the different designs and styles. When you choose carefully, you would be able to buy a wallet that is catered to your needs. Not to mention that it will help to enhance your style significantly.','<p>I have seen many people underestimating the power of their wallets. To them, they are just a functional item they use to carry. As a result, they often end up with the wallets which are not really suitable for them.</p>\n\n<p>You should pay more attention when you choose your wallets. There are a lot of them on the market with the different designs and styles. When you choose carefully, you would be able to buy a wallet that is catered to your needs. Not to mention that it will help to enhance your style significantly.</p>\n\n<p style=\"text-align:center\"><img alt=\"f4\" src=\"/storage/news/1.jpg\" /></p>\n\n<p><br />\n&nbsp;</p>\n\n\n\n<p><strong><em>For all of the reason above, here are 7 expert tips to help you pick up the right men&rsquo;s wallet for you:</em></strong></p>\n\n<h4><strong>Number 1: Choose A Neat Wallet</strong></h4>\n\n<p>The wallet is an essential accessory that you should go simple. Simplicity is the best in this case. A simple and neat wallet with the plain color and even&nbsp;<strong>minimalist style</strong>&nbsp;is versatile. It can be used for both formal and casual events. In addition, that wallet will go well with most of the clothes in your wardrobe.</p>\n\n<p>Keep in mind that a wallet will tell other people about your personality and your fashion sense as much as other clothes you put on. Hence, don&rsquo;t go cheesy on your wallet or else people will think that you have a funny and particular style.</p>\n\n<p style=\"text-align:center\"><img alt=\"f5\" src=\"/storage/news/2.jpg\" /></p>\n\n<p><br />\n&nbsp;</p>\n<hr />\n<h4><strong>Number 2: Choose The Right Size For Your Wallet</strong></h4>\n\n<p>You should avoid having an over-sized wallet. Don&rsquo;t think that you need to buy a big wallet because you have a lot to carry with you. In addition, a fat wallet is very ugly. It will make it harder for you to slide the wallet into your trousers&rsquo; pocket. In addition, it will create a bulge and ruin your look.</p>\n\n<p>Before you go on to buy a new wallet, clean out your wallet and place all of the items from your wallet on a table. Throw away things that you would never need any more such as the old bills or the expired gift cards. Remember to check your wallet on a frequent basis to get rid of all of the old stuff that you don&rsquo;t need anymore.</p>\n\n<p style=\"text-align:center\"><img alt=\"f1\" src=\"/storage/news/3.jpg\" /></p>\n\n<p><br />\n&nbsp;</p>\n\n<hr />\n<h4><strong>Number 3: Don&rsquo;t Limit Your Options Of Materials</strong></h4>\n\n<p>The types and designs of wallets are not the only things that you should consider when you go out searching for your best wallet. You have more than 1 option of material rather than leather to choose from as well.</p>\n\n<p>You can experiment with other available options such as cotton, polyester and canvas. They all have their own pros and cons. As a result, they will be suitable for different needs and requirements. You should think about them all in order to choose the material which you would like the most.</p>\n\n<p style=\"text-align:center\"><img alt=\"f6\" height=\"375\" src=\"/storage/news/4.jpg\" /></p>\n\n<p><br />\n&nbsp;</p>\n\n<hr />\n<h4><strong>Number 4: Consider A Wallet As A Long Term Investment</strong></h4>\n\n<p>Your wallet is indeed an investment that you should consider spending a decent amount of time and effort on it. Another factor that you need to consider is how much you want to spend on your wallet. The price ranges of wallets on the market vary a great deal. You can find a wallet which is as cheap as about 5 to 7 dollars. On the other hand, you should expect to pay around 250 to 300 dollars for a high-quality wallet.</p>\n\n<p>In case you need a wallet to use for a long time, it is a good idea that you should invest a decent amount of money on a wallet. A high quality wallet from a reputational brand with the premium quality such as cowhide leather will last for a long time. In addition, it is an accessory to show off your fashion sense and your social status.</p>\n\n<p style=\"text-align:center\"><img alt=\"f2\" height=\"400\" src=\"/storage/news/5.jpg\" /></p>\n\n<p>&nbsp;</p>\n'),('vi',8,'9 điều tôi thích khi cạo đầu','You should pay more attention when you choose your wallets. There are a lot of them on the market with the different designs and styles. When you choose carefully, you would be able to buy a wallet that is catered to your needs. Not to mention that it will help to enhance your style significantly.','<p>I have seen many people underestimating the power of their wallets. To them, they are just a functional item they use to carry. As a result, they often end up with the wallets which are not really suitable for them.</p>\n\n<p>You should pay more attention when you choose your wallets. There are a lot of them on the market with the different designs and styles. When you choose carefully, you would be able to buy a wallet that is catered to your needs. Not to mention that it will help to enhance your style significantly.</p>\n\n<p style=\"text-align:center\"><img alt=\"f4\" src=\"/storage/news/1.jpg\" /></p>\n\n<p><br />\n&nbsp;</p>\n\n\n\n<p><strong><em>For all of the reason above, here are 7 expert tips to help you pick up the right men&rsquo;s wallet for you:</em></strong></p>\n\n<h4><strong>Number 1: Choose A Neat Wallet</strong></h4>\n\n<p>The wallet is an essential accessory that you should go simple. Simplicity is the best in this case. A simple and neat wallet with the plain color and even&nbsp;<strong>minimalist style</strong>&nbsp;is versatile. It can be used for both formal and casual events. In addition, that wallet will go well with most of the clothes in your wardrobe.</p>\n\n<p>Keep in mind that a wallet will tell other people about your personality and your fashion sense as much as other clothes you put on. Hence, don&rsquo;t go cheesy on your wallet or else people will think that you have a funny and particular style.</p>\n\n<p style=\"text-align:center\"><img alt=\"f5\" src=\"/storage/news/2.jpg\" /></p>\n\n<p><br />\n&nbsp;</p>\n<hr />\n<h4><strong>Number 2: Choose The Right Size For Your Wallet</strong></h4>\n\n<p>You should avoid having an over-sized wallet. Don&rsquo;t think that you need to buy a big wallet because you have a lot to carry with you. In addition, a fat wallet is very ugly. It will make it harder for you to slide the wallet into your trousers&rsquo; pocket. In addition, it will create a bulge and ruin your look.</p>\n\n<p>Before you go on to buy a new wallet, clean out your wallet and place all of the items from your wallet on a table. Throw away things that you would never need any more such as the old bills or the expired gift cards. Remember to check your wallet on a frequent basis to get rid of all of the old stuff that you don&rsquo;t need anymore.</p>\n\n<p style=\"text-align:center\"><img alt=\"f1\" src=\"/storage/news/3.jpg\" /></p>\n\n<p><br />\n&nbsp;</p>\n\n<hr />\n<h4><strong>Number 3: Don&rsquo;t Limit Your Options Of Materials</strong></h4>\n\n<p>The types and designs of wallets are not the only things that you should consider when you go out searching for your best wallet. You have more than 1 option of material rather than leather to choose from as well.</p>\n\n<p>You can experiment with other available options such as cotton, polyester and canvas. They all have their own pros and cons. As a result, they will be suitable for different needs and requirements. You should think about them all in order to choose the material which you would like the most.</p>\n\n<p style=\"text-align:center\"><img alt=\"f6\" height=\"375\" src=\"/storage/news/4.jpg\" /></p>\n\n<p><br />\n&nbsp;</p>\n\n<hr />\n<h4><strong>Number 4: Consider A Wallet As A Long Term Investment</strong></h4>\n\n<p>Your wallet is indeed an investment that you should consider spending a decent amount of time and effort on it. Another factor that you need to consider is how much you want to spend on your wallet. The price ranges of wallets on the market vary a great deal. You can find a wallet which is as cheap as about 5 to 7 dollars. On the other hand, you should expect to pay around 250 to 300 dollars for a high-quality wallet.</p>\n\n<p>In case you need a wallet to use for a long time, it is a good idea that you should invest a decent amount of money on a wallet. A high quality wallet from a reputational brand with the premium quality such as cowhide leather will last for a long time. In addition, it is an accessory to show off your fashion sense and your social status.</p>\n\n<p style=\"text-align:center\"><img alt=\"f2\" height=\"400\" src=\"/storage/news/5.jpg\" /></p>\n\n<p>&nbsp;</p>\n'),('vi',9,'Tại sao làm việc theo nhóm thực sự biến giấc mơ thành công','You should pay more attention when you choose your wallets. There are a lot of them on the market with the different designs and styles. When you choose carefully, you would be able to buy a wallet that is catered to your needs. Not to mention that it will help to enhance your style significantly.','<p>I have seen many people underestimating the power of their wallets. To them, they are just a functional item they use to carry. As a result, they often end up with the wallets which are not really suitable for them.</p>\n\n<p>You should pay more attention when you choose your wallets. There are a lot of them on the market with the different designs and styles. When you choose carefully, you would be able to buy a wallet that is catered to your needs. Not to mention that it will help to enhance your style significantly.</p>\n\n<p style=\"text-align:center\"><img alt=\"f4\" src=\"/storage/news/1.jpg\" /></p>\n\n<p><br />\n&nbsp;</p>\n\n\n\n<p><strong><em>For all of the reason above, here are 7 expert tips to help you pick up the right men&rsquo;s wallet for you:</em></strong></p>\n\n<h4><strong>Number 1: Choose A Neat Wallet</strong></h4>\n\n<p>The wallet is an essential accessory that you should go simple. Simplicity is the best in this case. A simple and neat wallet with the plain color and even&nbsp;<strong>minimalist style</strong>&nbsp;is versatile. It can be used for both formal and casual events. In addition, that wallet will go well with most of the clothes in your wardrobe.</p>\n\n<p>Keep in mind that a wallet will tell other people about your personality and your fashion sense as much as other clothes you put on. Hence, don&rsquo;t go cheesy on your wallet or else people will think that you have a funny and particular style.</p>\n\n<p style=\"text-align:center\"><img alt=\"f5\" src=\"/storage/news/2.jpg\" /></p>\n\n<p><br />\n&nbsp;</p>\n<hr />\n<h4><strong>Number 2: Choose The Right Size For Your Wallet</strong></h4>\n\n<p>You should avoid having an over-sized wallet. Don&rsquo;t think that you need to buy a big wallet because you have a lot to carry with you. In addition, a fat wallet is very ugly. It will make it harder for you to slide the wallet into your trousers&rsquo; pocket. In addition, it will create a bulge and ruin your look.</p>\n\n<p>Before you go on to buy a new wallet, clean out your wallet and place all of the items from your wallet on a table. Throw away things that you would never need any more such as the old bills or the expired gift cards. Remember to check your wallet on a frequent basis to get rid of all of the old stuff that you don&rsquo;t need anymore.</p>\n\n<p style=\"text-align:center\"><img alt=\"f1\" src=\"/storage/news/3.jpg\" /></p>\n\n<p><br />\n&nbsp;</p>\n\n<hr />\n<h4><strong>Number 3: Don&rsquo;t Limit Your Options Of Materials</strong></h4>\n\n<p>The types and designs of wallets are not the only things that you should consider when you go out searching for your best wallet. You have more than 1 option of material rather than leather to choose from as well.</p>\n\n<p>You can experiment with other available options such as cotton, polyester and canvas. They all have their own pros and cons. As a result, they will be suitable for different needs and requirements. You should think about them all in order to choose the material which you would like the most.</p>\n\n<p style=\"text-align:center\"><img alt=\"f6\" height=\"375\" src=\"/storage/news/4.jpg\" /></p>\n\n<p><br />\n&nbsp;</p>\n\n<hr />\n<h4><strong>Number 4: Consider A Wallet As A Long Term Investment</strong></h4>\n\n<p>Your wallet is indeed an investment that you should consider spending a decent amount of time and effort on it. Another factor that you need to consider is how much you want to spend on your wallet. The price ranges of wallets on the market vary a great deal. You can find a wallet which is as cheap as about 5 to 7 dollars. On the other hand, you should expect to pay around 250 to 300 dollars for a high-quality wallet.</p>\n\n<p>In case you need a wallet to use for a long time, it is a good idea that you should invest a decent amount of money on a wallet. A high quality wallet from a reputational brand with the premium quality such as cowhide leather will last for a long time. In addition, it is an accessory to show off your fashion sense and your social status.</p>\n\n<p style=\"text-align:center\"><img alt=\"f2\" height=\"400\" src=\"/storage/news/5.jpg\" /></p>\n\n<p>&nbsp;</p>\n'),('vi',10,'Thế giới phục vụ cho những người trung bình','You should pay more attention when you choose your wallets. There are a lot of them on the market with the different designs and styles. When you choose carefully, you would be able to buy a wallet that is catered to your needs. Not to mention that it will help to enhance your style significantly.','<p>I have seen many people underestimating the power of their wallets. To them, they are just a functional item they use to carry. As a result, they often end up with the wallets which are not really suitable for them.</p>\n\n<p>You should pay more attention when you choose your wallets. There are a lot of them on the market with the different designs and styles. When you choose carefully, you would be able to buy a wallet that is catered to your needs. Not to mention that it will help to enhance your style significantly.</p>\n\n<p style=\"text-align:center\"><img alt=\"f4\" src=\"/storage/news/1.jpg\" /></p>\n\n<p><br />\n&nbsp;</p>\n\n\n\n<p><strong><em>For all of the reason above, here are 7 expert tips to help you pick up the right men&rsquo;s wallet for you:</em></strong></p>\n\n<h4><strong>Number 1: Choose A Neat Wallet</strong></h4>\n\n<p>The wallet is an essential accessory that you should go simple. Simplicity is the best in this case. A simple and neat wallet with the plain color and even&nbsp;<strong>minimalist style</strong>&nbsp;is versatile. It can be used for both formal and casual events. In addition, that wallet will go well with most of the clothes in your wardrobe.</p>\n\n<p>Keep in mind that a wallet will tell other people about your personality and your fashion sense as much as other clothes you put on. Hence, don&rsquo;t go cheesy on your wallet or else people will think that you have a funny and particular style.</p>\n\n<p style=\"text-align:center\"><img alt=\"f5\" src=\"/storage/news/2.jpg\" /></p>\n\n<p><br />\n&nbsp;</p>\n<hr />\n<h4><strong>Number 2: Choose The Right Size For Your Wallet</strong></h4>\n\n<p>You should avoid having an over-sized wallet. Don&rsquo;t think that you need to buy a big wallet because you have a lot to carry with you. In addition, a fat wallet is very ugly. It will make it harder for you to slide the wallet into your trousers&rsquo; pocket. In addition, it will create a bulge and ruin your look.</p>\n\n<p>Before you go on to buy a new wallet, clean out your wallet and place all of the items from your wallet on a table. Throw away things that you would never need any more such as the old bills or the expired gift cards. Remember to check your wallet on a frequent basis to get rid of all of the old stuff that you don&rsquo;t need anymore.</p>\n\n<p style=\"text-align:center\"><img alt=\"f1\" src=\"/storage/news/3.jpg\" /></p>\n\n<p><br />\n&nbsp;</p>\n\n<hr />\n<h4><strong>Number 3: Don&rsquo;t Limit Your Options Of Materials</strong></h4>\n\n<p>The types and designs of wallets are not the only things that you should consider when you go out searching for your best wallet. You have more than 1 option of material rather than leather to choose from as well.</p>\n\n<p>You can experiment with other available options such as cotton, polyester and canvas. They all have their own pros and cons. As a result, they will be suitable for different needs and requirements. You should think about them all in order to choose the material which you would like the most.</p>\n\n<p style=\"text-align:center\"><img alt=\"f6\" height=\"375\" src=\"/storage/news/4.jpg\" /></p>\n\n<p><br />\n&nbsp;</p>\n\n<hr />\n<h4><strong>Number 4: Consider A Wallet As A Long Term Investment</strong></h4>\n\n<p>Your wallet is indeed an investment that you should consider spending a decent amount of time and effort on it. Another factor that you need to consider is how much you want to spend on your wallet. The price ranges of wallets on the market vary a great deal. You can find a wallet which is as cheap as about 5 to 7 dollars. On the other hand, you should expect to pay around 250 to 300 dollars for a high-quality wallet.</p>\n\n<p>In case you need a wallet to use for a long time, it is a good idea that you should invest a decent amount of money on a wallet. A high quality wallet from a reputational brand with the premium quality such as cowhide leather will last for a long time. In addition, it is an accessory to show off your fashion sense and your social status.</p>\n\n<p style=\"text-align:center\"><img alt=\"f2\" height=\"400\" src=\"/storage/news/5.jpg\" /></p>\n\n<p>&nbsp;</p>\n'),('vi',11,'Các đương sự trên màn hình không phải là diễn viên','You should pay more attention when you choose your wallets. There are a lot of them on the market with the different designs and styles. When you choose carefully, you would be able to buy a wallet that is catered to your needs. Not to mention that it will help to enhance your style significantly.','<p>I have seen many people underestimating the power of their wallets. To them, they are just a functional item they use to carry. As a result, they often end up with the wallets which are not really suitable for them.</p>\n\n<p>You should pay more attention when you choose your wallets. There are a lot of them on the market with the different designs and styles. When you choose carefully, you would be able to buy a wallet that is catered to your needs. Not to mention that it will help to enhance your style significantly.</p>\n\n<p style=\"text-align:center\"><img alt=\"f4\" src=\"/storage/news/1.jpg\" /></p>\n\n<p><br />\n&nbsp;</p>\n\n\n\n<p><strong><em>For all of the reason above, here are 7 expert tips to help you pick up the right men&rsquo;s wallet for you:</em></strong></p>\n\n<h4><strong>Number 1: Choose A Neat Wallet</strong></h4>\n\n<p>The wallet is an essential accessory that you should go simple. Simplicity is the best in this case. A simple and neat wallet with the plain color and even&nbsp;<strong>minimalist style</strong>&nbsp;is versatile. It can be used for both formal and casual events. In addition, that wallet will go well with most of the clothes in your wardrobe.</p>\n\n<p>Keep in mind that a wallet will tell other people about your personality and your fashion sense as much as other clothes you put on. Hence, don&rsquo;t go cheesy on your wallet or else people will think that you have a funny and particular style.</p>\n\n<p style=\"text-align:center\"><img alt=\"f5\" src=\"/storage/news/2.jpg\" /></p>\n\n<p><br />\n&nbsp;</p>\n<hr />\n<h4><strong>Number 2: Choose The Right Size For Your Wallet</strong></h4>\n\n<p>You should avoid having an over-sized wallet. Don&rsquo;t think that you need to buy a big wallet because you have a lot to carry with you. In addition, a fat wallet is very ugly. It will make it harder for you to slide the wallet into your trousers&rsquo; pocket. In addition, it will create a bulge and ruin your look.</p>\n\n<p>Before you go on to buy a new wallet, clean out your wallet and place all of the items from your wallet on a table. Throw away things that you would never need any more such as the old bills or the expired gift cards. Remember to check your wallet on a frequent basis to get rid of all of the old stuff that you don&rsquo;t need anymore.</p>\n\n<p style=\"text-align:center\"><img alt=\"f1\" src=\"/storage/news/3.jpg\" /></p>\n\n<p><br />\n&nbsp;</p>\n\n<hr />\n<h4><strong>Number 3: Don&rsquo;t Limit Your Options Of Materials</strong></h4>\n\n<p>The types and designs of wallets are not the only things that you should consider when you go out searching for your best wallet. You have more than 1 option of material rather than leather to choose from as well.</p>\n\n<p>You can experiment with other available options such as cotton, polyester and canvas. They all have their own pros and cons. As a result, they will be suitable for different needs and requirements. You should think about them all in order to choose the material which you would like the most.</p>\n\n<p style=\"text-align:center\"><img alt=\"f6\" height=\"375\" src=\"/storage/news/4.jpg\" /></p>\n\n<p><br />\n&nbsp;</p>\n\n<hr />\n<h4><strong>Number 4: Consider A Wallet As A Long Term Investment</strong></h4>\n\n<p>Your wallet is indeed an investment that you should consider spending a decent amount of time and effort on it. Another factor that you need to consider is how much you want to spend on your wallet. The price ranges of wallets on the market vary a great deal. You can find a wallet which is as cheap as about 5 to 7 dollars. On the other hand, you should expect to pay around 250 to 300 dollars for a high-quality wallet.</p>\n\n<p>In case you need a wallet to use for a long time, it is a good idea that you should invest a decent amount of money on a wallet. A high quality wallet from a reputational brand with the premium quality such as cowhide leather will last for a long time. In addition, it is an accessory to show off your fashion sense and your social status.</p>\n\n<p style=\"text-align:center\"><img alt=\"f2\" height=\"400\" src=\"/storage/news/5.jpg\" /></p>\n\n<p>&nbsp;</p>\n');
/*!40000 ALTER TABLE `posts_translations` ENABLE KEYS */;
UNLOCK TABLES;

--
-- Table structure for table `revisions`
--

DROP TABLE IF EXISTS `revisions`;
/*!40101 SET @saved_cs_client     = @@character_set_client */;
/*!50503 SET character_set_client = utf8mb4 */;
CREATE TABLE `revisions` (
  `id` bigint unsigned NOT NULL AUTO_INCREMENT,
  `revisionable_type` varchar(191) COLLATE utf8mb4_unicode_ci NOT NULL,
  `revisionable_id` int NOT NULL,
  `user_id` int DEFAULT NULL,
  `key` varchar(191) COLLATE utf8mb4_unicode_ci NOT NULL,
  `old_value` text COLLATE utf8mb4_unicode_ci,
  `new_value` text COLLATE utf8mb4_unicode_ci,
  `created_at` timestamp NULL DEFAULT NULL,
  `updated_at` timestamp NULL DEFAULT NULL,
  PRIMARY KEY (`id`),
  KEY `revisions_revisionable_id_revisionable_type_index` (`revisionable_id`,`revisionable_type`)
) ENGINE=InnoDB DEFAULT CHARSET=utf8mb4 COLLATE=utf8mb4_unicode_ci;
/*!40101 SET character_set_client = @saved_cs_client */;

--
-- Dumping data for table `revisions`
--

LOCK TABLES `revisions` WRITE;
/*!40000 ALTER TABLE `revisions` DISABLE KEYS */;
/*!40000 ALTER TABLE `revisions` ENABLE KEYS */;
UNLOCK TABLES;

--
-- Table structure for table `role_users`
--

DROP TABLE IF EXISTS `role_users`;
/*!40101 SET @saved_cs_client     = @@character_set_client */;
/*!50503 SET character_set_client = utf8mb4 */;
CREATE TABLE `role_users` (
  `id` bigint unsigned NOT NULL AUTO_INCREMENT,
  `user_id` int unsigned NOT NULL,
  `role_id` int unsigned NOT NULL,
  `created_at` timestamp NULL DEFAULT NULL,
  `updated_at` timestamp NULL DEFAULT NULL,
  PRIMARY KEY (`id`),
  KEY `role_users_user_id_index` (`user_id`),
  KEY `role_users_role_id_index` (`role_id`)
) ENGINE=InnoDB DEFAULT CHARSET=utf8mb4 COLLATE=utf8mb4_unicode_ci;
/*!40101 SET character_set_client = @saved_cs_client */;

--
-- Dumping data for table `role_users`
--

LOCK TABLES `role_users` WRITE;
/*!40000 ALTER TABLE `role_users` DISABLE KEYS */;
/*!40000 ALTER TABLE `role_users` ENABLE KEYS */;
UNLOCK TABLES;

--
-- Table structure for table `roles`
--

DROP TABLE IF EXISTS `roles`;
/*!40101 SET @saved_cs_client     = @@character_set_client */;
/*!50503 SET character_set_client = utf8mb4 */;
CREATE TABLE `roles` (
  `id` bigint unsigned NOT NULL AUTO_INCREMENT,
  `slug` varchar(120) COLLATE utf8mb4_unicode_ci NOT NULL,
  `name` varchar(120) COLLATE utf8mb4_unicode_ci NOT NULL,
  `permissions` text COLLATE utf8mb4_unicode_ci,
  `description` varchar(255) COLLATE utf8mb4_unicode_ci DEFAULT NULL,
  `is_default` tinyint unsigned NOT NULL DEFAULT '0',
  `created_by` int unsigned NOT NULL,
  `updated_by` int unsigned NOT NULL,
  `created_at` timestamp NULL DEFAULT NULL,
  `updated_at` timestamp NULL DEFAULT NULL,
  PRIMARY KEY (`id`),
  UNIQUE KEY `roles_slug_unique` (`slug`),
  KEY `roles_created_by_index` (`created_by`),
  KEY `roles_updated_by_index` (`updated_by`)
) ENGINE=InnoDB DEFAULT CHARSET=utf8mb4 COLLATE=utf8mb4_unicode_ci;
/*!40101 SET character_set_client = @saved_cs_client */;

--
-- Dumping data for table `roles`
--

LOCK TABLES `roles` WRITE;
/*!40000 ALTER TABLE `roles` DISABLE KEYS */;
/*!40000 ALTER TABLE `roles` ENABLE KEYS */;
UNLOCK TABLES;

--
-- Table structure for table `settings`
--

DROP TABLE IF EXISTS `settings`;
/*!40101 SET @saved_cs_client     = @@character_set_client */;
/*!50503 SET character_set_client = utf8mb4 */;
CREATE TABLE `settings` (
  `id` bigint unsigned NOT NULL AUTO_INCREMENT,
  `key` varchar(191) COLLATE utf8mb4_unicode_ci NOT NULL,
  `value` text COLLATE utf8mb4_unicode_ci,
  `created_at` timestamp NULL DEFAULT NULL,
  `updated_at` timestamp NULL DEFAULT NULL,
  PRIMARY KEY (`id`),
  UNIQUE KEY `settings_key_unique` (`key`)
) ENGINE=InnoDB AUTO_INCREMENT=62 DEFAULT CHARSET=utf8mb4 COLLATE=utf8mb4_unicode_ci;
/*!40101 SET character_set_client = @saved_cs_client */;

--
-- Dumping data for table `settings`
--

LOCK TABLES `settings` WRITE;
/*!40000 ALTER TABLE `settings` DISABLE KEYS */;
INSERT INTO `settings` VALUES (1,'activated_plugins','[\"language\",\"language-advanced\",\"ads\",\"analytics\",\"audit-log\",\"backup\",\"blog\",\"captcha\",\"contact\",\"cookie-consent\",\"ecommerce\",\"faq\",\"location\",\"newsletter\",\"payment\",\"paypal\",\"paystack\",\"razorpay\",\"simple-slider\",\"social-login\",\"sslcommerz\",\"stripe\",\"translation\",\"mollie\"]',NULL,NULL),(4,'language_hide_default','1',NULL,NULL),(5,'language_switcher_display','dropdown',NULL,NULL),(6,'language_display','all',NULL,NULL),(7,'language_hide_languages','[]',NULL,NULL),(8,'ecommerce_store_name','Wowy',NULL,NULL),(9,'ecommerce_store_phone','18006268',NULL,NULL),(10,'ecommerce_store_address','North Link Building, 10 Admiralty Street',NULL,NULL),(11,'ecommerce_store_state','Singapore',NULL,NULL),(12,'ecommerce_store_city','Singapore',NULL,NULL),(13,'ecommerce_store_country','SG',NULL,NULL),(14,'media_random_hash','3f29a201c8a5f2b4beef6a86e6794bfa',NULL,NULL),(15,'permalink-botble-blog-models-post','blog',NULL,NULL),(16,'permalink-botble-blog-models-category','blog',NULL,NULL),(17,'payment_cod_status','1',NULL,NULL),(18,'payment_cod_description','Please pay money directly to the postman, if you choose cash on delivery method (COD).',NULL,NULL),(19,'payment_bank_transfer_status','1',NULL,NULL),(20,'payment_bank_transfer_description','Please send money to our bank account: ACB - 69270 213 19.',NULL,NULL),(21,'plugins_ecommerce_customer_new_order_status','0',NULL,NULL),(22,'plugins_ecommerce_admin_new_order_status','0',NULL,NULL),(23,'ecommerce_load_countries_states_cities_from_location_plugin','0',NULL,NULL),(24,'payment_stripe_payment_type','stripe_checkout',NULL,NULL),(25,'simple_slider_using_assets','0',NULL,NULL),(26,'sale_popup_display_pages','[\"public.index\"]',NULL,NULL),(27,'ecommerce_is_enabled_support_digital_products','1',NULL,NULL),(28,'theme','wowy',NULL,NULL),(29,'admin_favicon','general/favicon.png',NULL,NULL),(30,'admin_logo','general/logo-light.png',NULL,NULL),(31,'theme-wowy-site_title','Wowy - Laravel Multipurpose eCommerce Script',NULL,NULL),(32,'theme-wowy-copyright','Copyright © 2021 Wowy all rights reserved. Powered by Botble.',NULL,NULL),(33,'theme-wowy-favicon','general/favicon.png',NULL,NULL),(34,'theme-wowy-logo','general/logo.png',NULL,NULL),(35,'theme-wowy-logo_light','general/logo-light.png',NULL,NULL),(36,'theme-wowy-seo_og_image','general/open-graph-image.png',NULL,NULL),(37,'theme-wowy-address','562 Wellington Road, Street 32, San Francisco',NULL,NULL),(38,'theme-wowy-hotline','1900 - 888',NULL,NULL),(39,'theme-wowy-phone','+01 2222 365 /(+91) 01 2345 6789',NULL,NULL),(40,'theme-wowy-working_hours','10:00 - 18:00, Mon - Sat',NULL,NULL),(41,'theme-wowy-homepage_id','1',NULL,NULL),(42,'theme-wowy-blog_page_id','5',NULL,NULL),(43,'theme-wowy-cookie_consent_message','Your experience on this site will be improved by allowing cookies ',NULL,NULL),(44,'theme-wowy-cookie_consent_learn_more_url','https://wowy.test/cookie-policy',NULL,NULL),(45,'theme-wowy-cookie_consent_learn_more_text','Cookie Policy',NULL,NULL),(46,'theme-wowy-number_of_cross_sale_product','4',NULL,NULL),(47,'theme-wowy-preloader_enabled','yes',NULL,NULL),(48,'theme-wowy-preloader_version','v2',NULL,NULL),(49,'theme-wowy-social_links','[[{\"key\":\"social-name\",\"value\":\"Facebook\"},{\"key\":\"social-icon\",\"value\":\"fab fa-facebook-f\"},{\"key\":\"social-url\",\"value\":\"https:\\/\\/www.facebook.com\\/\"},{\"key\":\"social-color\",\"value\":\"#3b5999\"}],[{\"key\":\"social-name\",\"value\":\"Twitter\"},{\"key\":\"social-icon\",\"value\":\"fab fa-twitter\"},{\"key\":\"social-url\",\"value\":\"https:\\/\\/www.twitter.com\\/\"},{\"key\":\"social-color\",\"value\":\"#55ACF9\"}],[{\"key\":\"social-name\",\"value\":\"Instagram\"},{\"key\":\"social-icon\",\"value\":\"fab fa-instagram\"},{\"key\":\"social-url\",\"value\":\"https:\\/\\/www.instagram.com\\/\"},{\"key\":\"social-color\",\"value\":\"#E1306C\"}],[{\"key\":\"social-name\",\"value\":\"Linkedin\"},{\"key\":\"social-icon\",\"value\":\"fab fa-linkedin\"},{\"key\":\"social-url\",\"value\":\"https:\\/\\/www.linkedin.com\\/\"},{\"key\":\"social-color\",\"value\":\"#007bb6\"}],[{\"key\":\"social-name\",\"value\":\"Pinterest\"},{\"key\":\"social-icon\",\"value\":\"fab fa-pinterest\"},{\"key\":\"social-url\",\"value\":\"https:\\/\\/www.pinterest.com\\/\"},{\"key\":\"social-color\",\"value\":\"#cb2027\"}]]',NULL,NULL),(50,'theme-wowy-header_messages','[[{\"key\":\"icon\",\"value\":\"fa fa-bell\"},{\"key\":\"message\",\"value\":\"<b class=\\\"text-success\\\"> Trendy 25<\\/b> silver jewelry, save up 35% off today\"},{\"key\":\"link\",\"value\":\"\\/products\"},{\"key\":\"link_text\",\"value\":\"Shop now\"}],[{\"key\":\"icon\",\"value\":\"fa fa-asterisk\"},{\"key\":\"message\",\"value\":\"<b class=\\\"text-danger\\\">Supper Value Deals<\\/b> - Save more with coupons\"},{\"key\":\"link\",\"value\":null},{\"key\":\"link_text\",\"value\":null}],[{\"key\":\"icon\",\"value\":\"fa fa-angle-double-right\"},{\"key\":\"message\",\"value\":\"Get great devices up to 50% off\"},{\"key\":\"link\",\"value\":\"\\/products\"},{\"key\":\"link_text\",\"value\":\"View details\"}]]',NULL,NULL),(51,'theme-wowy-contact_info_boxes','[[{\"key\":\"name\",\"value\":\"Head Office\"},{\"key\":\"address\",\"value\":\"205 North Michigan Avenue, Suite 810, Chicago, 60601, USA\"},{\"key\":\"phone\",\"value\":\"(+01) 234 567\"},{\"key\":\"email\",\"value\":\"office@botble.com\"}],[{\"key\":\"name\",\"value\":\"Our Studio\"},{\"key\":\"address\",\"value\":\"205 North Michigan Avenue, Suite 810, Chicago, 60601, USA\"},{\"key\":\"phone\",\"value\":\"(+01) 234 567\"},{\"key\":\"email\",\"value\":\"studio@botble.com\"}],[{\"key\":\"name\",\"value\":\"Our Shop\"},{\"key\":\"address\",\"value\":\"205 North Michigan Avenue, Suite 810, Chicago, 60601, USA\"},{\"key\":\"phone\",\"value\":\"(+01) 234 567\"},{\"key\":\"email\",\"value\":\"shop@botble.com\"}]]',NULL,NULL),(52,'theme-wowy-vi-font_text','Roboto Condensed',NULL,NULL),(53,'theme-wowy-vi-copyright','Bản quyền © 2021 Wowy tất cả quyền đã được bảo hộ. Phát triển bởi Botble.',NULL,NULL),(54,'theme-wowy-vi-working_hours','10:00 - 18:00, Thứ Hai - Thứ Bảy',NULL,NULL),(55,'theme-wowy-vi-cookie_consent_message','Trải nghiệm của bạn trên trang web này sẽ được cải thiện bằng cách cho phép cookie ',NULL,NULL),(56,'theme-wowy-vi-cookie_consent_learn_more_url','https://wowy.test/cookie-policy',NULL,NULL),(57,'theme-wowy-vi-cookie_consent_learn_more_text','Chính sách cookie',NULL,NULL),(58,'theme-wowy-vi-homepage_id','1',NULL,NULL),(59,'theme-wowy-vi-blog_page_id','5',NULL,NULL),(60,'theme-wowy-vi-header_messages','[[{\"key\":\"icon\",\"value\":\"fa fa-bell\"},{\"key\":\"message\",\"value\":\"<b class=\\\"text-success\\\">Trang s\\u1ee9c b\\u1ea1c 25 <\\/b> th\\u1eddi th\\u01b0\\u1ee3ng, ti\\u1ebft ki\\u1ec7m \\u0111\\u1ebfn 35%\"},{\"key\":\"link\",\"value\":\"\\/products\"},{\"key\":\"link_text\",\"value\":\"Mua ngay\"}],[{\"key\":\"icon\",\"value\":\"fa fa-asterisk\"},{\"key\":\"message\",\"value\":\"<b class=\\\"text-danger\\\">\\u01afu \\u0111\\u00e3i si\\u00eau gi\\u00e1 tr\\u1ecb <\\/b> - Ti\\u1ebft ki\\u1ec7m h\\u01a1n v\\u1edbi phi\\u1ebfu th\\u01b0\\u1edfng\"},{\"key\":\"link\",\"value\":null},{\"key\":\"link_text\",\"value\":null}],[{\"key\":\"icon\",\"value\":\"fa fa-angle-double-right\"},{\"key\":\"message\",\"value\":\"Nh\\u1eadn c\\u00e1c s\\u1ea3n ph\\u1ea9m tuy\\u1ec7t v\\u1eddi gi\\u1ea3m gi\\u00e1 t\\u1edbi 50%\"},{\"key\":\"link\",\"value\":\"\\/products\"},{\"key\":\"link_text\",\"value\":\"Xem chi ti\\u1ebft\"}]]',NULL,NULL),(61,'theme-wowy-vi-contact_info_boxes','[[{\"key\":\"name\",\"value\":\"Tr\\u1ee5 s\\u1edf ch\\u00ednh\"},{\"key\":\"address\",\"value\":\"205 North Michigan Avenue, Suite 810, Chicago, 60601, USA\"},{\"key\":\"phone\",\"value\":\"(+01) 234 567\"},{\"key\":\"email\",\"value\":\"office@botble.com\"}],[{\"key\":\"name\",\"value\":\"Gian h\\u00e0ng tr\\u01b0ng b\\u00e0y\"},{\"key\":\"address\",\"value\":\"205 North Michigan Avenue, Suite 810, Chicago, 60601, USA\"},{\"key\":\"phone\",\"value\":\"(+01) 234 567\"},{\"key\":\"email\",\"value\":\"studio@botble.com\"}],[{\"key\":\"name\",\"value\":\"C\\u1eeda h\\u00e0ng\"},{\"key\":\"address\",\"value\":\"205 North Michigan Avenue, Suite 810, Chicago, 60601, USA\"},{\"key\":\"phone\",\"value\":\"(+01) 234 567\"},{\"key\":\"email\",\"value\":\"shop@botble.com\"}]]',NULL,NULL);
/*!40000 ALTER TABLE `settings` ENABLE KEYS */;
UNLOCK TABLES;

--
-- Table structure for table `simple_slider_items`
--

DROP TABLE IF EXISTS `simple_slider_items`;
/*!40101 SET @saved_cs_client     = @@character_set_client */;
/*!50503 SET character_set_client = utf8mb4 */;
CREATE TABLE `simple_slider_items` (
  `id` bigint unsigned NOT NULL AUTO_INCREMENT,
  `simple_slider_id` int unsigned NOT NULL,
  `title` varchar(255) COLLATE utf8mb4_unicode_ci DEFAULT NULL,
  `image` varchar(255) COLLATE utf8mb4_unicode_ci NOT NULL,
  `link` varchar(255) COLLATE utf8mb4_unicode_ci DEFAULT NULL,
  `description` text COLLATE utf8mb4_unicode_ci,
  `order` int unsigned NOT NULL DEFAULT '0',
  `created_at` timestamp NULL DEFAULT NULL,
  `updated_at` timestamp NULL DEFAULT NULL,
  PRIMARY KEY (`id`)
) ENGINE=InnoDB AUTO_INCREMENT=23 DEFAULT CHARSET=utf8mb4 COLLATE=utf8mb4_unicode_ci;
/*!40101 SET character_set_client = @saved_cs_client */;

--
-- Dumping data for table `simple_slider_items`
--

LOCK TABLES `simple_slider_items` WRITE;
/*!40000 ALTER TABLE `simple_slider_items` DISABLE KEYS */;
INSERT INTO `simple_slider_items` VALUES (1,1,'Super Value Deals','sliders/1-1.png','/products','Save more with coupons & up to 70% off',1,'2022-09-27 01:54:09','2022-09-27 01:54:09'),(2,1,'Tech Trending','sliders/1-2.png','/products','Save more with coupons & up to 20% off',2,'2022-09-27 01:54:09','2022-09-27 01:54:09'),(3,1,'Big Deals From','sliders/1-3.png','/products','Headphone, Gaming Laptop, PC and more...',3,'2022-09-27 01:54:09','2022-09-27 01:54:09'),(4,2,'Super Value Deals','sliders/2-1.png','/products','Save more with coupons & up to 70% off',1,'2022-09-27 01:54:09','2022-09-27 01:54:09'),(5,2,'Tech Trending','sliders/2-2.png','/products','Save more with coupons & up to 20% off',2,'2022-09-27 01:54:09','2022-09-27 01:54:09'),(6,2,'Big Deals From','sliders/2-3.png','/products','Headphone, Gaming Laptop, PC and more...',3,'2022-09-27 01:54:09','2022-09-27 01:54:09'),(7,3,'Super Value Deals','sliders/3-1.png','/products','Save more with coupons & up to 70% off',1,'2022-09-27 01:54:09','2022-09-27 01:54:09'),(8,3,'Tech Trending','sliders/3-2.png','/products','Save more with coupons & up to 20% off',2,'2022-09-27 01:54:09','2022-09-27 01:54:09'),(9,4,'Super Value Deals','sliders/4-1.png','/products','Save more with coupons & up to 70% off',1,'2022-09-27 01:54:09','2022-09-27 01:54:09'),(10,4,'Tech Trending','sliders/4-2.png','/products','Save more with coupons & up to 20% off',2,'2022-09-27 01:54:09','2022-09-27 01:54:09'),(11,4,'Big Deals From','sliders/4-3.png','/products','Headphone, Gaming Laptop, PC and more...',3,'2022-09-27 01:54:09','2022-09-27 01:54:09'),(12,5,'Giảm giá đặc biệt','sliders/1-1.png','/products','Tiết kiệm hơn với mã giảm giá 70%',1,'2022-09-27 01:54:09','2022-09-27 01:54:09'),(13,5,'Công nghệ nổi bật','sliders/1-2.png','/products','Tiết kiệm hơn với mã giảm giá 20%',2,'2022-09-27 01:54:09','2022-09-27 01:54:09'),(14,5,'Giảm giá lớn nhất từ','sliders/1-3.png','/products','Tai nghe, Máy tính chơi game, PC và hơn nữa...',3,'2022-09-27 01:54:09','2022-09-27 01:54:09'),(15,6,'Giảm giá đặc biệt','sliders/2-1.png','/products','Tiết kiệm hơn với mã giảm giá 70%',1,'2022-09-27 01:54:09','2022-09-27 01:54:09'),(16,6,'Công nghệ nổi bật','sliders/2-2.png','/products','Tiết kiệm hơn với mã giảm giá 20%',2,'2022-09-27 01:54:09','2022-09-27 01:54:09'),(17,6,'Giảm giá lớn nhất từ','sliders/2-3.png','/products','Tai nghe, Máy tính chơi game, PC và hơn nữa...',3,'2022-09-27 01:54:09','2022-09-27 01:54:09'),(18,7,'Giảm giá đặc biệt','sliders/3-1.png','/products','Tiết kiệm hơn với mã giảm giá 70%',1,'2022-09-27 01:54:09','2022-09-27 01:54:09'),(19,7,'Công nghệ nổi bật','sliders/3-2.png','/products','Tiết kiệm hơn với mã giảm giá 20%',2,'2022-09-27 01:54:09','2022-09-27 01:54:09'),(20,8,'Giảm giá đặc biệt','sliders/4-1.png','/products','Tiết kiệm hơn với mã giảm giá 70%',1,'2022-09-27 01:54:09','2022-09-27 01:54:09'),(21,8,'Công nghệ nổi bật','sliders/4-2.png','/products','Tiết kiệm hơn với mã giảm giá 20%',2,'2022-09-27 01:54:09','2022-09-27 01:54:09'),(22,8,'Giảm giá lớn nhất từ','sliders/4-3.png','/products','Tai nghe, Máy tính chơi game, PC và hơn nữa...',3,'2022-09-27 01:54:09','2022-09-27 01:54:09');
/*!40000 ALTER TABLE `simple_slider_items` ENABLE KEYS */;
UNLOCK TABLES;

--
-- Table structure for table `simple_sliders`
--

DROP TABLE IF EXISTS `simple_sliders`;
/*!40101 SET @saved_cs_client     = @@character_set_client */;
/*!50503 SET character_set_client = utf8mb4 */;
CREATE TABLE `simple_sliders` (
  `id` bigint unsigned NOT NULL AUTO_INCREMENT,
  `name` varchar(120) COLLATE utf8mb4_unicode_ci NOT NULL,
  `key` varchar(120) COLLATE utf8mb4_unicode_ci NOT NULL,
  `description` varchar(255) COLLATE utf8mb4_unicode_ci DEFAULT NULL,
  `status` varchar(60) COLLATE utf8mb4_unicode_ci NOT NULL DEFAULT 'published',
  `created_at` timestamp NULL DEFAULT NULL,
  `updated_at` timestamp NULL DEFAULT NULL,
  PRIMARY KEY (`id`)
) ENGINE=InnoDB AUTO_INCREMENT=9 DEFAULT CHARSET=utf8mb4 COLLATE=utf8mb4_unicode_ci;
/*!40101 SET character_set_client = @saved_cs_client */;

--
-- Dumping data for table `simple_sliders`
--

LOCK TABLES `simple_sliders` WRITE;
/*!40000 ALTER TABLE `simple_sliders` DISABLE KEYS */;
INSERT INTO `simple_sliders` VALUES (1,'Home slider 1','home-slider-1',NULL,'published','2022-09-27 01:54:09','2022-09-27 01:54:09'),(2,'Home slider 2','home-slider-2',NULL,'published','2022-09-27 01:54:09','2022-09-27 01:54:09'),(3,'Home slider 3','home-slider-3',NULL,'published','2022-09-27 01:54:09','2022-09-27 01:54:09'),(4,'Home slider 4','home-slider-4',NULL,'published','2022-09-27 01:54:09','2022-09-27 01:54:09'),(5,'Slider trang chủ 1','slider-trang-chu-1',NULL,'published','2022-09-27 01:54:09','2022-09-27 01:54:09'),(6,'Slider trang chủ 2','slider-trang-chu-2',NULL,'published','2022-09-27 01:54:09','2022-09-27 01:54:09'),(7,'Slider trang chủ 3','slider-trang-chu-3',NULL,'published','2022-09-27 01:54:09','2022-09-27 01:54:09'),(8,'Slider trang chủ 4','slider-trang-chu-4',NULL,'published','2022-09-27 01:54:09','2022-09-27 01:54:09');
/*!40000 ALTER TABLE `simple_sliders` ENABLE KEYS */;
UNLOCK TABLES;

--
-- Table structure for table `slugs`
--

DROP TABLE IF EXISTS `slugs`;
/*!40101 SET @saved_cs_client     = @@character_set_client */;
/*!50503 SET character_set_client = utf8mb4 */;
CREATE TABLE `slugs` (
  `id` bigint unsigned NOT NULL AUTO_INCREMENT,
  `key` varchar(255) COLLATE utf8mb4_unicode_ci NOT NULL,
  `reference_id` int unsigned NOT NULL,
  `reference_type` varchar(255) COLLATE utf8mb4_unicode_ci NOT NULL,
  `prefix` varchar(120) COLLATE utf8mb4_unicode_ci DEFAULT '',
  `created_at` timestamp NULL DEFAULT NULL,
  `updated_at` timestamp NULL DEFAULT NULL,
  PRIMARY KEY (`id`)
) ENGINE=InnoDB AUTO_INCREMENT=101 DEFAULT CHARSET=utf8mb4 COLLATE=utf8mb4_unicode_ci;
/*!40101 SET character_set_client = @saved_cs_client */;

--
-- Dumping data for table `slugs`
--

LOCK TABLES `slugs` WRITE;
/*!40000 ALTER TABLE `slugs` DISABLE KEYS */;
INSERT INTO `slugs` VALUES (1,'perxsion',1,'Botble\\Ecommerce\\Models\\Brand','brands','2022-09-27 01:53:54','2022-09-27 01:53:54'),(2,'hiching',2,'Botble\\Ecommerce\\Models\\Brand','brands','2022-09-27 01:53:54','2022-09-27 01:53:54'),(3,'kepslo',3,'Botble\\Ecommerce\\Models\\Brand','brands','2022-09-27 01:53:54','2022-09-27 01:53:54'),(4,'groneba',4,'Botble\\Ecommerce\\Models\\Brand','brands','2022-09-27 01:53:54','2022-09-27 01:53:54'),(5,'babian',5,'Botble\\Ecommerce\\Models\\Brand','brands','2022-09-27 01:53:54','2022-09-27 01:53:54'),(6,'valorant',6,'Botble\\Ecommerce\\Models\\Brand','brands','2022-09-27 01:53:54','2022-09-27 01:53:54'),(7,'pure',7,'Botble\\Ecommerce\\Models\\Brand','brands','2022-09-27 01:53:54','2022-09-27 01:53:54'),(8,'hot-promotions',1,'Botble\\Ecommerce\\Models\\ProductCategory','product-categories','2022-09-27 01:53:55','2022-09-27 01:53:55'),(9,'electronics',2,'Botble\\Ecommerce\\Models\\ProductCategory','product-categories','2022-09-27 01:53:55','2022-09-27 01:53:55'),(10,'home-audio-theaters',3,'Botble\\Ecommerce\\Models\\ProductCategory','product-categories','2022-09-27 01:53:55','2022-09-27 01:53:55'),(11,'tv-videos',4,'Botble\\Ecommerce\\Models\\ProductCategory','product-categories','2022-09-27 01:53:55','2022-09-27 01:53:55'),(12,'camera-photos-videos',5,'Botble\\Ecommerce\\Models\\ProductCategory','product-categories','2022-09-27 01:53:55','2022-09-27 01:53:55'),(13,'cellphones-accessories',6,'Botble\\Ecommerce\\Models\\ProductCategory','product-categories','2022-09-27 01:53:55','2022-09-27 01:53:55'),(14,'headphones',7,'Botble\\Ecommerce\\Models\\ProductCategory','product-categories','2022-09-27 01:53:55','2022-09-27 01:53:55'),(15,'videos-games',8,'Botble\\Ecommerce\\Models\\ProductCategory','product-categories','2022-09-27 01:53:55','2022-09-27 01:53:55'),(16,'wireless-speakers',9,'Botble\\Ecommerce\\Models\\ProductCategory','product-categories','2022-09-27 01:53:55','2022-09-27 01:53:55'),(17,'office-electronic',10,'Botble\\Ecommerce\\Models\\ProductCategory','product-categories','2022-09-27 01:53:55','2022-09-27 01:53:55'),(18,'clothing',11,'Botble\\Ecommerce\\Models\\ProductCategory','product-categories','2022-09-27 01:53:55','2022-09-27 01:53:55'),(19,'computers',12,'Botble\\Ecommerce\\Models\\ProductCategory','product-categories','2022-09-27 01:53:55','2022-09-27 01:53:55'),(20,'computer-tablets',13,'Botble\\Ecommerce\\Models\\ProductCategory','product-categories','2022-09-27 01:53:55','2022-09-27 01:53:55'),(21,'laptop',14,'Botble\\Ecommerce\\Models\\ProductCategory','product-categories','2022-09-27 01:53:55','2022-09-27 01:53:55'),(22,'monitors',15,'Botble\\Ecommerce\\Models\\ProductCategory','product-categories','2022-09-27 01:53:55','2022-09-27 01:53:55'),(23,'computer-components',16,'Botble\\Ecommerce\\Models\\ProductCategory','product-categories','2022-09-27 01:53:55','2022-09-27 01:53:55'),(24,'home-kitchen',17,'Botble\\Ecommerce\\Models\\ProductCategory','product-categories','2022-09-27 01:53:55','2022-09-27 01:53:55'),(25,'health-beauty',18,'Botble\\Ecommerce\\Models\\ProductCategory','product-categories','2022-09-27 01:53:55','2022-09-27 01:53:55'),(26,'jewelry-watch',19,'Botble\\Ecommerce\\Models\\ProductCategory','product-categories','2022-09-27 01:53:55','2022-09-27 01:53:55'),(27,'technology-toys',20,'Botble\\Ecommerce\\Models\\ProductCategory','product-categories','2022-09-27 01:53:55','2022-09-27 01:53:55'),(28,'drive-storages',21,'Botble\\Ecommerce\\Models\\ProductCategory','product-categories','2022-09-27 01:53:55','2022-09-27 01:53:55'),(29,'gaming-laptop',22,'Botble\\Ecommerce\\Models\\ProductCategory','product-categories','2022-09-27 01:53:55','2022-09-27 01:53:55'),(30,'security-protection',23,'Botble\\Ecommerce\\Models\\ProductCategory','product-categories','2022-09-27 01:53:55','2022-09-27 01:53:55'),(31,'accessories',24,'Botble\\Ecommerce\\Models\\ProductCategory','product-categories','2022-09-27 01:53:55','2022-09-27 01:53:55'),(32,'phones',25,'Botble\\Ecommerce\\Models\\ProductCategory','product-categories','2022-09-27 01:53:55','2022-09-27 01:53:55'),(33,'babies-moms',26,'Botble\\Ecommerce\\Models\\ProductCategory','product-categories','2022-09-27 01:53:55','2022-09-27 01:53:55'),(34,'sport-outdoor',27,'Botble\\Ecommerce\\Models\\ProductCategory','product-categories','2022-09-27 01:53:55','2022-09-27 01:53:55'),(35,'books-office',28,'Botble\\Ecommerce\\Models\\ProductCategory','product-categories','2022-09-27 01:53:55','2022-09-27 01:53:55'),(36,'cars-motorcycles',29,'Botble\\Ecommerce\\Models\\ProductCategory','product-categories','2022-09-27 01:53:55','2022-09-27 01:53:55'),(37,'home-improvements',30,'Botble\\Ecommerce\\Models\\ProductCategory','product-categories','2022-09-27 01:53:55','2022-09-27 01:53:55'),(38,'wallet',1,'Botble\\Ecommerce\\Models\\ProductTag','product-tags','2022-09-27 01:53:55','2022-09-27 01:53:55'),(39,'bags',2,'Botble\\Ecommerce\\Models\\ProductTag','product-tags','2022-09-27 01:53:55','2022-09-27 01:53:55'),(40,'shoes',3,'Botble\\Ecommerce\\Models\\ProductTag','product-tags','2022-09-27 01:53:55','2022-09-27 01:53:55'),(41,'clothes',4,'Botble\\Ecommerce\\Models\\ProductTag','product-tags','2022-09-27 01:53:55','2022-09-27 01:53:55'),(42,'hand-bag',5,'Botble\\Ecommerce\\Models\\ProductTag','product-tags','2022-09-27 01:53:55','2022-09-27 01:53:55'),(43,'smart-home-speaker',1,'Botble\\Ecommerce\\Models\\Product','products','2022-09-27 01:54:04','2022-09-27 01:54:04'),(44,'headphone-ultra-bass',2,'Botble\\Ecommerce\\Models\\Product','products','2022-09-27 01:54:04','2022-09-27 01:54:04'),(45,'boxed-bluetooth-headphone',3,'Botble\\Ecommerce\\Models\\Product','products','2022-09-27 01:54:04','2022-09-27 01:54:04'),(46,'chikie-bluetooth-speaker',4,'Botble\\Ecommerce\\Models\\Product','products','2022-09-27 01:54:04','2022-09-27 01:54:04'),(47,'camera-hikvision-hk-35vs8',5,'Botble\\Ecommerce\\Models\\Product','products','2022-09-27 01:54:04','2022-09-27 01:54:04'),(48,'camera-samsung-ss-24',6,'Botble\\Ecommerce\\Models\\Product','products','2022-09-27 01:54:04','2022-09-27 01:54:04'),(49,'leather-watch-band',7,'Botble\\Ecommerce\\Models\\Product','products','2022-09-27 01:54:04','2022-09-27 01:54:04'),(50,'apple-iphone-13-plus',8,'Botble\\Ecommerce\\Models\\Product','products','2022-09-27 01:54:04','2022-09-27 01:54:04'),(51,'macbook-pro-2015',9,'Botble\\Ecommerce\\Models\\Product','products','2022-09-27 01:54:04','2022-09-27 01:54:04'),(52,'macbook-air-12-inch',10,'Botble\\Ecommerce\\Models\\Product','products','2022-09-27 01:54:04','2022-09-27 01:54:04'),(53,'apple-watch-serial-7',11,'Botble\\Ecommerce\\Models\\Product','products','2022-09-27 01:54:04','2022-09-27 01:54:04'),(54,'macbook-pro-13-inch',12,'Botble\\Ecommerce\\Models\\Product','products','2022-09-27 01:54:04','2022-09-27 01:54:04'),(55,'apple-keyboard',13,'Botble\\Ecommerce\\Models\\Product','products','2022-09-27 01:54:04','2022-09-27 01:54:04'),(56,'macsafe-80w',14,'Botble\\Ecommerce\\Models\\Product','products','2022-09-27 01:54:04','2022-09-27 01:54:04'),(57,'hand-playstation',15,'Botble\\Ecommerce\\Models\\Product','products','2022-09-27 01:54:04','2022-09-27 01:54:04'),(58,'apple-airpods-serial-3',16,'Botble\\Ecommerce\\Models\\Product','products','2022-09-27 01:54:04','2022-09-27 01:54:04'),(59,'cool-smart-watches',17,'Botble\\Ecommerce\\Models\\Product','products','2022-09-27 01:54:04','2022-09-27 01:54:04'),(60,'black-smart-watches',18,'Botble\\Ecommerce\\Models\\Product','products','2022-09-27 01:54:04','2022-09-27 01:54:04'),(61,'leather-watch-band-serial-3',19,'Botble\\Ecommerce\\Models\\Product','products','2022-09-27 01:54:04','2022-09-27 01:54:04'),(62,'macbook-pro-2015-13-inch',20,'Botble\\Ecommerce\\Models\\Product','products','2022-09-27 01:54:04','2022-09-27 01:54:04'),(63,'historic-alarm-clock',21,'Botble\\Ecommerce\\Models\\Product','products','2022-09-27 01:54:04','2022-09-27 01:54:04'),(64,'black-glasses',22,'Botble\\Ecommerce\\Models\\Product','products','2022-09-27 01:54:04','2022-09-27 01:54:04'),(65,'phillips-mouse',23,'Botble\\Ecommerce\\Models\\Product','products','2022-09-27 01:54:04','2022-09-27 01:54:04'),(66,'gaming-keyboard',24,'Botble\\Ecommerce\\Models\\Product','products','2022-09-27 01:54:04','2022-09-27 01:54:04'),(67,'ecommerce',1,'Botble\\Blog\\Models\\Category','blog','2022-09-27 01:54:11','2022-09-27 01:54:11'),(68,'fashion',2,'Botble\\Blog\\Models\\Category','blog','2022-09-27 01:54:11','2022-09-27 01:54:11'),(69,'electronic',3,'Botble\\Blog\\Models\\Category','blog','2022-09-27 01:54:11','2022-09-27 01:54:11'),(70,'commercial',4,'Botble\\Blog\\Models\\Category','blog','2022-09-27 01:54:11','2022-09-27 01:54:11'),(71,'general',1,'Botble\\Blog\\Models\\Tag','tag','2022-09-27 01:54:11','2022-09-27 01:54:11'),(72,'design',2,'Botble\\Blog\\Models\\Tag','tag','2022-09-27 01:54:11','2022-09-27 01:54:11'),(73,'fashion',3,'Botble\\Blog\\Models\\Tag','tag','2022-09-27 01:54:11','2022-09-27 01:54:11'),(74,'branding',4,'Botble\\Blog\\Models\\Tag','tag','2022-09-27 01:54:11','2022-09-27 01:54:11'),(75,'modern',5,'Botble\\Blog\\Models\\Tag','tag','2022-09-27 01:54:11','2022-09-27 01:54:11'),(76,'4-expert-tips-on-how-to-choose-the-right-mens-wallet',1,'Botble\\Blog\\Models\\Post','blog','2022-09-27 01:54:11','2022-09-27 01:54:11'),(77,'sexy-clutches-how-to-buy-wear-a-designer-clutch-bag',2,'Botble\\Blog\\Models\\Post','blog','2022-09-27 01:54:11','2022-09-27 01:54:11'),(78,'the-top-2020-handbag-trends-to-know',3,'Botble\\Blog\\Models\\Post','blog','2022-09-27 01:54:11','2022-09-27 01:54:11'),(79,'how-to-match-the-color-of-your-handbag-with-an-outfit',4,'Botble\\Blog\\Models\\Post','blog','2022-09-27 01:54:11','2022-09-27 01:54:11'),(80,'how-to-care-for-leather-bags',5,'Botble\\Blog\\Models\\Post','blog','2022-09-27 01:54:11','2022-09-27 01:54:11'),(81,'were-crushing-hard-on-summers-10-biggest-bag-trends',6,'Botble\\Blog\\Models\\Post','blog','2022-09-27 01:54:11','2022-09-27 01:54:11'),(82,'essential-qualities-of-highly-successful-music',7,'Botble\\Blog\\Models\\Post','blog','2022-09-27 01:54:11','2022-09-27 01:54:11'),(83,'9-things-i-love-about-shaving-my-head',8,'Botble\\Blog\\Models\\Post','blog','2022-09-27 01:54:11','2022-09-27 01:54:11'),(84,'why-teamwork-really-makes-the-dream-work',9,'Botble\\Blog\\Models\\Post','blog','2022-09-27 01:54:11','2022-09-27 01:54:11'),(85,'the-world-caters-to-average-people',10,'Botble\\Blog\\Models\\Post','blog','2022-09-27 01:54:11','2022-09-27 01:54:11'),(86,'the-litigants-on-the-screen-are-not-actors',11,'Botble\\Blog\\Models\\Post','blog','2022-09-27 01:54:11','2022-09-27 01:54:11'),(87,'homepage',1,'Botble\\Page\\Models\\Page','','2022-09-27 01:54:11','2022-09-27 01:54:11'),(88,'homepage-2',2,'Botble\\Page\\Models\\Page','','2022-09-27 01:54:11','2022-09-27 01:54:11'),(89,'homepage-3',3,'Botble\\Page\\Models\\Page','','2022-09-27 01:54:11','2022-09-27 01:54:11'),(90,'homepage-4',4,'Botble\\Page\\Models\\Page','','2022-09-27 01:54:11','2022-09-27 01:54:11'),(91,'blog',5,'Botble\\Page\\Models\\Page','','2022-09-27 01:54:11','2022-09-27 01:54:11'),(92,'contact',6,'Botble\\Page\\Models\\Page','','2022-09-27 01:54:11','2022-09-27 01:54:11'),(93,'about-us',7,'Botble\\Page\\Models\\Page','','2022-09-27 01:54:11','2022-09-27 01:54:11'),(94,'cookie-policy',8,'Botble\\Page\\Models\\Page','','2022-09-27 01:54:11','2022-09-27 01:54:11'),(95,'terms-conditions',9,'Botble\\Page\\Models\\Page','','2022-09-27 01:54:11','2022-09-27 01:54:11'),(96,'returns-exchanges',10,'Botble\\Page\\Models\\Page','','2022-09-27 01:54:11','2022-09-27 01:54:11'),(97,'shipping-delivery',11,'Botble\\Page\\Models\\Page','','2022-09-27 01:54:11','2022-09-27 01:54:11'),(98,'privacy-policy',12,'Botble\\Page\\Models\\Page','','2022-09-27 01:54:11','2022-09-27 01:54:11'),(99,'blog-left-sidebar',13,'Botble\\Page\\Models\\Page','','2022-09-27 01:54:11','2022-09-27 01:54:11'),(100,'faq',14,'Botble\\Page\\Models\\Page','','2022-09-27 01:54:11','2022-09-27 01:54:11');
/*!40000 ALTER TABLE `slugs` ENABLE KEYS */;
UNLOCK TABLES;

--
-- Table structure for table `states`
--

DROP TABLE IF EXISTS `states`;
/*!40101 SET @saved_cs_client     = @@character_set_client */;
/*!50503 SET character_set_client = utf8mb4 */;
CREATE TABLE `states` (
  `id` bigint unsigned NOT NULL AUTO_INCREMENT,
  `name` varchar(120) COLLATE utf8mb4_unicode_ci NOT NULL,
  `abbreviation` varchar(2) COLLATE utf8mb4_unicode_ci DEFAULT NULL,
  `country_id` int unsigned DEFAULT NULL,
  `order` tinyint NOT NULL DEFAULT '0',
  `is_default` tinyint unsigned NOT NULL DEFAULT '0',
  `status` varchar(60) COLLATE utf8mb4_unicode_ci NOT NULL DEFAULT 'published',
  `created_at` timestamp NULL DEFAULT NULL,
  `updated_at` timestamp NULL DEFAULT NULL,
  PRIMARY KEY (`id`)
) ENGINE=InnoDB DEFAULT CHARSET=utf8mb4 COLLATE=utf8mb4_unicode_ci;
/*!40101 SET character_set_client = @saved_cs_client */;

--
-- Dumping data for table `states`
--

LOCK TABLES `states` WRITE;
/*!40000 ALTER TABLE `states` DISABLE KEYS */;
/*!40000 ALTER TABLE `states` ENABLE KEYS */;
UNLOCK TABLES;

--
-- Table structure for table `states_translations`
--

DROP TABLE IF EXISTS `states_translations`;
/*!40101 SET @saved_cs_client     = @@character_set_client */;
/*!50503 SET character_set_client = utf8mb4 */;
CREATE TABLE `states_translations` (
  `lang_code` varchar(191) COLLATE utf8mb4_unicode_ci NOT NULL,
  `states_id` int NOT NULL,
  `name` varchar(120) COLLATE utf8mb4_unicode_ci DEFAULT NULL,
  `abbreviation` varchar(2) COLLATE utf8mb4_unicode_ci DEFAULT NULL,
  PRIMARY KEY (`lang_code`,`states_id`)
) ENGINE=InnoDB DEFAULT CHARSET=utf8mb4 COLLATE=utf8mb4_unicode_ci;
/*!40101 SET character_set_client = @saved_cs_client */;

--
-- Dumping data for table `states_translations`
--

LOCK TABLES `states_translations` WRITE;
/*!40000 ALTER TABLE `states_translations` DISABLE KEYS */;
/*!40000 ALTER TABLE `states_translations` ENABLE KEYS */;
UNLOCK TABLES;

--
-- Table structure for table `tags`
--

DROP TABLE IF EXISTS `tags`;
/*!40101 SET @saved_cs_client     = @@character_set_client */;
/*!50503 SET character_set_client = utf8mb4 */;
CREATE TABLE `tags` (
  `id` bigint unsigned NOT NULL AUTO_INCREMENT,
  `name` varchar(120) COLLATE utf8mb4_unicode_ci NOT NULL,
  `author_id` int NOT NULL,
  `author_type` varchar(255) CHARACTER SET utf8mb4 COLLATE utf8mb4_unicode_ci NOT NULL DEFAULT 'Botble\\ACL\\Models\\User',
  `description` varchar(400) COLLATE utf8mb4_unicode_ci DEFAULT '',
  `status` varchar(60) COLLATE utf8mb4_unicode_ci NOT NULL DEFAULT 'published',
  `created_at` timestamp NULL DEFAULT NULL,
  `updated_at` timestamp NULL DEFAULT NULL,
  PRIMARY KEY (`id`)
) ENGINE=InnoDB AUTO_INCREMENT=6 DEFAULT CHARSET=utf8mb4 COLLATE=utf8mb4_unicode_ci;
/*!40101 SET character_set_client = @saved_cs_client */;

--
-- Dumping data for table `tags`
--

LOCK TABLES `tags` WRITE;
/*!40000 ALTER TABLE `tags` DISABLE KEYS */;
INSERT INTO `tags` VALUES (1,'General',1,'Botble\\ACL\\Models\\User','','published','2022-09-27 01:54:11','2022-09-27 01:54:11'),(2,'Design',1,'Botble\\ACL\\Models\\User','','published','2022-09-27 01:54:11','2022-09-27 01:54:11'),(3,'Fashion',1,'Botble\\ACL\\Models\\User','','published','2022-09-27 01:54:11','2022-09-27 01:54:11'),(4,'Branding',1,'Botble\\ACL\\Models\\User','','published','2022-09-27 01:54:11','2022-09-27 01:54:11'),(5,'Modern',1,'Botble\\ACL\\Models\\User','','published','2022-09-27 01:54:11','2022-09-27 01:54:11');
/*!40000 ALTER TABLE `tags` ENABLE KEYS */;
UNLOCK TABLES;

--
-- Table structure for table `tags_translations`
--

DROP TABLE IF EXISTS `tags_translations`;
/*!40101 SET @saved_cs_client     = @@character_set_client */;
/*!50503 SET character_set_client = utf8mb4 */;
CREATE TABLE `tags_translations` (
  `lang_code` varchar(191) COLLATE utf8mb4_unicode_ci NOT NULL,
  `tags_id` int NOT NULL,
  `name` varchar(255) COLLATE utf8mb4_unicode_ci DEFAULT NULL,
  `description` varchar(400) COLLATE utf8mb4_unicode_ci DEFAULT NULL,
  PRIMARY KEY (`lang_code`,`tags_id`)
) ENGINE=InnoDB DEFAULT CHARSET=utf8mb4 COLLATE=utf8mb4_unicode_ci;
/*!40101 SET character_set_client = @saved_cs_client */;

--
-- Dumping data for table `tags_translations`
--

LOCK TABLES `tags_translations` WRITE;
/*!40000 ALTER TABLE `tags_translations` DISABLE KEYS */;
INSERT INTO `tags_translations` VALUES ('vi',1,'Chung',NULL),('vi',2,'Thiết kế',NULL),('vi',3,'Thời trang',NULL),('vi',4,'Thương hiệu',NULL),('vi',5,'Hiện đại',NULL);
/*!40000 ALTER TABLE `tags_translations` ENABLE KEYS */;
UNLOCK TABLES;

--
-- Table structure for table `translations`
--

DROP TABLE IF EXISTS `translations`;
/*!40101 SET @saved_cs_client     = @@character_set_client */;
/*!50503 SET character_set_client = utf8mb4 */;
CREATE TABLE `translations` (
  `id` bigint unsigned NOT NULL AUTO_INCREMENT,
  `status` int NOT NULL DEFAULT '0',
  `locale` varchar(191) COLLATE utf8mb4_unicode_ci NOT NULL,
  `group` varchar(191) COLLATE utf8mb4_unicode_ci NOT NULL,
  `key` varchar(191) COLLATE utf8mb4_unicode_ci NOT NULL,
  `value` text COLLATE utf8mb4_unicode_ci,
  `created_at` timestamp NULL DEFAULT NULL,
  `updated_at` timestamp NULL DEFAULT NULL,
  PRIMARY KEY (`id`)
) ENGINE=InnoDB AUTO_INCREMENT=4770 DEFAULT CHARSET=utf8mb4 COLLATE=utf8mb4_unicode_ci;
/*!40101 SET character_set_client = @saved_cs_client */;

--
-- Dumping data for table `translations`
--

LOCK TABLES `translations` WRITE;
/*!40000 ALTER TABLE `translations` DISABLE KEYS */;
INSERT INTO `translations` VALUES (1,1,'en','auth','failed','These credentials do not match our records.','2022-09-27 01:54:14','2022-09-27 01:54:14'),(2,1,'en','auth','password','The provided password is incorrect.','2022-09-27 01:54:14','2022-09-27 01:54:14'),(3,1,'en','auth','throttle','Too many login attempts. Please try again in :seconds seconds.','2022-09-27 01:54:14','2022-09-27 01:54:14'),(4,1,'en','pagination','previous','&laquo; Previous','2022-09-27 01:54:14','2022-09-27 01:54:14'),(5,1,'en','pagination','next','Next &raquo;','2022-09-27 01:54:14','2022-09-27 01:54:14'),(6,1,'en','passwords','reset','Your password has been reset!','2022-09-27 01:54:14','2022-09-27 01:54:14'),(7,1,'en','passwords','sent','We have emailed your password reset link!','2022-09-27 01:54:14','2022-09-27 01:54:14'),(8,1,'en','passwords','throttled','Please wait before retrying.','2022-09-27 01:54:14','2022-09-27 01:54:14'),(9,1,'en','passwords','token','This password reset token is invalid.','2022-09-27 01:54:14','2022-09-27 01:54:14'),(10,1,'en','passwords','user','We can\'t find a user with that email address.','2022-09-27 01:54:14','2022-09-27 01:54:14'),(11,1,'en','validation','accepted','The :attribute must be accepted.','2022-09-27 01:54:14','2022-09-27 01:54:14'),(12,1,'en','validation','accepted_if','The :attribute must be accepted when :other is :value.','2022-09-27 01:54:14','2022-09-27 01:54:14'),(13,1,'en','validation','active_url','The :attribute is not a valid URL.','2022-09-27 01:54:14','2022-09-27 01:54:14'),(14,1,'en','validation','after','The :attribute must be a date after :date.','2022-09-27 01:54:14','2022-09-27 01:54:14'),(15,1,'en','validation','after_or_equal','The :attribute must be a date after or equal to :date.','2022-09-27 01:54:14','2022-09-27 01:54:14'),(16,1,'en','validation','alpha','The :attribute must only contain letters.','2022-09-27 01:54:14','2022-09-27 01:54:14'),(17,1,'en','validation','alpha_dash','The :attribute must only contain letters, numbers, dashes and underscores.','2022-09-27 01:54:14','2022-09-27 01:54:14'),(18,1,'en','validation','alpha_num','The :attribute must only contain letters and numbers.','2022-09-27 01:54:14','2022-09-27 01:54:14'),(19,1,'en','validation','array','The :attribute must be an array.','2022-09-27 01:54:14','2022-09-27 01:54:14'),(20,1,'en','validation','before','The :attribute must be a date before :date.','2022-09-27 01:54:14','2022-09-27 01:54:14'),(21,1,'en','validation','before_or_equal','The :attribute must be a date before or equal to :date.','2022-09-27 01:54:14','2022-09-27 01:54:14'),(22,1,'en','validation','between.array','The :attribute must have between :min and :max items.','2022-09-27 01:54:14','2022-09-27 01:54:14'),(23,1,'en','validation','between.file','The :attribute must be between :min and :max kilobytes.','2022-09-27 01:54:14','2022-09-27 01:54:14'),(24,1,'en','validation','between.numeric','The :attribute must be between :min and :max.','2022-09-27 01:54:14','2022-09-27 01:54:14'),(25,1,'en','validation','between.string','The :attribute must be between :min and :max characters.','2022-09-27 01:54:14','2022-09-27 01:54:14'),(26,1,'en','validation','boolean','The :attribute field must be true or false.','2022-09-27 01:54:14','2022-09-27 01:54:14'),(27,1,'en','validation','confirmed','The :attribute confirmation does not match.','2022-09-27 01:54:14','2022-09-27 01:54:14'),(28,1,'en','validation','current_password','The password is incorrect.','2022-09-27 01:54:14','2022-09-27 01:54:14'),(29,1,'en','validation','date','The :attribute is not a valid date.','2022-09-27 01:54:14','2022-09-27 01:54:14'),(30,1,'en','validation','date_equals','The :attribute must be a date equal to :date.','2022-09-27 01:54:14','2022-09-27 01:54:14'),(31,1,'en','validation','date_format','The :attribute does not match the format :format.','2022-09-27 01:54:14','2022-09-27 01:54:14'),(32,1,'en','validation','declined','The :attribute must be declined.','2022-09-27 01:54:14','2022-09-27 01:54:14'),(33,1,'en','validation','declined_if','The :attribute must be declined when :other is :value.','2022-09-27 01:54:14','2022-09-27 01:54:14'),(34,1,'en','validation','different','The :attribute and :other must be different.','2022-09-27 01:54:14','2022-09-27 01:54:14'),(35,1,'en','validation','digits','The :attribute must be :digits digits.','2022-09-27 01:54:14','2022-09-27 01:54:14'),(36,1,'en','validation','digits_between','The :attribute must be between :min and :max digits.','2022-09-27 01:54:14','2022-09-27 01:54:14'),(37,1,'en','validation','dimensions','The :attribute has invalid image dimensions.','2022-09-27 01:54:14','2022-09-27 01:54:14'),(38,1,'en','validation','distinct','The :attribute field has a duplicate value.','2022-09-27 01:54:14','2022-09-27 01:54:14'),(39,1,'en','validation','doesnt_end_with','The :attribute may not end with one of the following: :values.','2022-09-27 01:54:14','2022-09-27 01:54:14'),(40,1,'en','validation','doesnt_start_with','The :attribute may not start with one of the following: :values.','2022-09-27 01:54:14','2022-09-27 01:54:14'),(41,1,'en','validation','email','The :attribute must be a valid email address.','2022-09-27 01:54:14','2022-09-27 01:54:14'),(42,1,'en','validation','ends_with','The :attribute must end with one of the following: :values.','2022-09-27 01:54:14','2022-09-27 01:54:14'),(43,1,'en','validation','enum','The selected :attribute is invalid.','2022-09-27 01:54:14','2022-09-27 01:54:14'),(44,1,'en','validation','exists','The selected :attribute is invalid.','2022-09-27 01:54:14','2022-09-27 01:54:14'),(45,1,'en','validation','file','The :attribute must be a file.','2022-09-27 01:54:14','2022-09-27 01:54:14'),(46,1,'en','validation','filled','The :attribute field must have a value.','2022-09-27 01:54:14','2022-09-27 01:54:14'),(47,1,'en','validation','gt.array','The :attribute must have more than :value items.','2022-09-27 01:54:14','2022-09-27 01:54:14'),(48,1,'en','validation','gt.file','The :attribute must be greater than :value kilobytes.','2022-09-27 01:54:14','2022-09-27 01:54:14'),(49,1,'en','validation','gt.numeric','The :attribute must be greater than :value.','2022-09-27 01:54:14','2022-09-27 01:54:14'),(50,1,'en','validation','gt.string','The :attribute must be greater than :value characters.','2022-09-27 01:54:14','2022-09-27 01:54:14'),(51,1,'en','validation','gte.array','The :attribute must have :value items or more.','2022-09-27 01:54:14','2022-09-27 01:54:14'),(52,1,'en','validation','gte.file','The :attribute must be greater than or equal to :value kilobytes.','2022-09-27 01:54:14','2022-09-27 01:54:14'),(53,1,'en','validation','gte.numeric','The :attribute must be greater than or equal to :value.','2022-09-27 01:54:14','2022-09-27 01:54:14'),(54,1,'en','validation','gte.string','The :attribute must be greater than or equal to :value characters.','2022-09-27 01:54:14','2022-09-27 01:54:14'),(55,1,'en','validation','image','The :attribute must be an image.','2022-09-27 01:54:14','2022-09-27 01:54:14'),(56,1,'en','validation','in','The selected :attribute is invalid.','2022-09-27 01:54:14','2022-09-27 01:54:14'),(57,1,'en','validation','in_array','The :attribute field does not exist in :other.','2022-09-27 01:54:14','2022-09-27 01:54:14'),(58,1,'en','validation','integer','The :attribute must be an integer.','2022-09-27 01:54:14','2022-09-27 01:54:14'),(59,1,'en','validation','ip','The :attribute must be a valid IP address.','2022-09-27 01:54:14','2022-09-27 01:54:14'),(60,1,'en','validation','ipv4','The :attribute must be a valid IPv4 address.','2022-09-27 01:54:14','2022-09-27 01:54:14'),(61,1,'en','validation','ipv6','The :attribute must be a valid IPv6 address.','2022-09-27 01:54:14','2022-09-27 01:54:14'),(62,1,'en','validation','json','The :attribute must be a valid JSON string.','2022-09-27 01:54:14','2022-09-27 01:54:14'),(63,1,'en','validation','lt.array','The :attribute must have less than :value items.','2022-09-27 01:54:14','2022-09-27 01:54:14'),(64,1,'en','validation','lt.file','The :attribute must be less than :value kilobytes.','2022-09-27 01:54:14','2022-09-27 01:54:14'),(65,1,'en','validation','lt.numeric','The :attribute must be less than :value.','2022-09-27 01:54:14','2022-09-27 01:54:14'),(66,1,'en','validation','lt.string','The :attribute must be less than :value characters.','2022-09-27 01:54:14','2022-09-27 01:54:14'),(67,1,'en','validation','lte.array','The :attribute must not have more than :value items.','2022-09-27 01:54:14','2022-09-27 01:54:14'),(68,1,'en','validation','lte.file','The :attribute must be less than or equal to :value kilobytes.','2022-09-27 01:54:14','2022-09-27 01:54:14'),(69,1,'en','validation','lte.numeric','The :attribute must be less than or equal to :value.','2022-09-27 01:54:14','2022-09-27 01:54:14'),(70,1,'en','validation','lte.string','The :attribute must be less than or equal to :value characters.','2022-09-27 01:54:14','2022-09-27 01:54:14'),(71,1,'en','validation','mac_address','The :attribute must be a valid MAC address.','2022-09-27 01:54:14','2022-09-27 01:54:14'),(72,1,'en','validation','max.array','The :attribute must not have more than :max items.','2022-09-27 01:54:14','2022-09-27 01:54:14'),(73,1,'en','validation','max.file','The :attribute must not be greater than :max kilobytes.','2022-09-27 01:54:14','2022-09-27 01:54:14'),(74,1,'en','validation','max.numeric','The :attribute must not be greater than :max.','2022-09-27 01:54:14','2022-09-27 01:54:14'),(75,1,'en','validation','max.string','The :attribute must not be greater than :max characters.','2022-09-27 01:54:14','2022-09-27 01:54:14'),(76,1,'en','validation','max_digits','The :attribute must not have more than :max digits.','2022-09-27 01:54:14','2022-09-27 01:54:14'),(77,1,'en','validation','mimes','The :attribute must be a file of type: :values.','2022-09-27 01:54:14','2022-09-27 01:54:14'),(78,1,'en','validation','mimetypes','The :attribute must be a file of type: :values.','2022-09-27 01:54:14','2022-09-27 01:54:14'),(79,1,'en','validation','min.array','The :attribute must have at least :min items.','2022-09-27 01:54:14','2022-09-27 01:54:14'),(80,1,'en','validation','min.file','The :attribute must be at least :min kilobytes.','2022-09-27 01:54:14','2022-09-27 01:54:14'),(81,1,'en','validation','min.numeric','The :attribute must be at least :min.','2022-09-27 01:54:14','2022-09-27 01:54:14'),(82,1,'en','validation','min.string','The :attribute must be at least :min characters.','2022-09-27 01:54:14','2022-09-27 01:54:14'),(83,1,'en','validation','min_digits','The :attribute must have at least :min digits.','2022-09-27 01:54:14','2022-09-27 01:54:14'),(84,1,'en','validation','multiple_of','The :attribute must be a multiple of :value.','2022-09-27 01:54:14','2022-09-27 01:54:14'),(85,1,'en','validation','not_in','The selected :attribute is invalid.','2022-09-27 01:54:14','2022-09-27 01:54:14'),(86,1,'en','validation','not_regex','The :attribute format is invalid.','2022-09-27 01:54:14','2022-09-27 01:54:14'),(87,1,'en','validation','numeric','The :attribute must be a number.','2022-09-27 01:54:14','2022-09-27 01:54:14'),(88,1,'en','validation','password.letters','The :attribute must contain at least one letter.','2022-09-27 01:54:14','2022-09-27 01:54:14'),(89,1,'en','validation','password.mixed','The :attribute must contain at least one uppercase and one lowercase letter.','2022-09-27 01:54:14','2022-09-27 01:54:14'),(90,1,'en','validation','password.numbers','The :attribute must contain at least one number.','2022-09-27 01:54:14','2022-09-27 01:54:14'),(91,1,'en','validation','password.symbols','The :attribute must contain at least one symbol.','2022-09-27 01:54:14','2022-09-27 01:54:14'),(92,1,'en','validation','password.uncompromised','The given :attribute has appeared in a data leak. Please choose a different :attribute.','2022-09-27 01:54:14','2022-09-27 01:54:14'),(93,1,'en','validation','present','The :attribute field must be present.','2022-09-27 01:54:14','2022-09-27 01:54:14'),(94,1,'en','validation','prohibited','The :attribute field is prohibited.','2022-09-27 01:54:14','2022-09-27 01:54:14'),(95,1,'en','validation','prohibited_if','The :attribute field is prohibited when :other is :value.','2022-09-27 01:54:14','2022-09-27 01:54:14'),(96,1,'en','validation','prohibited_unless','The :attribute field is prohibited unless :other is in :values.','2022-09-27 01:54:14','2022-09-27 01:54:14'),(97,1,'en','validation','prohibits','The :attribute field prohibits :other from being present.','2022-09-27 01:54:14','2022-09-27 01:54:14'),(98,1,'en','validation','regex','The :attribute format is invalid.','2022-09-27 01:54:14','2022-09-27 01:54:14'),(99,1,'en','validation','required','The :attribute field is required.','2022-09-27 01:54:14','2022-09-27 01:54:14'),(100,1,'en','validation','required_array_keys','The :attribute field must contain entries for: :values.','2022-09-27 01:54:14','2022-09-27 01:54:14'),(101,1,'en','validation','required_if','The :attribute field is required when :other is :value.','2022-09-27 01:54:14','2022-09-27 01:54:14'),(102,1,'en','validation','required_if_accepted','The :attribute field is required when :other is accepted.','2022-09-27 01:54:14','2022-09-27 01:54:14'),(103,1,'en','validation','required_unless','The :attribute field is required unless :other is in :values.','2022-09-27 01:54:14','2022-09-27 01:54:14'),(104,1,'en','validation','required_with','The :attribute field is required when :values is present.','2022-09-27 01:54:14','2022-09-27 01:54:14'),(105,1,'en','validation','required_with_all','The :attribute field is required when :values are present.','2022-09-27 01:54:14','2022-09-27 01:54:14'),(106,1,'en','validation','required_without','The :attribute field is required when :values is not present.','2022-09-27 01:54:14','2022-09-27 01:54:14'),(107,1,'en','validation','required_without_all','The :attribute field is required when none of :values are present.','2022-09-27 01:54:14','2022-09-27 01:54:14'),(108,1,'en','validation','same','The :attribute and :other must match.','2022-09-27 01:54:14','2022-09-27 01:54:14'),(109,1,'en','validation','size.array','The :attribute must contain :size items.','2022-09-27 01:54:14','2022-09-27 01:54:14'),(110,1,'en','validation','size.file','The :attribute must be :size kilobytes.','2022-09-27 01:54:14','2022-09-27 01:54:14'),(111,1,'en','validation','size.numeric','The :attribute must be :size.','2022-09-27 01:54:14','2022-09-27 01:54:14'),(112,1,'en','validation','size.string','The :attribute must be :size characters.','2022-09-27 01:54:14','2022-09-27 01:54:14'),(113,1,'en','validation','starts_with','The :attribute must start with one of the following: :values.','2022-09-27 01:54:14','2022-09-27 01:54:14'),(114,1,'en','validation','string','The :attribute must be a string.','2022-09-27 01:54:14','2022-09-27 01:54:14'),(115,1,'en','validation','timezone','The :attribute must be a valid timezone.','2022-09-27 01:54:14','2022-09-27 01:54:14'),(116,1,'en','validation','unique','The :attribute has already been taken.','2022-09-27 01:54:14','2022-09-27 01:54:14'),(117,1,'en','validation','uploaded','The :attribute failed to upload.','2022-09-27 01:54:14','2022-09-27 01:54:14'),(118,1,'en','validation','url','The :attribute must be a valid URL.','2022-09-27 01:54:14','2022-09-27 01:54:14'),(119,1,'en','validation','uuid','The :attribute must be a valid UUID.','2022-09-27 01:54:14','2022-09-27 01:54:14'),(120,1,'en','validation','custom.attribute-name.rule-name','custom-message','2022-09-27 01:54:14','2022-09-27 01:54:14'),(121,1,'en','core/acl/api','api_clients','API Clients','2022-09-27 01:54:14','2022-09-27 01:54:14'),(122,1,'en','core/acl/api','create_new_client','Create new client','2022-09-27 01:54:14','2022-09-27 01:54:14'),(123,1,'en','core/acl/api','create_new_client_success','Create new client successfully!','2022-09-27 01:54:14','2022-09-27 01:54:14'),(124,1,'en','core/acl/api','edit_client','Edit client \":name\"','2022-09-27 01:54:14','2022-09-27 01:54:14'),(125,1,'en','core/acl/api','edit_client_success','Updated client successfully!','2022-09-27 01:54:14','2022-09-27 01:54:14'),(126,1,'en','core/acl/api','delete_success','Deleted client successfully!','2022-09-27 01:54:14','2022-09-27 01:54:14'),(127,1,'en','core/acl/api','confirm_delete_title','Confirm delete client \":name\"','2022-09-27 01:54:14','2022-09-27 01:54:14'),(128,1,'en','core/acl/api','confirm_delete_description','Do you really want to delete client \":name\"?','2022-09-27 01:54:14','2022-09-27 01:54:14'),(129,1,'en','core/acl/api','cancel_delete','No','2022-09-27 01:54:14','2022-09-27 01:54:14'),(130,1,'en','core/acl/api','continue_delete','Yes, let\'s delete it!','2022-09-27 01:54:14','2022-09-27 01:54:14'),(131,1,'en','core/acl/api','name','Name','2022-09-27 01:54:14','2022-09-27 01:54:14'),(132,1,'en','core/acl/api','cancel','Cancel','2022-09-27 01:54:14','2022-09-27 01:54:14'),(133,1,'en','core/acl/api','save','Save','2022-09-27 01:54:14','2022-09-27 01:54:14'),(134,1,'en','core/acl/api','edit','Edit','2022-09-27 01:54:14','2022-09-27 01:54:14'),(135,1,'en','core/acl/api','delete','Delete','2022-09-27 01:54:14','2022-09-27 01:54:14'),(136,1,'en','core/acl/api','client_id','Client ID','2022-09-27 01:54:14','2022-09-27 01:54:14'),(137,1,'en','core/acl/api','secret','Secret','2022-09-27 01:54:14','2022-09-27 01:54:14'),(138,1,'en','core/acl/auth','login.username','Email/Username','2022-09-27 01:54:14','2022-09-27 01:54:14'),(139,1,'en','core/acl/auth','login.email','Email','2022-09-27 01:54:14','2022-09-27 01:54:14'),(140,1,'en','core/acl/auth','login.password','Password','2022-09-27 01:54:14','2022-09-27 01:54:14'),(141,1,'en','core/acl/auth','login.title','User Login','2022-09-27 01:54:14','2022-09-27 01:54:14'),(142,1,'en','core/acl/auth','login.remember','Remember me?','2022-09-27 01:54:14','2022-09-27 01:54:14'),(143,1,'en','core/acl/auth','login.login','Sign in','2022-09-27 01:54:14','2022-09-27 01:54:14'),(144,1,'en','core/acl/auth','login.placeholder.username','Please enter your username','2022-09-27 01:54:14','2022-09-27 01:54:14'),(145,1,'en','core/acl/auth','login.placeholder.email','Please enter your email','2022-09-27 01:54:14','2022-09-27 01:54:14'),(146,1,'en','core/acl/auth','login.success','Login successfully!','2022-09-27 01:54:14','2022-09-27 01:54:14'),(147,1,'en','core/acl/auth','login.fail','Wrong username or password.','2022-09-27 01:54:14','2022-09-27 01:54:14'),(148,1,'en','core/acl/auth','login.not_active','Your account has not been activated yet!','2022-09-27 01:54:14','2022-09-27 01:54:14'),(149,1,'en','core/acl/auth','login.banned','This account is banned.','2022-09-27 01:54:14','2022-09-27 01:54:14'),(150,1,'en','core/acl/auth','login.logout_success','Logout successfully!','2022-09-27 01:54:14','2022-09-27 01:54:14'),(151,1,'en','core/acl/auth','login.dont_have_account','You don\'t have account on this system, please contact administrator for more information!','2022-09-27 01:54:14','2022-09-27 01:54:14'),(152,1,'en','core/acl/auth','forgot_password.title','Forgot Password','2022-09-27 01:54:14','2022-09-27 01:54:14'),(153,1,'en','core/acl/auth','forgot_password.message','<p>Have you forgotten your password?</p><p>Please enter your email account. System will send a email with active link to reset your password.</p>','2022-09-27 01:54:14','2022-09-27 01:54:14'),(154,1,'en','core/acl/auth','forgot_password.submit','Submit','2022-09-27 01:54:14','2022-09-27 01:54:14'),(155,1,'en','core/acl/auth','reset.new_password','New password','2022-09-27 01:54:14','2022-09-27 01:54:14'),(156,1,'en','core/acl/auth','reset.password_confirmation','Confirm new password','2022-09-27 01:54:14','2022-09-27 01:54:14'),(157,1,'en','core/acl/auth','reset.email','Email','2022-09-27 01:54:14','2022-09-27 01:54:14'),(158,1,'en','core/acl/auth','reset.title','Reset your password','2022-09-27 01:54:14','2022-09-27 01:54:14'),(159,1,'en','core/acl/auth','reset.update','Update','2022-09-27 01:54:14','2022-09-27 01:54:14'),(160,1,'en','core/acl/auth','reset.wrong_token','This link is invalid or expired. Please try using reset form again.','2022-09-27 01:54:14','2022-09-27 01:54:14'),(161,1,'en','core/acl/auth','reset.user_not_found','This username is not exist.','2022-09-27 01:54:14','2022-09-27 01:54:14'),(162,1,'en','core/acl/auth','reset.success','Reset password successfully!','2022-09-27 01:54:14','2022-09-27 01:54:14'),(163,1,'en','core/acl/auth','reset.fail','Token is invalid, the reset password link has been expired!','2022-09-27 01:54:14','2022-09-27 01:54:14'),(164,1,'en','core/acl/auth','reset.reset.title','Email reset password','2022-09-27 01:54:14','2022-09-27 01:54:14'),(165,1,'en','core/acl/auth','reset.send.success','A email was sent to your email account. Please check and complete this action.','2022-09-27 01:54:14','2022-09-27 01:54:14'),(166,1,'en','core/acl/auth','reset.send.fail','Can not send email in this time. Please try again later.','2022-09-27 01:54:14','2022-09-27 01:54:14'),(167,1,'en','core/acl/auth','reset.new-password','New password','2022-09-27 01:54:14','2022-09-27 01:54:14'),(168,1,'en','core/acl/auth','email.reminder.title','Email reset password','2022-09-27 01:54:14','2022-09-27 01:54:14'),(169,1,'en','core/acl/auth','password_confirmation','Password confirm','2022-09-27 01:54:14','2022-09-27 01:54:14'),(170,1,'en','core/acl/auth','failed','Failed','2022-09-27 01:54:14','2022-09-27 01:54:14'),(171,1,'en','core/acl/auth','throttle','Throttle','2022-09-27 01:54:14','2022-09-27 01:54:14'),(172,1,'en','core/acl/auth','not_member','Not a member yet?','2022-09-27 01:54:14','2022-09-27 01:54:14'),(173,1,'en','core/acl/auth','register_now','Register now','2022-09-27 01:54:14','2022-09-27 01:54:14'),(174,1,'en','core/acl/auth','lost_your_password','Lost your password?','2022-09-27 01:54:14','2022-09-27 01:54:14'),(175,1,'en','core/acl/auth','login_title','Admin','2022-09-27 01:54:14','2022-09-27 01:54:14'),(176,1,'en','core/acl/auth','login_via_social','Login with social networks','2022-09-27 01:54:14','2022-09-27 01:54:14'),(177,1,'en','core/acl/auth','back_to_login','Back to login page','2022-09-27 01:54:14','2022-09-27 01:54:14'),(178,1,'en','core/acl/auth','sign_in_below','Sign In Below','2022-09-27 01:54:14','2022-09-27 01:54:14'),(179,1,'en','core/acl/auth','languages','Languages','2022-09-27 01:54:14','2022-09-27 01:54:14'),(180,1,'en','core/acl/auth','reset_password','Reset Password','2022-09-27 01:54:14','2022-09-27 01:54:14'),(181,1,'en','core/acl/auth','settings.email.title','ACL','2022-09-27 01:54:14','2022-09-27 01:54:14'),(182,1,'en','core/acl/auth','settings.email.description','ACL email configuration','2022-09-27 01:54:14','2022-09-27 01:54:14'),(183,1,'en','core/acl/permissions','notices.role_in_use','Cannot delete this role, it is still in use!','2022-09-27 01:54:14','2022-09-27 01:54:14'),(184,1,'en','core/acl/permissions','notices.role_delete_belong_user','You are not able to delete this role; it belongs to someone else!','2022-09-27 01:54:14','2022-09-27 01:54:14'),(185,1,'en','core/acl/permissions','notices.role_edit_belong_user','You are not able to edit this role; it belongs to someone else!','2022-09-27 01:54:14','2022-09-27 01:54:14'),(186,1,'en','core/acl/permissions','notices.delete_global_role','You are not allowed to delete global roles!','2022-09-27 01:54:14','2022-09-27 01:54:14'),(187,1,'en','core/acl/permissions','notices.delete_success','The selected role was deleted successfully!','2022-09-27 01:54:14','2022-09-27 01:54:14'),(188,1,'en','core/acl/permissions','notices.modified_success','The selected role was modified successfully!','2022-09-27 01:54:14','2022-09-27 01:54:14'),(189,1,'en','core/acl/permissions','notices.create_success','The new role was successfully created','2022-09-27 01:54:14','2022-09-27 01:54:14'),(190,1,'en','core/acl/permissions','notices.duplicated_success','The selected role was duplicated successfully','2022-09-27 01:54:14','2022-09-27 01:54:14'),(191,1,'en','core/acl/permissions','notices.no_select','Please select at least one record to take this action!','2022-09-27 01:54:14','2022-09-27 01:54:14'),(192,1,'en','core/acl/permissions','notices.not_found','Role not found','2022-09-27 01:54:14','2022-09-27 01:54:14'),(193,1,'en','core/acl/permissions','name','Name','2022-09-27 01:54:14','2022-09-27 01:54:14'),(194,1,'en','core/acl/permissions','current_role','Current Role','2022-09-27 01:54:14','2022-09-27 01:54:14'),(195,1,'en','core/acl/permissions','no_role_assigned','No role assigned','2022-09-27 01:54:14','2022-09-27 01:54:14'),(196,1,'en','core/acl/permissions','role_assigned','Assigned Role','2022-09-27 01:54:14','2022-09-27 01:54:14'),(197,1,'en','core/acl/permissions','create_role','Create New Role','2022-09-27 01:54:14','2022-09-27 01:54:14'),(198,1,'en','core/acl/permissions','role_name','Name','2022-09-27 01:54:14','2022-09-27 01:54:14'),(199,1,'en','core/acl/permissions','role_description','Description','2022-09-27 01:54:14','2022-09-27 01:54:14'),(200,1,'en','core/acl/permissions','permission_flags','Permission Flags','2022-09-27 01:54:14','2022-09-27 01:54:14'),(201,1,'en','core/acl/permissions','cancel','Cancel','2022-09-27 01:54:14','2022-09-27 01:54:14'),(202,1,'en','core/acl/permissions','reset','Reset','2022-09-27 01:54:14','2022-09-27 01:54:14'),(203,1,'en','core/acl/permissions','save','Save','2022-09-27 01:54:14','2022-09-27 01:54:14'),(204,1,'en','core/acl/permissions','global_role_msg','This is a global role and cannot be modified.  You can use the Duplicate button to make a copy of this role that you can then modify.','2022-09-27 01:54:14','2022-09-27 01:54:14'),(205,1,'en','core/acl/permissions','details','Details','2022-09-27 01:54:14','2022-09-27 01:54:14'),(206,1,'en','core/acl/permissions','duplicate','Duplicate','2022-09-27 01:54:14','2022-09-27 01:54:14'),(207,1,'en','core/acl/permissions','all','All Permissions','2022-09-27 01:54:14','2022-09-27 01:54:14'),(208,1,'en','core/acl/permissions','list_role','List Roles','2022-09-27 01:54:14','2022-09-27 01:54:14'),(209,1,'en','core/acl/permissions','created_on','Created On','2022-09-27 01:54:14','2022-09-27 01:54:14'),(210,1,'en','core/acl/permissions','created_by','Created By','2022-09-27 01:54:14','2022-09-27 01:54:14'),(211,1,'en','core/acl/permissions','actions','Actions','2022-09-27 01:54:14','2022-09-27 01:54:14'),(212,1,'en','core/acl/permissions','role_in_use','Cannot delete this role, it is still in use!','2022-09-27 01:54:14','2022-09-27 01:54:14'),(213,1,'en','core/acl/permissions','role_delete_belong_user','You are not able to delete this role; it belongs to someone else!','2022-09-27 01:54:14','2022-09-27 01:54:14'),(214,1,'en','core/acl/permissions','delete_global_role','Can not delete global role','2022-09-27 01:54:14','2022-09-27 01:54:14'),(215,1,'en','core/acl/permissions','delete_success','Delete role successfully','2022-09-27 01:54:14','2022-09-27 01:54:14'),(216,1,'en','core/acl/permissions','no_select','Please select at least one role to take this action!','2022-09-27 01:54:14','2022-09-27 01:54:14'),(217,1,'en','core/acl/permissions','not_found','No role found!','2022-09-27 01:54:14','2022-09-27 01:54:14'),(218,1,'en','core/acl/permissions','role_edit_belong_user','You are not able to edit this role; it belongs to someone else!','2022-09-27 01:54:14','2022-09-27 01:54:14'),(219,1,'en','core/acl/permissions','modified_success','Modified successfully','2022-09-27 01:54:14','2022-09-27 01:54:14'),(220,1,'en','core/acl/permissions','create_success','Create successfully','2022-09-27 01:54:14','2022-09-27 01:54:14'),(221,1,'en','core/acl/permissions','duplicated_success','Duplicated successfully','2022-09-27 01:54:14','2022-09-27 01:54:14'),(222,1,'en','core/acl/permissions','options','Options','2022-09-27 01:54:14','2022-09-27 01:54:14'),(223,1,'en','core/acl/permissions','access_denied_message','You are not allowed to do this action','2022-09-27 01:54:14','2022-09-27 01:54:14'),(224,1,'en','core/acl/permissions','roles','Roles','2022-09-27 01:54:14','2022-09-27 01:54:14'),(225,1,'en','core/acl/permissions','role_permission','Roles and Permissions','2022-09-27 01:54:14','2022-09-27 01:54:14'),(226,1,'en','core/acl/permissions','user_management','User Management','2022-09-27 01:54:14','2022-09-27 01:54:14'),(227,1,'en','core/acl/permissions','super_user_management','Super User Management','2022-09-27 01:54:14','2022-09-27 01:54:14'),(228,1,'en','core/acl/permissions','action_unauthorized','This action is unauthorized.','2022-09-27 01:54:14','2022-09-27 01:54:14'),(229,1,'en','core/acl/reminders','password','Passwords must be at least six characters and match the confirmation.','2022-09-27 01:54:14','2022-09-27 01:54:14'),(230,1,'en','core/acl/reminders','user','We can\'t find a user with that e-mail address.','2022-09-27 01:54:14','2022-09-27 01:54:14'),(231,1,'en','core/acl/reminders','token','This password reset token is invalid.','2022-09-27 01:54:14','2022-09-27 01:54:14'),(232,1,'en','core/acl/reminders','sent','Password reminder sent!','2022-09-27 01:54:14','2022-09-27 01:54:14'),(233,1,'en','core/acl/reminders','reset','Password has been reset!','2022-09-27 01:54:14','2022-09-27 01:54:14'),(234,1,'en','core/acl/users','delete_user_logged_in','Can\'t delete this user. This user is logged on!','2022-09-27 01:54:14','2022-09-27 01:54:14'),(235,1,'en','core/acl/users','no_select','Please select at least one record to take this action!','2022-09-27 01:54:14','2022-09-27 01:54:14'),(236,1,'en','core/acl/users','lock_user_logged_in','Can\'t lock this user. This user is logged on!','2022-09-27 01:54:14','2022-09-27 01:54:14'),(237,1,'en','core/acl/users','update_success','Update status successfully!','2022-09-27 01:54:14','2022-09-27 01:54:14'),(238,1,'en','core/acl/users','save_setting_failed','Something went wrong when save your setting','2022-09-27 01:54:14','2022-09-27 01:54:14'),(239,1,'en','core/acl/users','not_found','User not found','2022-09-27 01:54:14','2022-09-27 01:54:14'),(240,1,'en','core/acl/users','email_exist','That email address already belongs to an existing account','2022-09-27 01:54:14','2022-09-27 01:54:14'),(241,1,'en','core/acl/users','username_exist','That username address already belongs to an existing account','2022-09-27 01:54:14','2022-09-27 01:54:14'),(242,1,'en','core/acl/users','update_profile_success','Your profile changes were successfully saved','2022-09-27 01:54:14','2022-09-27 01:54:14'),(243,1,'en','core/acl/users','password_update_success','Password successfully changed','2022-09-27 01:54:14','2022-09-27 01:54:14'),(244,1,'en','core/acl/users','current_password_not_valid','Current password is not valid','2022-09-27 01:54:14','2022-09-27 01:54:14'),(245,1,'en','core/acl/users','user_exist_in','User is already a member','2022-09-27 01:54:14','2022-09-27 01:54:14'),(246,1,'en','core/acl/users','email','Email','2022-09-27 01:54:14','2022-09-27 01:54:14'),(247,1,'en','core/acl/users','role','Role','2022-09-27 01:54:14','2022-09-27 01:54:14'),(248,1,'en','core/acl/users','username','Username','2022-09-27 01:54:14','2022-09-27 01:54:14'),(249,1,'en','core/acl/users','last_name','Last Name','2022-09-27 01:54:14','2022-09-27 01:54:14'),(250,1,'en','core/acl/users','first_name','First Name','2022-09-27 01:54:14','2022-09-27 01:54:14'),(251,1,'en','core/acl/users','message','Message','2022-09-27 01:54:14','2022-09-27 01:54:14'),(252,1,'en','core/acl/users','cancel_btn','Cancel','2022-09-27 01:54:14','2022-09-27 01:54:14'),(253,1,'en','core/acl/users','change_password','Change password','2022-09-27 01:54:14','2022-09-27 01:54:14'),(254,1,'en','core/acl/users','current_password','Current password','2022-09-27 01:54:14','2022-09-27 01:54:14'),(255,1,'en','core/acl/users','new_password','New Password','2022-09-27 01:54:14','2022-09-27 01:54:14'),(256,1,'en','core/acl/users','confirm_new_password','Confirm New Password','2022-09-27 01:54:14','2022-09-27 01:54:14'),(257,1,'en','core/acl/users','password','Password','2022-09-27 01:54:14','2022-09-27 01:54:14'),(258,1,'en','core/acl/users','save','Save','2022-09-27 01:54:14','2022-09-27 01:54:14'),(259,1,'en','core/acl/users','cannot_delete','User could not be deleted','2022-09-27 01:54:14','2022-09-27 01:54:14'),(260,1,'en','core/acl/users','deleted','User deleted','2022-09-27 01:54:14','2022-09-27 01:54:14'),(261,1,'en','core/acl/users','last_login','Last Login','2022-09-27 01:54:14','2022-09-27 01:54:14'),(262,1,'en','core/acl/users','error_update_profile_image','Error when update profile image','2022-09-27 01:54:14','2022-09-27 01:54:14'),(263,1,'en','core/acl/users','email_reminder_template','<h3>Hello :name</h3><p>The system has received a request to restore the password for your account, to complete this task please click the link below.</p><p><a href=\":link\">Reset password now</a></p><p>If not you ask recover password, please ignore this email.</p><p>This email is valid for 60 minutes after receiving the email.</p>','2022-09-27 01:54:14','2022-09-27 01:54:14'),(264,1,'en','core/acl/users','change_profile_image','Change Profile Image','2022-09-27 01:54:14','2022-09-27 01:54:14'),(265,1,'en','core/acl/users','new_image','New Image','2022-09-27 01:54:14','2022-09-27 01:54:14'),(266,1,'en','core/acl/users','loading','Loading','2022-09-27 01:54:14','2022-09-27 01:54:14'),(267,1,'en','core/acl/users','close','Close','2022-09-27 01:54:14','2022-09-27 01:54:14'),(268,1,'en','core/acl/users','update','Update','2022-09-27 01:54:14','2022-09-27 01:54:14'),(269,1,'en','core/acl/users','read_image_failed','Failed to read the image file','2022-09-27 01:54:14','2022-09-27 01:54:14'),(270,1,'en','core/acl/users','users','Users','2022-09-27 01:54:14','2022-09-27 01:54:14'),(271,1,'en','core/acl/users','update_avatar_success','Update profile image successfully!','2022-09-27 01:54:14','2022-09-27 01:54:14'),(272,1,'en','core/acl/users','info.title','User profile','2022-09-27 01:54:14','2022-09-27 01:54:14'),(273,1,'en','core/acl/users','info.first_name','First Name','2022-09-27 01:54:14','2022-09-27 01:54:14'),(274,1,'en','core/acl/users','info.last_name','Last Name','2022-09-27 01:54:14','2022-09-27 01:54:14'),(275,1,'en','core/acl/users','total_users','Total users','2022-09-27 01:54:14','2022-09-27 01:54:14'),(276,1,'en','core/acl/users','statuses.activated','Activated','2022-09-27 01:54:14','2022-09-27 01:54:14'),(277,1,'en','core/acl/users','statuses.deactivated','Deactivated','2022-09-27 01:54:14','2022-09-27 01:54:14'),(278,1,'en','core/acl/users','make_super','Make super','2022-09-27 01:54:14','2022-09-27 01:54:14'),(279,1,'en','core/acl/users','remove_super','Remove super','2022-09-27 01:54:14','2022-09-27 01:54:14'),(280,1,'en','core/acl/users','is_super','Is super?','2022-09-27 01:54:14','2022-09-27 01:54:14'),(281,1,'en','core/acl/users','email_placeholder','Ex: example@gmail.com','2022-09-27 01:54:14','2022-09-27 01:54:14'),(282,1,'en','core/acl/users','password_confirmation','Re-type password','2022-09-27 01:54:14','2022-09-27 01:54:14'),(283,1,'en','core/acl/users','select_role','Select role','2022-09-27 01:54:14','2022-09-27 01:54:14'),(284,1,'en','core/acl/users','create_new_user','Create a new user','2022-09-27 01:54:14','2022-09-27 01:54:14'),(285,1,'en','core/acl/users','cannot_delete_super_user','Permission denied. Cannot delete a super user!','2022-09-27 01:54:14','2022-09-27 01:54:14'),(286,1,'en','core/acl/users','assigned_role','Assigned Role','2022-09-27 01:54:14','2022-09-27 01:54:14'),(287,1,'en','core/acl/users','no_role_assigned','No role assigned','2022-09-27 01:54:14','2022-09-27 01:54:14'),(288,1,'en','core/acl/users','view_user_profile','View user\'s profile','2022-09-27 01:54:14','2022-09-27 01:54:14'),(289,1,'vi','core/acl/auth','login.username','Email/Tên truy cập','2022-09-27 01:54:14','2022-09-27 01:54:14'),(290,1,'vi','core/acl/auth','login.password','Mật khẩu','2022-09-27 01:54:14','2022-09-27 01:54:14'),(291,1,'vi','core/acl/auth','login.title','Đăng nhập vào quản trị','2022-09-27 01:54:14','2022-09-27 01:54:14'),(292,1,'vi','core/acl/auth','login.remember','Nhớ mật khẩu?','2022-09-27 01:54:14','2022-09-27 01:54:14'),(293,1,'vi','core/acl/auth','login.login','Đăng nhập','2022-09-27 01:54:14','2022-09-27 01:54:14'),(294,1,'vi','core/acl/auth','login.placeholder.username','Vui lòng nhập tên truy cập','2022-09-27 01:54:14','2022-09-27 01:54:14'),(295,1,'vi','core/acl/auth','login.placeholder.email','Vui lòng nhập email','2022-09-27 01:54:14','2022-09-27 01:54:14'),(296,1,'vi','core/acl/auth','login.success','Đăng nhập thành công!','2022-09-27 01:54:14','2022-09-27 01:54:14'),(297,1,'vi','core/acl/auth','login.fail','Sai tên truy cập hoặc mật khẩu.','2022-09-27 01:54:14','2022-09-27 01:54:14'),(298,1,'vi','core/acl/auth','login.not_active','Tài khoản của bạn chưa được kích hoạt!','2022-09-27 01:54:14','2022-09-27 01:54:14'),(299,1,'vi','core/acl/auth','login.banned','Tài khoản này đã bị khóa.','2022-09-27 01:54:14','2022-09-27 01:54:14'),(300,1,'vi','core/acl/auth','login.logout_success','Đăng xuất thành công!','2022-09-27 01:54:14','2022-09-27 01:54:14'),(301,1,'vi','core/acl/auth','login.dont_have_account','Bạn không có tài khoản trong hệ thống, vui lòng liên hệ quản trị viên!','2022-09-27 01:54:14','2022-09-27 01:54:14'),(302,1,'vi','core/acl/auth','login.email','Email','2022-09-27 01:54:14','2022-09-27 01:54:14'),(303,1,'vi','core/acl/auth','forgot_password.title','Quên mật khẩu','2022-09-27 01:54:14','2022-09-27 01:54:14'),(304,1,'vi','core/acl/auth','forgot_password.message','<p>Quên mật khẩu?</p><p>Vui lòng nhập email đăng nhập tài khoản của bạn để hệ thống gửi liên kết khôi phục mật khẩu.</p>','2022-09-27 01:54:14','2022-09-27 01:54:14'),(305,1,'vi','core/acl/auth','forgot_password.submit','Hoàn tất','2022-09-27 01:54:14','2022-09-27 01:54:14'),(306,1,'vi','core/acl/auth','reset.new_password','Mật khẩu mới','2022-09-27 01:54:14','2022-09-27 01:54:14'),(307,1,'vi','core/acl/auth','reset.title','Khôi phục mật khẩu','2022-09-27 01:54:14','2022-09-27 01:54:14'),(308,1,'vi','core/acl/auth','reset.update','Cập nhật','2022-09-27 01:54:14','2022-09-27 01:54:14'),(309,1,'vi','core/acl/auth','reset.wrong_token','Liên kết này không chính xác hoặc đã hết hiệu lực, vui lòng yêu cầu khôi phục mật khẩu lại!','2022-09-27 01:54:14','2022-09-27 01:54:14'),(310,1,'vi','core/acl/auth','reset.user_not_found','Tên đăng nhập không tồn tại.','2022-09-27 01:54:14','2022-09-27 01:54:14'),(311,1,'vi','core/acl/auth','reset.success','Khôi phục mật khẩu thành công!','2022-09-27 01:54:14','2022-09-27 01:54:14'),(312,1,'vi','core/acl/auth','reset.fail','Token không hợp lệ hoặc liên kết khôi phục mật khẩu đã hết thời gian hiệu lực!','2022-09-27 01:54:14','2022-09-27 01:54:14'),(313,1,'vi','core/acl/auth','reset.reset.title','Email khôi phục mật khẩu','2022-09-27 01:54:14','2022-09-27 01:54:14'),(314,1,'vi','core/acl/auth','reset.send.success','Một email khôi phục mật khẩu đã được gửi tới email của bạn, vui lòng kiểm tra và hoàn tất yêu cầu.','2022-09-27 01:54:14','2022-09-27 01:54:14'),(315,1,'vi','core/acl/auth','reset.send.fail','Không thể gửi email trong lúc này. Vui lòng thực hiện lại sau.','2022-09-27 01:54:14','2022-09-27 01:54:14'),(316,1,'vi','core/acl/auth','reset.new-password','Mật khẩu mới','2022-09-27 01:54:14','2022-09-27 01:54:14'),(317,1,'vi','core/acl/auth','reset.email','Email','2022-09-27 01:54:14','2022-09-27 01:54:14'),(318,1,'vi','core/acl/auth','reset.password_confirmation','Xác nhận mật khẩu mới','2022-09-27 01:54:14','2022-09-27 01:54:14'),(319,1,'vi','core/acl/auth','email.reminder.title','Email khôi phục mật khẩu','2022-09-27 01:54:14','2022-09-27 01:54:14'),(320,1,'vi','core/acl/auth','failed','Không thành công','2022-09-27 01:54:14','2022-09-27 01:54:14'),(321,1,'vi','core/acl/auth','throttle','Throttle','2022-09-27 01:54:14','2022-09-27 01:54:14'),(322,1,'vi','core/acl/auth','back_to_login','Quay lại trang đăng nhập','2022-09-27 01:54:14','2022-09-27 01:54:14'),(323,1,'vi','core/acl/auth','login_title','Đăng nhập vào quản trị','2022-09-27 01:54:14','2022-09-27 01:54:14'),(324,1,'vi','core/acl/auth','login_via_social','Đăng nhập thông qua mạng xã hội','2022-09-27 01:54:14','2022-09-27 01:54:14'),(325,1,'vi','core/acl/auth','lost_your_password','Quên mật khẩu?','2022-09-27 01:54:14','2022-09-27 01:54:14'),(326,1,'vi','core/acl/auth','not_member','Chưa là thành viên?','2022-09-27 01:54:14','2022-09-27 01:54:14'),(327,1,'vi','core/acl/auth','register_now','Đăng ký ngay','2022-09-27 01:54:14','2022-09-27 01:54:14'),(328,1,'vi','core/acl/auth','languages','Ngôn ngữ','2022-09-27 01:54:14','2022-09-27 01:54:14'),(329,1,'vi','core/acl/auth','password_confirmation','Xác nhận mật khẩu','2022-09-27 01:54:14','2022-09-27 01:54:14'),(330,1,'vi','core/acl/auth','reset_password','Khôi phục mật khẩu','2022-09-27 01:54:14','2022-09-27 01:54:14'),(331,1,'vi','core/acl/auth','sign_in_below','Đăng nhập','2022-09-27 01:54:14','2022-09-27 01:54:14'),(332,1,'vi','core/acl/permissions','notices.role_in_use','Không thể xóa quyền người dùng này vì nó đang được sử dụng!','2022-09-27 01:54:14','2022-09-27 01:54:14'),(333,1,'vi','core/acl/permissions','notices.role_delete_belong_user','Không thể xóa quyền hạn này vì nó thuộc về người khác!','2022-09-27 01:54:14','2022-09-27 01:54:14'),(334,1,'vi','core/acl/permissions','notices.role_edit_belong_user','Bạn không được phép sửa quyền này vì nó thuộc về người khác','2022-09-27 01:54:14','2022-09-27 01:54:14'),(335,1,'vi','core/acl/permissions','notices.delete_global_role','Bạn không thể xóa quyền người dùng hệ thống!','2022-09-27 01:54:14','2022-09-27 01:54:14'),(336,1,'vi','core/acl/permissions','notices.delete_success','Quyền người dùng đã được xóa!','2022-09-27 01:54:14','2022-09-27 01:54:14'),(337,1,'vi','core/acl/permissions','notices.modified_success','Quyền người dùng đã được cập nhật thành công!','2022-09-27 01:54:14','2022-09-27 01:54:14'),(338,1,'vi','core/acl/permissions','notices.create_success','Quyền người dùng mới đã được tạo thành công!','2022-09-27 01:54:14','2022-09-27 01:54:14'),(339,1,'vi','core/acl/permissions','notices.duplicated_success','Quyền người dùng đã được sao chép thành công!','2022-09-27 01:54:14','2022-09-27 01:54:14'),(340,1,'vi','core/acl/permissions','notices.no_select','Hãy chọn ít nhất một quyền người dùng để thực hiện hành động này!','2022-09-27 01:54:14','2022-09-27 01:54:14'),(341,1,'vi','core/acl/permissions','notices.not_found','Không tìm thấy quyền người dùng này','2022-09-27 01:54:14','2022-09-27 01:54:14'),(342,1,'vi','core/acl/permissions','name','Tên','2022-09-27 01:54:14','2022-09-27 01:54:14'),(343,1,'vi','core/acl/permissions','current_role','Quyền hiện tại','2022-09-27 01:54:14','2022-09-27 01:54:14'),(344,1,'vi','core/acl/permissions','no_role_assigned','Không có quyền hạn nào','2022-09-27 01:54:14','2022-09-27 01:54:14'),(345,1,'vi','core/acl/permissions','role_assigned','Quyền đã được gán','2022-09-27 01:54:14','2022-09-27 01:54:14'),(346,1,'vi','core/acl/permissions','create_role','Tạo quyền mới','2022-09-27 01:54:14','2022-09-27 01:54:14'),(347,1,'vi','core/acl/permissions','role_name','Tên','2022-09-27 01:54:14','2022-09-27 01:54:14'),(348,1,'vi','core/acl/permissions','role_description','Mô tả','2022-09-27 01:54:14','2022-09-27 01:54:14'),(349,1,'vi','core/acl/permissions','permission_flags','Cờ đánh dấu quyền hạn','2022-09-27 01:54:14','2022-09-27 01:54:14'),(350,1,'vi','core/acl/permissions','cancel','Hủy bỏ','2022-09-27 01:54:14','2022-09-27 01:54:14'),(351,1,'vi','core/acl/permissions','reset','Làm lại','2022-09-27 01:54:14','2022-09-27 01:54:14'),(352,1,'vi','core/acl/permissions','save','Lưu','2022-09-27 01:54:14','2022-09-27 01:54:14'),(353,1,'vi','core/acl/permissions','global_role_msg','Đây là một phân quyền toàn cục và không thể thay đổi.  Bạn có thể sử dụng nút \"Nhân bản\" để tạo một bản sao chép cho phân quyền này và chỉnh sửa.','2022-09-27 01:54:14','2022-09-27 01:54:14'),(354,1,'vi','core/acl/permissions','details','Chi tiết','2022-09-27 01:54:14','2022-09-27 01:54:14'),(355,1,'vi','core/acl/permissions','duplicate','Nhân bản','2022-09-27 01:54:14','2022-09-27 01:54:14'),(356,1,'vi','core/acl/permissions','all','Tất cả phân quyền','2022-09-27 01:54:14','2022-09-27 01:54:14'),(357,1,'vi','core/acl/permissions','list_role','Danh sách quyền','2022-09-27 01:54:14','2022-09-27 01:54:14'),(358,1,'vi','core/acl/permissions','created_on','Ngày tạo','2022-09-27 01:54:14','2022-09-27 01:54:14'),(359,1,'vi','core/acl/permissions','created_by','Được tạo bởi','2022-09-27 01:54:14','2022-09-27 01:54:14'),(360,1,'vi','core/acl/permissions','actions','Tác vụ','2022-09-27 01:54:14','2022-09-27 01:54:14'),(361,1,'vi','core/acl/permissions','create_success','Tạo thành công!','2022-09-27 01:54:14','2022-09-27 01:54:14'),(362,1,'vi','core/acl/permissions','delete_global_role','Không thể xóa quyền hệ thống','2022-09-27 01:54:14','2022-09-27 01:54:14'),(363,1,'vi','core/acl/permissions','delete_success','Xóa quyền thành công','2022-09-27 01:54:14','2022-09-27 01:54:14'),(364,1,'vi','core/acl/permissions','duplicated_success','Nhân bản thành công','2022-09-27 01:54:14','2022-09-27 01:54:14'),(365,1,'vi','core/acl/permissions','modified_success','Sửa thành công','2022-09-27 01:54:14','2022-09-27 01:54:14'),(366,1,'vi','core/acl/permissions','no_select','Hãy chọn ít nhất một quyền để thực hiện hành động này!','2022-09-27 01:54:14','2022-09-27 01:54:14'),(367,1,'vi','core/acl/permissions','not_found','Không tìm thấy quyền thành viên nào!','2022-09-27 01:54:14','2022-09-27 01:54:14'),(368,1,'vi','core/acl/permissions','options','Tùy chọn','2022-09-27 01:54:14','2022-09-27 01:54:14'),(369,1,'vi','core/acl/permissions','role_delete_belong_user','Không thể xóa quyền hạn này vì nó thuộc về người khác!','2022-09-27 01:54:14','2022-09-27 01:54:14'),(370,1,'vi','core/acl/permissions','role_edit_belong_user','Bạn không được phép sửa quyền này vì nó thuộc về người khác','2022-09-27 01:54:14','2022-09-27 01:54:14'),(371,1,'vi','core/acl/permissions','role_in_use','Không thể xóa quyền người dùng này vì nó đang được sử dụng!','2022-09-27 01:54:14','2022-09-27 01:54:14'),(372,1,'vi','core/acl/permissions','access_denied_message','Bạn không có quyền sử dụng chức năng này!','2022-09-27 01:54:14','2022-09-27 01:54:14'),(373,1,'vi','core/acl/permissions','roles','Quyền','2022-09-27 01:54:14','2022-09-27 01:54:14'),(374,1,'vi','core/acl/permissions','role_permission','Nhóm và phân quyền','2022-09-27 01:54:14','2022-09-27 01:54:14'),(375,1,'vi','core/acl/permissions','user_management','Quản lý người dùng hệ thống','2022-09-27 01:54:14','2022-09-27 01:54:14'),(376,1,'vi','core/acl/permissions','super_user_management','Quản lý người dùng cấp cao','2022-09-27 01:54:14','2022-09-27 01:54:14'),(377,1,'vi','core/acl/permissions','action_unauthorized','Hành động này không được phép','2022-09-27 01:54:14','2022-09-27 01:54:14'),(378,1,'vi','core/acl/reminders','password','Mật khẩu phải ít nhất 6 kí tự và trùng khớp với mật khẩu xác nhận.','2022-09-27 01:54:14','2022-09-27 01:54:14'),(379,1,'vi','core/acl/reminders','user','Hệ thống không thể tìm thấy tài khoản với email này.','2022-09-27 01:54:14','2022-09-27 01:54:14'),(380,1,'vi','core/acl/reminders','token','Mã khôi phục mật khẩu này không hợp lệ.','2022-09-27 01:54:14','2022-09-27 01:54:14'),(381,1,'vi','core/acl/reminders','sent','Liên kết khôi phục mật khẩu đã được gửi!','2022-09-27 01:54:14','2022-09-27 01:54:14'),(382,1,'vi','core/acl/reminders','reset','Mật khẩu đã được thay đổi!','2022-09-27 01:54:14','2022-09-27 01:54:14'),(383,1,'vi','core/acl/users','delete_user_logged_in','Không thể xóa người dùng đang đăng nhập hệ thống!','2022-09-27 01:54:14','2022-09-27 01:54:14'),(384,1,'vi','core/acl/users','no_select','Hãy chọn ít nhất một trường để thực hiện hành động này!','2022-09-27 01:54:14','2022-09-27 01:54:14'),(385,1,'vi','core/acl/users','lock_user_logged_in','Không thể khóa người dùng đang đăng nhập hệ thống!','2022-09-27 01:54:14','2022-09-27 01:54:14'),(386,1,'vi','core/acl/users','update_success','Cập nhật trạng thái thành công!','2022-09-27 01:54:14','2022-09-27 01:54:14'),(387,1,'vi','core/acl/users','save_setting_failed','Có lỗi xảy ra trong quá trình lưu cài đặt của người dùng','2022-09-27 01:54:14','2022-09-27 01:54:14'),(388,1,'vi','core/acl/users','not_found','Không tìm thấy người dùng','2022-09-27 01:54:14','2022-09-27 01:54:14'),(389,1,'vi','core/acl/users','email_exist','Email này đã được sử dụng bởi người dùng khác trong hệ thống','2022-09-27 01:54:14','2022-09-27 01:54:14'),(390,1,'vi','core/acl/users','username_exist','Tên đăng nhập này đã được sử dụng bởi người dùng khác trong hệ thống','2022-09-27 01:54:14','2022-09-27 01:54:14'),(391,1,'vi','core/acl/users','update_profile_success','Thông tin tài khoản của bạn đã được cập nhật thành công','2022-09-27 01:54:14','2022-09-27 01:54:14'),(392,1,'vi','core/acl/users','password_update_success','Cập nhật mật khẩu thành công','2022-09-27 01:54:14','2022-09-27 01:54:14'),(393,1,'vi','core/acl/users','current_password_not_valid','Mật khẩu hiện tại không chính xác','2022-09-27 01:54:14','2022-09-27 01:54:14'),(394,1,'vi','core/acl/users','user_exist_in','Người dùng đã là thành viên','2022-09-27 01:54:14','2022-09-27 01:54:14'),(395,1,'vi','core/acl/users','email','Email','2022-09-27 01:54:14','2022-09-27 01:54:14'),(396,1,'vi','core/acl/users','username','Tên đăng nhập','2022-09-27 01:54:14','2022-09-27 01:54:14'),(397,1,'vi','core/acl/users','role','Phân quyền','2022-09-27 01:54:14','2022-09-27 01:54:14'),(398,1,'vi','core/acl/users','first_name','Họ','2022-09-27 01:54:14','2022-09-27 01:54:14'),(399,1,'vi','core/acl/users','last_name','Tên','2022-09-27 01:54:14','2022-09-27 01:54:14'),(400,1,'vi','core/acl/users','message','Thông điệp','2022-09-27 01:54:14','2022-09-27 01:54:14'),(401,1,'vi','core/acl/users','cancel_btn','Hủy bỏ','2022-09-27 01:54:14','2022-09-27 01:54:14'),(402,1,'vi','core/acl/users','password','Mật khẩu','2022-09-27 01:54:14','2022-09-27 01:54:14'),(403,1,'vi','core/acl/users','new_password','Mật khẩu mới','2022-09-27 01:54:14','2022-09-27 01:54:14'),(404,1,'vi','core/acl/users','save','Lưu','2022-09-27 01:54:14','2022-09-27 01:54:14'),(405,1,'vi','core/acl/users','confirm_new_password','Xác nhận mật khẩu mới','2022-09-27 01:54:14','2022-09-27 01:54:14'),(406,1,'vi','core/acl/users','deleted','Xóa thành viên thành công','2022-09-27 01:54:14','2022-09-27 01:54:14'),(407,1,'vi','core/acl/users','cannot_delete','Không thể xóa thành viên','2022-09-27 01:54:14','2022-09-27 01:54:14'),(408,1,'vi','core/acl/users','last_login','Lần cuối đăng nhập','2022-09-27 01:54:14','2022-09-27 01:54:14'),(409,1,'vi','core/acl/users','error_update_profile_image','Có lỗi trong quá trình đổi ảnh đại diện','2022-09-27 01:54:14','2022-09-27 01:54:14'),(410,1,'vi','core/acl/users','email_reminder_template','<h3>Xin chào :name</h3><p>Hệ thống vừa nhận được yêu cầu khôi phục mật khẩu cho tài khoản của bạn, để hoàn tất tác vụ này vui lòng click vào đường link bên dưới.</p><p><a href=\":link\">Khôi phục mật khẩu</a></p><p>Nếu không phải bạn yêu cầu khôi phục mật khẩu, vui lòng bỏ qua email này.</p><p>Email này có giá trị trong vòng 60 phút kể từ lúc nhận được email.</p>','2022-09-27 01:54:14','2022-09-27 01:54:14'),(411,1,'vi','core/acl/users','change_profile_image','Thay đổi ảnh đại diện','2022-09-27 01:54:14','2022-09-27 01:54:14'),(412,1,'vi','core/acl/users','new_image','Ảnh mới','2022-09-27 01:54:14','2022-09-27 01:54:14'),(413,1,'vi','core/acl/users','loading','Đang tải','2022-09-27 01:54:14','2022-09-27 01:54:14'),(414,1,'vi','core/acl/users','close','Đóng','2022-09-27 01:54:14','2022-09-27 01:54:14'),(415,1,'vi','core/acl/users','update','Cập nhật','2022-09-27 01:54:14','2022-09-27 01:54:14'),(416,1,'vi','core/acl/users','read_image_failed','Không đọc được nội dung của hình ảnh','2022-09-27 01:54:14','2022-09-27 01:54:14'),(417,1,'vi','core/acl/users','update_avatar_success','Cập nhật ảnh đại diện thành công!','2022-09-27 01:54:14','2022-09-27 01:54:14'),(418,1,'vi','core/acl/users','users','Quản trị viên','2022-09-27 01:54:14','2022-09-27 01:54:14'),(419,1,'vi','core/acl/users','info.title','Thông tin người dùng','2022-09-27 01:54:14','2022-09-27 01:54:14'),(420,1,'vi','core/acl/users','info.first_name','Họ','2022-09-27 01:54:14','2022-09-27 01:54:14'),(421,1,'vi','core/acl/users','info.last_name','Tên','2022-09-27 01:54:14','2022-09-27 01:54:14'),(422,1,'vi','core/acl/users','statuses.activated','Đang hoạt động','2022-09-27 01:54:14','2022-09-27 01:54:14'),(423,1,'vi','core/acl/users','statuses.deactivated','Đã khoá','2022-09-27 01:54:14','2022-09-27 01:54:14'),(424,1,'vi','core/acl/users','change_password','Thay đổi mật khẩu','2022-09-27 01:54:14','2022-09-27 01:54:14'),(425,1,'vi','core/acl/users','current_password','Mật khẩu hiện tại','2022-09-27 01:54:14','2022-09-27 01:54:14'),(426,1,'vi','core/acl/users','make_super','Thiết lập quyền cao nhất','2022-09-27 01:54:14','2022-09-27 01:54:14'),(427,1,'vi','core/acl/users','remove_super','Loại bỏ quyền cao nhất','2022-09-27 01:54:14','2022-09-27 01:54:14'),(428,1,'vi','core/acl/users','is_super','Quyền cao nhất?','2022-09-27 01:54:14','2022-09-27 01:54:14'),(429,1,'vi','core/acl/users','email_placeholder','Ex: example@gmail.com','2022-09-27 01:54:14','2022-09-27 01:54:14'),(430,1,'vi','core/acl/users','password_confirmation','Nhập lại mật khẩu','2022-09-27 01:54:14','2022-09-27 01:54:14'),(431,1,'vi','core/acl/users','select_role','Chọn nhóm','2022-09-27 01:54:14','2022-09-27 01:54:14'),(432,1,'vi','core/acl/users','create_new_user','Tạo tài khoản quản trị viên mới','2022-09-27 01:54:14','2022-09-27 01:54:14'),(433,1,'vi','core/acl/users','cannot_delete_super_user','Vượt quyền hạn, không thể xoá quản trị viên cấp cao nhất!','2022-09-27 01:54:14','2022-09-27 01:54:14'),(434,1,'vi','core/acl/users','assigned_role','Cấp quyền','2022-09-27 01:54:14','2022-09-27 01:54:14'),(435,1,'vi','core/acl/users','total_users','Tổng số người dùng','2022-09-27 01:54:14','2022-09-27 01:54:14'),(436,1,'vi','core/acl/users','view_user_profile','Xem thông tin người dùng','2022-09-27 01:54:14','2022-09-27 01:54:14'),(437,1,'vi','core/acl/users','no_role_assigned','Chưa có quyền nào','2022-09-27 01:54:14','2022-09-27 01:54:14'),(438,1,'en','core/base/base','yes','Yes','2022-09-27 01:54:14','2022-09-27 01:54:14'),(439,1,'en','core/base/base','no','No','2022-09-27 01:54:14','2022-09-27 01:54:14'),(440,1,'en','core/base/base','is_default','Is default?','2022-09-27 01:54:14','2022-09-27 01:54:14'),(441,1,'en','core/base/base','proc_close_disabled_error','Function proc_close() is disabled. Please contact your hosting provider to enable\n    it. Or you can add to .env: CAN_EXECUTE_COMMAND=false to disable this feature.','2022-09-27 01:54:14','2022-09-27 01:54:14'),(442,1,'en','core/base/base','email_template.header','Email template header','2022-09-27 01:54:14','2022-09-27 01:54:14'),(443,1,'en','core/base/base','email_template.footer','Email template footer','2022-09-27 01:54:14','2022-09-27 01:54:14'),(444,1,'en','core/base/base','email_template.site_title','Site title','2022-09-27 01:54:14','2022-09-27 01:54:14'),(445,1,'en','core/base/base','email_template.site_url','Site URL','2022-09-27 01:54:14','2022-09-27 01:54:14'),(446,1,'en','core/base/base','email_template.site_logo','Site Logo','2022-09-27 01:54:14','2022-09-27 01:54:14'),(447,1,'en','core/base/base','email_template.date_time','Current date time','2022-09-27 01:54:14','2022-09-27 01:54:14'),(448,1,'en','core/base/base','email_template.date_year','Current year','2022-09-27 01:54:14','2022-09-27 01:54:14'),(449,1,'en','core/base/base','email_template.site_admin_email','Site admin email','2022-09-27 01:54:14','2022-09-27 01:54:14'),(450,1,'en','core/base/base','change_image','Change image','2022-09-27 01:54:14','2022-09-27 01:54:14'),(451,1,'en','core/base/base','delete_image','Delete image','2022-09-27 01:54:14','2022-09-27 01:54:14'),(452,1,'en','core/base/base','preview_image','Preview image','2022-09-27 01:54:14','2022-09-27 01:54:14'),(453,1,'en','core/base/base','image','Image','2022-09-27 01:54:14','2022-09-27 01:54:14'),(454,1,'en','core/base/base','using_button','Using button','2022-09-27 01:54:14','2022-09-27 01:54:14'),(455,1,'en','core/base/base','select_image','Select image','2022-09-27 01:54:14','2022-09-27 01:54:14'),(456,1,'en','core/base/base','to_add_more_image','to add more images','2022-09-27 01:54:14','2022-09-27 01:54:14'),(457,1,'en','core/base/base','add_image','Add image','2022-09-27 01:54:14','2022-09-27 01:54:14'),(458,1,'en','core/base/base','tools','Tools','2022-09-27 01:54:14','2022-09-27 01:54:14'),(459,1,'en','core/base/cache','cache_management','Cache management','2022-09-27 01:54:14','2022-09-27 01:54:14'),(460,1,'en','core/base/cache','cache_commands','Clear cache commands','2022-09-27 01:54:14','2022-09-27 01:54:14'),(461,1,'en','core/base/cache','commands.clear_cms_cache.title','Clear all CMS cache','2022-09-27 01:54:14','2022-09-27 01:54:14'),(462,1,'en','core/base/cache','commands.clear_cms_cache.description','Clear CMS caching: database caching, static blocks... Run this command when you don\'t see the changes after updating data.','2022-09-27 01:54:14','2022-09-27 01:54:14'),(463,1,'en','core/base/cache','commands.clear_cms_cache.success_msg','Cache cleaned','2022-09-27 01:54:14','2022-09-27 01:54:14'),(464,1,'en','core/base/cache','commands.refresh_compiled_views.title','Refresh compiled views','2022-09-27 01:54:14','2022-09-27 01:54:14'),(465,1,'en','core/base/cache','commands.refresh_compiled_views.description','Clear compiled views to make views up to date.','2022-09-27 01:54:14','2022-09-27 01:54:14'),(466,1,'en','core/base/cache','commands.refresh_compiled_views.success_msg','Cache view refreshed','2022-09-27 01:54:14','2022-09-27 01:54:14'),(467,1,'en','core/base/cache','commands.clear_config_cache.title','Clear config cache','2022-09-27 01:54:14','2022-09-27 01:54:14'),(468,1,'en','core/base/cache','commands.clear_config_cache.description','You might need to refresh the config caching when you change something on production environment.','2022-09-27 01:54:14','2022-09-27 01:54:14'),(469,1,'en','core/base/cache','commands.clear_config_cache.success_msg','Config cache cleaned','2022-09-27 01:54:14','2022-09-27 01:54:14'),(470,1,'en','core/base/cache','commands.clear_route_cache.title','Clear route cache','2022-09-27 01:54:14','2022-09-27 01:54:14'),(471,1,'en','core/base/cache','commands.clear_route_cache.description','Clear cache routing.','2022-09-27 01:54:14','2022-09-27 01:54:14'),(472,1,'en','core/base/cache','commands.clear_route_cache.success_msg','The route cache has been cleaned','2022-09-27 01:54:14','2022-09-27 01:54:14'),(473,1,'en','core/base/cache','commands.clear_log.title','Clear log','2022-09-27 01:54:14','2022-09-27 01:54:14'),(474,1,'en','core/base/cache','commands.clear_log.description','Clear system log files','2022-09-27 01:54:14','2022-09-27 01:54:14'),(475,1,'en','core/base/cache','commands.clear_log.success_msg','The system log has been cleaned','2022-09-27 01:54:14','2022-09-27 01:54:14'),(476,1,'en','core/base/enums','statuses.draft','Draft','2022-09-27 01:54:14','2022-09-27 01:54:14'),(477,1,'en','core/base/enums','statuses.pending','Pending','2022-09-27 01:54:14','2022-09-27 01:54:14'),(478,1,'en','core/base/enums','statuses.published','Published','2022-09-27 01:54:14','2022-09-27 01:54:14'),(479,1,'en','core/base/errors','401_title','Permission Denied','2022-09-27 01:54:14','2022-09-27 01:54:14'),(480,1,'en','core/base/errors','401_msg','<li>You have not been granted access to the section by the administrator.</li>\n	                <li>You may have the wrong account type.</li>\n	                <li>You are not authorized to view the requested resource.</li>\n	                <li>Your subscription may have expired.</li>','2022-09-27 01:54:14','2022-09-27 01:54:14'),(481,1,'en','core/base/errors','404_title','Page could not be found','2022-09-27 01:54:14','2022-09-27 01:54:14'),(482,1,'en','core/base/errors','404_msg','<li>The page you requested does not exist.</li>\n	                <li>The link you clicked is no longer.</li>\n	                <li>The page may have moved to a new location.</li>\n	                <li>An error may have occurred.</li>\n	                <li>You are not authorized to view the requested resource.</li>','2022-09-27 01:54:14','2022-09-27 01:54:14'),(483,1,'en','core/base/errors','500_title','Page could not be loaded','2022-09-27 01:54:14','2022-09-27 01:54:14'),(484,1,'en','core/base/errors','500_msg','<li>The page you requested does not exist.</li>\n	                <li>The link you clicked is no longer.</li>\n	                <li>The page may have moved to a new location.</li>\n	                <li>An error may have occurred.</li>\n	                <li>You are not authorized to view the requested resource.</li>','2022-09-27 01:54:14','2022-09-27 01:54:14'),(485,1,'en','core/base/errors','reasons','This may have occurred because of several reasons','2022-09-27 01:54:14','2022-09-27 01:54:14'),(486,1,'en','core/base/errors','try_again','Please try again in a few minutes, or alternatively return to the homepage by <a href=\"https://wowy.test/admin\">clicking here</a>.','2022-09-27 01:54:14','2022-09-27 01:54:14'),(487,1,'en','core/base/errors','not_found','Not Found','2022-09-27 01:54:14','2022-09-27 01:54:14'),(488,1,'en','core/base/forms','choose_image','Choose image','2022-09-27 01:54:14','2022-09-27 01:54:14'),(489,1,'en','core/base/forms','actions','Actions','2022-09-27 01:54:14','2022-09-27 01:54:14'),(490,1,'en','core/base/forms','save','Save','2022-09-27 01:54:14','2022-09-27 01:54:14'),(491,1,'en','core/base/forms','save_and_continue','Save & Edit','2022-09-27 01:54:14','2022-09-27 01:54:14'),(492,1,'en','core/base/forms','image','Image','2022-09-27 01:54:14','2022-09-27 01:54:14'),(493,1,'en','core/base/forms','image_placeholder','Insert path of image or click upload button','2022-09-27 01:54:14','2022-09-27 01:54:14'),(494,1,'en','core/base/forms','create','Create','2022-09-27 01:54:14','2022-09-27 01:54:14'),(495,1,'en','core/base/forms','edit','Edit','2022-09-27 01:54:14','2022-09-27 01:54:14'),(496,1,'en','core/base/forms','permalink','Permalink','2022-09-27 01:54:14','2022-09-27 01:54:14'),(497,1,'en','core/base/forms','ok','OK','2022-09-27 01:54:14','2022-09-27 01:54:14'),(498,1,'en','core/base/forms','cancel','Cancel','2022-09-27 01:54:14','2022-09-27 01:54:14'),(499,1,'en','core/base/forms','character_remain','character(s) remain','2022-09-27 01:54:14','2022-09-27 01:54:14'),(500,1,'en','core/base/forms','template','Template','2022-09-27 01:54:14','2022-09-27 01:54:14'),(501,1,'en','core/base/forms','choose_file','Choose file','2022-09-27 01:54:14','2022-09-27 01:54:14'),(502,1,'en','core/base/forms','file','File','2022-09-27 01:54:14','2022-09-27 01:54:14'),(503,1,'en','core/base/forms','content','Content','2022-09-27 01:54:14','2022-09-27 01:54:14'),(504,1,'en','core/base/forms','description','Description','2022-09-27 01:54:14','2022-09-27 01:54:14'),(505,1,'en','core/base/forms','name','Name','2022-09-27 01:54:14','2022-09-27 01:54:14'),(506,1,'en','core/base/forms','slug','Slug','2022-09-27 01:54:14','2022-09-27 01:54:14'),(507,1,'en','core/base/forms','title','Title','2022-09-27 01:54:14','2022-09-27 01:54:14'),(508,1,'en','core/base/forms','value','Value','2022-09-27 01:54:14','2022-09-27 01:54:14'),(509,1,'en','core/base/forms','name_placeholder','Name','2022-09-27 01:54:14','2022-09-27 01:54:14'),(510,1,'en','core/base/forms','alias_placeholder','Alias','2022-09-27 01:54:14','2022-09-27 01:54:14'),(511,1,'en','core/base/forms','description_placeholder','Short description','2022-09-27 01:54:14','2022-09-27 01:54:14'),(512,1,'en','core/base/forms','parent','Parent','2022-09-27 01:54:14','2022-09-27 01:54:14'),(513,1,'en','core/base/forms','icon','Icon','2022-09-27 01:54:14','2022-09-27 01:54:14'),(514,1,'en','core/base/forms','icon_placeholder','Ex: fa fa-home','2022-09-27 01:54:14','2022-09-27 01:54:14'),(515,1,'en','core/base/forms','order_by','Order by','2022-09-27 01:54:14','2022-09-27 01:54:14'),(516,1,'en','core/base/forms','order_by_placeholder','Order by','2022-09-27 01:54:14','2022-09-27 01:54:14'),(517,1,'en','core/base/forms','is_featured','Is featured?','2022-09-27 01:54:14','2022-09-27 01:54:14'),(518,1,'en','core/base/forms','is_default','Is default?','2022-09-27 01:54:14','2022-09-27 01:54:14'),(519,1,'en','core/base/forms','update','Update','2022-09-27 01:54:14','2022-09-27 01:54:14'),(520,1,'en','core/base/forms','publish','Publish','2022-09-27 01:54:14','2022-09-27 01:54:14'),(521,1,'en','core/base/forms','remove_image','Remove image','2022-09-27 01:54:14','2022-09-27 01:54:14'),(522,1,'en','core/base/forms','remove_file','Remove file','2022-09-27 01:54:14','2022-09-27 01:54:14'),(523,1,'en','core/base/forms','order','Order','2022-09-27 01:54:14','2022-09-27 01:54:14'),(524,1,'en','core/base/forms','alias','Alias','2022-09-27 01:54:14','2022-09-27 01:54:14'),(525,1,'en','core/base/forms','basic_information','Basic information','2022-09-27 01:54:14','2022-09-27 01:54:14'),(526,1,'en','core/base/forms','short_code','Shortcode','2022-09-27 01:54:14','2022-09-27 01:54:14'),(527,1,'en','core/base/forms','add_short_code','Add a shortcode','2022-09-27 01:54:14','2022-09-27 01:54:14'),(528,1,'en','core/base/forms','add','Add','2022-09-27 01:54:14','2022-09-27 01:54:14'),(529,1,'en','core/base/forms','link','Link','2022-09-27 01:54:14','2022-09-27 01:54:14'),(530,1,'en','core/base/forms','show_hide_editor','Show/Hide Editor','2022-09-27 01:54:14','2022-09-27 01:54:14'),(531,1,'en','core/base/forms','basic_info_title','Basic information','2022-09-27 01:54:14','2022-09-27 01:54:14'),(532,1,'en','core/base/forms','expand_all','Expand all','2022-09-27 01:54:14','2022-09-27 01:54:14'),(533,1,'en','core/base/forms','collapse_all','Collapse all','2022-09-27 01:54:14','2022-09-27 01:54:14'),(534,1,'en','core/base/forms','view_new_tab','Open in new tab','2022-09-27 01:54:14','2022-09-27 01:54:14'),(535,1,'en','core/base/forms','view_preview_image','View preview image','2022-09-27 01:54:14','2022-09-27 01:54:14'),(536,1,'en','core/base/layouts','platform_admin','Platform Administration','2022-09-27 01:54:14','2022-09-27 01:54:14'),(537,1,'en','core/base/layouts','dashboard','Dashboard','2022-09-27 01:54:14','2022-09-27 01:54:14'),(538,1,'en','core/base/layouts','widgets','Widgets','2022-09-27 01:54:14','2022-09-27 01:54:14'),(539,1,'en','core/base/layouts','plugins','Plugins','2022-09-27 01:54:14','2022-09-27 01:54:14'),(540,1,'en','core/base/layouts','settings','Settings','2022-09-27 01:54:14','2022-09-27 01:54:14'),(541,1,'en','core/base/layouts','setting_general','General','2022-09-27 01:54:14','2022-09-27 01:54:14'),(542,1,'en','core/base/layouts','setting_email','Email','2022-09-27 01:54:14','2022-09-27 01:54:14'),(543,1,'en','core/base/layouts','system_information','System information','2022-09-27 01:54:14','2022-09-27 01:54:14'),(544,1,'en','core/base/layouts','theme','Theme','2022-09-27 01:54:14','2022-09-27 01:54:14'),(545,1,'en','core/base/layouts','copyright','Copyright :year &copy; :company. Version: <span>:version</span>','2022-09-27 01:54:14','2022-09-27 01:54:14'),(546,1,'en','core/base/layouts','profile','Profile','2022-09-27 01:54:14','2022-09-27 01:54:14'),(547,1,'en','core/base/layouts','logout','Logout','2022-09-27 01:54:14','2022-09-27 01:54:14'),(548,1,'en','core/base/layouts','no_search_result','No results found, please try with different keywords.','2022-09-27 01:54:14','2022-09-27 01:54:14'),(549,1,'en','core/base/layouts','home','Home','2022-09-27 01:54:14','2022-09-27 01:54:14'),(550,1,'en','core/base/layouts','search','Search','2022-09-27 01:54:14','2022-09-27 01:54:14'),(551,1,'en','core/base/layouts','add_new','Add new','2022-09-27 01:54:14','2022-09-27 01:54:14'),(552,1,'en','core/base/layouts','n_a','N/A','2022-09-27 01:54:14','2022-09-27 01:54:14'),(553,1,'en','core/base/layouts','page_loaded_time','Page loaded in','2022-09-27 01:54:14','2022-09-27 01:54:14'),(554,1,'en','core/base/layouts','view_website','View website','2022-09-27 01:54:14','2022-09-27 01:54:14'),(555,1,'en','core/base/mail','send-fail','Send email failed','2022-09-27 01:54:14','2022-09-27 01:54:14'),(556,1,'en','core/base/notices','create_success_message','Created successfully','2022-09-27 01:54:14','2022-09-27 01:54:14'),(557,1,'en','core/base/notices','update_success_message','Updated successfully','2022-09-27 01:54:14','2022-09-27 01:54:14'),(558,1,'en','core/base/notices','delete_success_message','Deleted successfully','2022-09-27 01:54:14','2022-09-27 01:54:14'),(559,1,'en','core/base/notices','success_header','Success!','2022-09-27 01:54:14','2022-09-27 01:54:14'),(560,1,'en','core/base/notices','error_header','Error!','2022-09-27 01:54:14','2022-09-27 01:54:14'),(561,1,'en','core/base/notices','no_select','Please select at least one record to perform this action!','2022-09-27 01:54:14','2022-09-27 01:54:14'),(562,1,'en','core/base/notices','processing_request','We are processing your request.','2022-09-27 01:54:14','2022-09-27 01:54:14'),(563,1,'en','core/base/notices','error','Error!','2022-09-27 01:54:14','2022-09-27 01:54:14'),(564,1,'en','core/base/notices','success','Success!','2022-09-27 01:54:14','2022-09-27 01:54:14'),(565,1,'en','core/base/notices','info','Info!','2022-09-27 01:54:14','2022-09-27 01:54:14'),(566,1,'en','core/base/notices','enum.validate_message','The :attribute value you have entered is invalid.','2022-09-27 01:54:14','2022-09-27 01:54:14'),(567,1,'en','core/base/system','no_select','Please select at least one record to take this action!','2022-09-27 01:54:14','2022-09-27 01:54:14'),(568,1,'en','core/base/system','cannot_find_user','Unable to find specified user','2022-09-27 01:54:14','2022-09-27 01:54:14'),(569,1,'en','core/base/system','supper_revoked','Super user access revoked','2022-09-27 01:54:14','2022-09-27 01:54:14'),(570,1,'en','core/base/system','cannot_revoke_yourself','Can not revoke supper user access permission yourself!','2022-09-27 01:54:14','2022-09-27 01:54:14'),(571,1,'en','core/base/system','cant_remove_supper','You don\'t has permission to remove this super user','2022-09-27 01:54:14','2022-09-27 01:54:14'),(572,1,'en','core/base/system','cant_find_user_with_email','Unable to find user with specified email address','2022-09-27 01:54:14','2022-09-27 01:54:14'),(573,1,'en','core/base/system','supper_granted','Super user access granted','2022-09-27 01:54:14','2022-09-27 01:54:14'),(574,1,'en','core/base/system','delete_log_success','Delete log file successfully!','2022-09-27 01:54:14','2022-09-27 01:54:14'),(575,1,'en','core/base/system','get_member_success','Member list retrieved successfully','2022-09-27 01:54:14','2022-09-27 01:54:14'),(576,1,'en','core/base/system','error_occur','The following errors occurred','2022-09-27 01:54:14','2022-09-27 01:54:14'),(577,1,'en','core/base/system','user_management','User Management','2022-09-27 01:54:14','2022-09-27 01:54:14'),(578,1,'en','core/base/system','user_management_description','Manage users.','2022-09-27 01:54:14','2022-09-27 01:54:14'),(579,1,'en','core/base/system','role_and_permission','Roles and Permissions','2022-09-27 01:54:14','2022-09-27 01:54:14'),(580,1,'en','core/base/system','role_and_permission_description','Manage the available roles.','2022-09-27 01:54:14','2022-09-27 01:54:14'),(581,1,'en','core/base/system','user.list_super','List Super Users','2022-09-27 01:54:14','2022-09-27 01:54:14'),(582,1,'en','core/base/system','user.email','Email','2022-09-27 01:54:14','2022-09-27 01:54:14'),(583,1,'en','core/base/system','user.last_login','Last Login','2022-09-27 01:54:14','2022-09-27 01:54:14'),(584,1,'en','core/base/system','user.username','Username','2022-09-27 01:54:14','2022-09-27 01:54:14'),(585,1,'en','core/base/system','user.add_user','Add Super User','2022-09-27 01:54:14','2022-09-27 01:54:14'),(586,1,'en','core/base/system','user.cancel','Cancel','2022-09-27 01:54:14','2022-09-27 01:54:14'),(587,1,'en','core/base/system','user.create','Create','2022-09-27 01:54:14','2022-09-27 01:54:14'),(588,1,'en','core/base/system','options.features','Feature Access Control','2022-09-27 01:54:14','2022-09-27 01:54:14'),(589,1,'en','core/base/system','options.feature_description','Manage the available.','2022-09-27 01:54:14','2022-09-27 01:54:14'),(590,1,'en','core/base/system','options.manage_super','Super User Management','2022-09-27 01:54:14','2022-09-27 01:54:14'),(591,1,'en','core/base/system','options.manage_super_description','Add/remove super users.','2022-09-27 01:54:14','2022-09-27 01:54:14'),(592,1,'en','core/base/system','options.info','System information','2022-09-27 01:54:14','2022-09-27 01:54:14'),(593,1,'en','core/base/system','options.info_description','All information about current system configuration.','2022-09-27 01:54:14','2022-09-27 01:54:14'),(594,1,'en','core/base/system','info.title','System information','2022-09-27 01:54:14','2022-09-27 01:54:14'),(595,1,'en','core/base/system','info.cache','Cache','2022-09-27 01:54:14','2022-09-27 01:54:14'),(596,1,'en','core/base/system','info.locale','Active locale','2022-09-27 01:54:14','2022-09-27 01:54:14'),(597,1,'en','core/base/system','info.environment','Environment','2022-09-27 01:54:14','2022-09-27 01:54:14'),(598,1,'en','core/base/system','disabled_in_demo_mode','You cannot do it in demo mode!','2022-09-27 01:54:14','2022-09-27 01:54:14'),(599,1,'en','core/base/system','report_description','Please share this information for troubleshooting','2022-09-27 01:54:14','2022-09-27 01:54:14'),(600,1,'en','core/base/system','get_system_report','Get System Report','2022-09-27 01:54:14','2022-09-27 01:54:14'),(601,1,'en','core/base/system','system_environment','System Environment','2022-09-27 01:54:14','2022-09-27 01:54:14'),(602,1,'en','core/base/system','framework_version','Framework Version','2022-09-27 01:54:14','2022-09-27 01:54:14'),(603,1,'en','core/base/system','timezone','Timezone','2022-09-27 01:54:14','2022-09-27 01:54:14'),(604,1,'en','core/base/system','debug_mode','Debug Mode','2022-09-27 01:54:14','2022-09-27 01:54:14'),(605,1,'en','core/base/system','storage_dir_writable','Storage Dir Writable','2022-09-27 01:54:14','2022-09-27 01:54:14'),(606,1,'en','core/base/system','cache_dir_writable','Cache Dir Writable','2022-09-27 01:54:14','2022-09-27 01:54:14'),(607,1,'en','core/base/system','app_size','App Size','2022-09-27 01:54:14','2022-09-27 01:54:14'),(608,1,'en','core/base/system','server_environment','Server Environment','2022-09-27 01:54:14','2022-09-27 01:54:14'),(609,1,'en','core/base/system','php_version','PHP Version','2022-09-27 01:54:14','2022-09-27 01:54:14'),(610,1,'en','core/base/system','php_version_error','PHP must be >= :version','2022-09-27 01:54:14','2022-09-27 01:54:14'),(611,1,'en','core/base/system','server_software','Server Software','2022-09-27 01:54:14','2022-09-27 01:54:14'),(612,1,'en','core/base/system','server_os','Server OS','2022-09-27 01:54:14','2022-09-27 01:54:14'),(613,1,'en','core/base/system','database','Database','2022-09-27 01:54:14','2022-09-27 01:54:14'),(614,1,'en','core/base/system','ssl_installed','SSL Installed','2022-09-27 01:54:14','2022-09-27 01:54:14'),(615,1,'en','core/base/system','cache_driver','Cache Driver','2022-09-27 01:54:14','2022-09-27 01:54:14'),(616,1,'en','core/base/system','session_driver','Session Driver','2022-09-27 01:54:14','2022-09-27 01:54:14'),(617,1,'en','core/base/system','queue_connection','Queue Connection','2022-09-27 01:54:14','2022-09-27 01:54:14'),(618,1,'en','core/base/system','mbstring_ext','Mbstring Ext','2022-09-27 01:54:14','2022-09-27 01:54:14'),(619,1,'en','core/base/system','openssl_ext','OpenSSL Ext','2022-09-27 01:54:14','2022-09-27 01:54:14'),(620,1,'en','core/base/system','pdo_ext','PDO Ext','2022-09-27 01:54:14','2022-09-27 01:54:14'),(621,1,'en','core/base/system','curl_ext','CURL Ext','2022-09-27 01:54:14','2022-09-27 01:54:14'),(622,1,'en','core/base/system','exif_ext','Exif Ext','2022-09-27 01:54:14','2022-09-27 01:54:14'),(623,1,'en','core/base/system','file_info_ext','File info Ext','2022-09-27 01:54:14','2022-09-27 01:54:14'),(624,1,'en','core/base/system','tokenizer_ext','Tokenizer Ext','2022-09-27 01:54:14','2022-09-27 01:54:14'),(625,1,'en','core/base/system','extra_stats','Extra Stats','2022-09-27 01:54:14','2022-09-27 01:54:14'),(626,1,'en','core/base/system','installed_packages','Installed packages and their version numbers','2022-09-27 01:54:14','2022-09-27 01:54:14'),(627,1,'en','core/base/system','extra_information','Extra Information','2022-09-27 01:54:14','2022-09-27 01:54:14'),(628,1,'en','core/base/system','copy_report','Copy Report','2022-09-27 01:54:14','2022-09-27 01:54:14'),(629,1,'en','core/base/system','package_name','Package Name','2022-09-27 01:54:14','2022-09-27 01:54:14'),(630,1,'en','core/base/system','dependency_name','Dependency Name','2022-09-27 01:54:14','2022-09-27 01:54:14'),(631,1,'en','core/base/system','version','Version','2022-09-27 01:54:14','2022-09-27 01:54:14'),(632,1,'en','core/base/system','cms_version','CMS Version','2022-09-27 01:54:14','2022-09-27 01:54:14'),(633,1,'en','core/base/system','imagick_or_gd_ext','Imagick/GD Ext','2022-09-27 01:54:14','2022-09-27 01:54:14'),(634,1,'en','core/base/system','updater','System Updater','2022-09-27 01:54:14','2022-09-27 01:54:14'),(635,1,'en','core/base/system','zip','Zip Ext','2022-09-27 01:54:14','2022-09-27 01:54:14'),(636,1,'en','core/base/system','memory_limit','Memory limit','2022-09-27 01:54:14','2022-09-27 01:54:14'),(637,1,'en','core/base/system','max_execution_time','Max execution time (s)','2022-09-27 01:54:14','2022-09-27 01:54:14'),(638,1,'en','core/base/system','php_version_warning','You are using an out of date PHP version (:version). Please upgrade PHP version on your server to >= 8.0.2 for better security and performance!','2022-09-27 01:54:14','2022-09-27 01:54:14'),(639,1,'en','core/base/system','upgrade_php_version_required','You are using an unsupported PHP version (:version). You need to upgrade PHP version on your server to greater than or equal to 8.0.2 before upgrading to this version!','2022-09-27 01:54:14','2022-09-27 01:54:14'),(640,1,'en','core/base/tables','id','ID','2022-09-27 01:54:14','2022-09-27 01:54:14'),(641,1,'en','core/base/tables','name','Name','2022-09-27 01:54:14','2022-09-27 01:54:14'),(642,1,'en','core/base/tables','slug','Slug','2022-09-27 01:54:14','2022-09-27 01:54:14'),(643,1,'en','core/base/tables','title','Title','2022-09-27 01:54:14','2022-09-27 01:54:14'),(644,1,'en','core/base/tables','order_by','Order By','2022-09-27 01:54:14','2022-09-27 01:54:14'),(645,1,'en','core/base/tables','order','Order','2022-09-27 01:54:14','2022-09-27 01:54:14'),(646,1,'en','core/base/tables','status','Status','2022-09-27 01:54:14','2022-09-27 01:54:14'),(647,1,'en','core/base/tables','created_at','Created At','2022-09-27 01:54:14','2022-09-27 01:54:14'),(648,1,'en','core/base/tables','updated_at','Updated At','2022-09-27 01:54:14','2022-09-27 01:54:14'),(649,1,'en','core/base/tables','description','Description','2022-09-27 01:54:14','2022-09-27 01:54:14'),(650,1,'en','core/base/tables','operations','Operations','2022-09-27 01:54:14','2022-09-27 01:54:14'),(651,1,'en','core/base/tables','url','URL','2022-09-27 01:54:14','2022-09-27 01:54:14'),(652,1,'en','core/base/tables','author','Author','2022-09-27 01:54:14','2022-09-27 01:54:14'),(653,1,'en','core/base/tables','notes','Notes','2022-09-27 01:54:14','2022-09-27 01:54:14'),(654,1,'en','core/base/tables','column','Column','2022-09-27 01:54:14','2022-09-27 01:54:14'),(655,1,'en','core/base/tables','origin','Origin','2022-09-27 01:54:14','2022-09-27 01:54:14'),(656,1,'en','core/base/tables','after_change','After changes','2022-09-27 01:54:14','2022-09-27 01:54:14'),(657,1,'en','core/base/tables','views','Views','2022-09-27 01:54:14','2022-09-27 01:54:14'),(658,1,'en','core/base/tables','browser','Browser','2022-09-27 01:54:14','2022-09-27 01:54:14'),(659,1,'en','core/base/tables','session','Session','2022-09-27 01:54:14','2022-09-27 01:54:14'),(660,1,'en','core/base/tables','activated','activated','2022-09-27 01:54:14','2022-09-27 01:54:14'),(661,1,'en','core/base/tables','deactivated','deactivated','2022-09-27 01:54:14','2022-09-27 01:54:14'),(662,1,'en','core/base/tables','is_featured','Is featured','2022-09-27 01:54:14','2022-09-27 01:54:14'),(663,1,'en','core/base/tables','edit','Edit','2022-09-27 01:54:14','2022-09-27 01:54:14'),(664,1,'en','core/base/tables','delete','Delete','2022-09-27 01:54:14','2022-09-27 01:54:14'),(665,1,'en','core/base/tables','restore','Restore','2022-09-27 01:54:14','2022-09-27 01:54:14'),(666,1,'en','core/base/tables','activate','Activate','2022-09-27 01:54:14','2022-09-27 01:54:14'),(667,1,'en','core/base/tables','deactivate','Deactivate','2022-09-27 01:54:14','2022-09-27 01:54:14'),(668,1,'en','core/base/tables','excel','Excel','2022-09-27 01:54:14','2022-09-27 01:54:14'),(669,1,'en','core/base/tables','export','Export','2022-09-27 01:54:14','2022-09-27 01:54:14'),(670,1,'en','core/base/tables','csv','CSV','2022-09-27 01:54:14','2022-09-27 01:54:14'),(671,1,'en','core/base/tables','pdf','PDF','2022-09-27 01:54:14','2022-09-27 01:54:14'),(672,1,'en','core/base/tables','print','Print','2022-09-27 01:54:14','2022-09-27 01:54:14'),(673,1,'en','core/base/tables','reset','Reset','2022-09-27 01:54:14','2022-09-27 01:54:14'),(674,1,'en','core/base/tables','reload','Reload','2022-09-27 01:54:14','2022-09-27 01:54:14'),(675,1,'en','core/base/tables','display','Display','2022-09-27 01:54:14','2022-09-27 01:54:14'),(676,1,'en','core/base/tables','all','All','2022-09-27 01:54:14','2022-09-27 01:54:14'),(677,1,'en','core/base/tables','add_new','Add New','2022-09-27 01:54:14','2022-09-27 01:54:14'),(678,1,'en','core/base/tables','action','Actions','2022-09-27 01:54:14','2022-09-27 01:54:14'),(679,1,'en','core/base/tables','delete_entry','Delete','2022-09-27 01:54:14','2022-09-27 01:54:14'),(680,1,'en','core/base/tables','view','View Detail','2022-09-27 01:54:14','2022-09-27 01:54:14'),(681,1,'en','core/base/tables','save','Save','2022-09-27 01:54:14','2022-09-27 01:54:14'),(682,1,'en','core/base/tables','show_from','Show from','2022-09-27 01:54:14','2022-09-27 01:54:14'),(683,1,'en','core/base/tables','to','to','2022-09-27 01:54:14','2022-09-27 01:54:14'),(684,1,'en','core/base/tables','in','in','2022-09-27 01:54:14','2022-09-27 01:54:14'),(685,1,'en','core/base/tables','records','records','2022-09-27 01:54:14','2022-09-27 01:54:14'),(686,1,'en','core/base/tables','no_data','No data to display','2022-09-27 01:54:14','2022-09-27 01:54:14'),(687,1,'en','core/base/tables','no_record','No record','2022-09-27 01:54:14','2022-09-27 01:54:14'),(688,1,'en','core/base/tables','confirm_delete','Confirm delete','2022-09-27 01:54:14','2022-09-27 01:54:14'),(689,1,'en','core/base/tables','confirm_delete_msg','Do you really want to delete this record?','2022-09-27 01:54:14','2022-09-27 01:54:14'),(690,1,'en','core/base/tables','confirm_delete_many_msg','Do you really want to delete selected record(s)?','2022-09-27 01:54:14','2022-09-27 01:54:14'),(691,1,'en','core/base/tables','cancel','Cancel','2022-09-27 01:54:14','2022-09-27 01:54:14'),(692,1,'en','core/base/tables','template','Template','2022-09-27 01:54:14','2022-09-27 01:54:14'),(693,1,'en','core/base/tables','email','Email','2022-09-27 01:54:14','2022-09-27 01:54:14'),(694,1,'en','core/base/tables','last_login','Last login','2022-09-27 01:54:14','2022-09-27 01:54:14'),(695,1,'en','core/base/tables','shortcode','Shortcode','2022-09-27 01:54:14','2022-09-27 01:54:14'),(696,1,'en','core/base/tables','image','Image','2022-09-27 01:54:14','2022-09-27 01:54:14'),(697,1,'en','core/base/tables','bulk_changes','Bulk changes','2022-09-27 01:54:14','2022-09-27 01:54:14'),(698,1,'en','core/base/tables','submit','Submit','2022-09-27 01:54:14','2022-09-27 01:54:14'),(699,1,'en','core/base/tables','please_select_record','Please select at least one record to perform this action!','2022-09-27 01:54:14','2022-09-27 01:54:14'),(700,1,'en','core/base/tabs','detail','Detail','2022-09-27 01:54:14','2022-09-27 01:54:14'),(701,1,'en','core/base/tabs','file','Files','2022-09-27 01:54:14','2022-09-27 01:54:14'),(702,1,'en','core/base/tabs','record_note','Record Note','2022-09-27 01:54:14','2022-09-27 01:54:14'),(703,1,'en','core/base/tabs','revision','Revision History','2022-09-27 01:54:14','2022-09-27 01:54:14'),(704,1,'vi','core/base/base','yes','Có','2022-09-27 01:54:14','2022-09-27 01:54:14'),(705,1,'vi','core/base/base','no','Không','2022-09-27 01:54:14','2022-09-27 01:54:14'),(706,1,'vi','core/base/base','is_default','Mặc định?','2022-09-27 01:54:14','2022-09-27 01:54:14'),(707,1,'vi','core/base/base','proc_close_disabled_error','Hàm proc_close() đã bị tắt. Vui lòng liên hệ nhà cung cấp hosting để mở hàm này. Hoặc có thể thêm vào .env: CAN_EXECUTE_COMMAND=false để tắt tính năng này.','2022-09-27 01:54:14','2022-09-27 01:54:14'),(708,1,'vi','core/base/base','add_image','Thêm ảnh','2022-09-27 01:54:14','2022-09-27 01:54:14'),(709,1,'vi','core/base/base','change_image','Đổi ảnh','2022-09-27 01:54:14','2022-09-27 01:54:14'),(710,1,'vi','core/base/base','delete_image','Xóa ảnh','2022-09-27 01:54:14','2022-09-27 01:54:14'),(711,1,'vi','core/base/base','email_template.date_time','Ngày giờ hiện tại','2022-09-27 01:54:14','2022-09-27 01:54:14'),(712,1,'vi','core/base/base','email_template.date_year','Năm hiện tại','2022-09-27 01:54:14','2022-09-27 01:54:14'),(713,1,'vi','core/base/base','email_template.footer','Mẫu chân trang email','2022-09-27 01:54:14','2022-09-27 01:54:14'),(714,1,'vi','core/base/base','email_template.header','Mẫu đầu trang email','2022-09-27 01:54:14','2022-09-27 01:54:14'),(715,1,'vi','core/base/base','email_template.site_admin_email','Email quản trị viên','2022-09-27 01:54:14','2022-09-27 01:54:14'),(716,1,'vi','core/base/base','email_template.site_logo','Logo của trang','2022-09-27 01:54:14','2022-09-27 01:54:14'),(717,1,'vi','core/base/base','email_template.site_title','Tiêu đề trang','2022-09-27 01:54:14','2022-09-27 01:54:14'),(718,1,'vi','core/base/base','email_template.site_url','URL trang','2022-09-27 01:54:14','2022-09-27 01:54:14'),(719,1,'vi','core/base/base','image','Hình ảnh','2022-09-27 01:54:14','2022-09-27 01:54:14'),(720,1,'vi','core/base/base','preview_image','Ảnh xem trước','2022-09-27 01:54:14','2022-09-27 01:54:14'),(721,1,'vi','core/base/base','select_image','Chọn ảnh','2022-09-27 01:54:14','2022-09-27 01:54:14'),(722,1,'vi','core/base/base','to_add_more_image','để thêm hình ảnh','2022-09-27 01:54:14','2022-09-27 01:54:14'),(723,1,'vi','core/base/base','using_button','Sử dụng nút','2022-09-27 01:54:14','2022-09-27 01:54:14'),(724,1,'vi','core/base/cache','cache_management','Quản lý bộ nhớ đệm','2022-09-27 01:54:14','2022-09-27 01:54:14'),(725,1,'vi','core/base/cache','cache_commands','Các lệnh xoá bộ nhớ đệm cơ bản','2022-09-27 01:54:14','2022-09-27 01:54:14'),(726,1,'vi','core/base/cache','commands.clear_cms_cache.title','Xóa tất cả bộ đệm hiện có của ứng dụng','2022-09-27 01:54:14','2022-09-27 01:54:14'),(727,1,'vi','core/base/cache','commands.clear_cms_cache.description','Xóa các bộ nhớ đệm của ứng dụng: cơ sở dữ liệu, nội dung tĩnh... Chạy lệnh này khi bạn thử cập nhật dữ liệu nhưng giao diện không thay đổi','2022-09-27 01:54:14','2022-09-27 01:54:14'),(728,1,'vi','core/base/cache','commands.clear_cms_cache.success_msg','Bộ đệm đã được xóa','2022-09-27 01:54:14','2022-09-27 01:54:14'),(729,1,'vi','core/base/cache','commands.refresh_compiled_views.title','Làm mới bộ đệm giao diện','2022-09-27 01:54:14','2022-09-27 01:54:14'),(730,1,'vi','core/base/cache','commands.refresh_compiled_views.description','Làm mới bộ đệm giao diện giúp phần giao diện luôn mới nhất','2022-09-27 01:54:14','2022-09-27 01:54:14'),(731,1,'vi','core/base/cache','commands.refresh_compiled_views.success_msg','Bộ đệm giao diện đã được làm mới','2022-09-27 01:54:14','2022-09-27 01:54:14'),(732,1,'vi','core/base/cache','commands.clear_config_cache.title','Xóa bộ nhớ đệm của phần cấu hình','2022-09-27 01:54:14','2022-09-27 01:54:14'),(733,1,'vi','core/base/cache','commands.clear_config_cache.description','Bạn cần làm mới bộ đệm cấu hình khi bạn tạo ra sự thay đổi nào đó ở môi trường thành phẩm.','2022-09-27 01:54:14','2022-09-27 01:54:14'),(734,1,'vi','core/base/cache','commands.clear_config_cache.success_msg','Bộ đệm cấu hình đã được xóa','2022-09-27 01:54:14','2022-09-27 01:54:14'),(735,1,'vi','core/base/cache','commands.clear_route_cache.title','Xoá cache đường dẫn','2022-09-27 01:54:14','2022-09-27 01:54:14'),(736,1,'vi','core/base/cache','commands.clear_route_cache.description','Cần thực hiện thao tác này khi thấy không xuất hiện đường dẫn mới.','2022-09-27 01:54:14','2022-09-27 01:54:14'),(737,1,'vi','core/base/cache','commands.clear_route_cache.success_msg','Bộ đệm điều hướng đã bị xóa','2022-09-27 01:54:14','2022-09-27 01:54:14'),(738,1,'vi','core/base/cache','commands.clear_log.description','Xoá lịch sử lỗi','2022-09-27 01:54:14','2022-09-27 01:54:14'),(739,1,'vi','core/base/cache','commands.clear_log.success_msg','Lịch sử lỗi đã được làm sạch','2022-09-27 01:54:14','2022-09-27 01:54:14'),(740,1,'vi','core/base/cache','commands.clear_log.title','Xoá lịch sử lỗi','2022-09-27 01:54:14','2022-09-27 01:54:14'),(741,1,'vi','core/base/enums','statuses.draft','Bản nháp','2022-09-27 01:54:14','2022-09-27 01:54:14'),(742,1,'vi','core/base/enums','statuses.pending','Đang chờ xử lý','2022-09-27 01:54:14','2022-09-27 01:54:14'),(743,1,'vi','core/base/enums','statuses.published','Đã xuất bản','2022-09-27 01:54:14','2022-09-27 01:54:14'),(744,1,'vi','core/base/errors','401_title','Bạn không có quyền truy cập trang này','2022-09-27 01:54:14','2022-09-27 01:54:14'),(745,1,'vi','core/base/errors','401_msg','<li>Bạn không được cấp quyền truy cập bởi quản trị viên.</li>\n	                <li>Bạn sử dụng sai loại tài khoản.</li>\n	                <li>Bạn không được cấp quyền để có thể truy cập trang này</li>','2022-09-27 01:54:14','2022-09-27 01:54:14'),(746,1,'vi','core/base/errors','404_title','Không tìm thấy trang yêu cầu','2022-09-27 01:54:14','2022-09-27 01:54:14'),(747,1,'vi','core/base/errors','404_msg','<li>Trang bạn yêu cầu không tồn tại.</li>\n	                <li>Liên kết bạn vừa nhấn không còn được sử dụng.</li>\n	                <li>Trang này có thể đã được chuyển sang vị trí khác.</li>\n	                <li>Có thể có lỗi xảy ra.</li>\n	                <li>Bạn không được cấp quyền để có thể truy cập trang này</li>','2022-09-27 01:54:14','2022-09-27 01:54:14'),(748,1,'vi','core/base/errors','500_title','Không thể tải trang','2022-09-27 01:54:14','2022-09-27 01:54:14'),(749,1,'vi','core/base/errors','500_msg','<li>Trang bạn yêu cầu không tồn tại.</li>\n	                <li>Liên kết bạn vừa nhấn không còn được sử dụng.</li>\n	                <li>Trang này có thể đã được chuyển sang vị trí khác.</li>\n	                <li>Có thể có lỗi xảy ra.</li>\n	                <li>Bạn không được cấp quyền để có thể truy cập trang này</li>','2022-09-27 01:54:14','2022-09-27 01:54:14'),(750,1,'vi','core/base/errors','reasons','Điều này có thể xảy ra vì nhiều lý do.','2022-09-27 01:54:14','2022-09-27 01:54:14'),(751,1,'vi','core/base/errors','try_again','Vui lòng thử lại trong vài phút, hoặc quay trở lại trang chủ bằng cách <a href=\"http://cms.local/admin\"> nhấn vào đây </a>.','2022-09-27 01:54:14','2022-09-27 01:54:14'),(752,1,'vi','core/base/errors','not_found','Không tìm thấy','2022-09-27 01:54:14','2022-09-27 01:54:14'),(753,1,'vi','core/base/forms','choose_image','Chọn ảnh','2022-09-27 01:54:14','2022-09-27 01:54:14'),(754,1,'vi','core/base/forms','actions','Tác vụ','2022-09-27 01:54:14','2022-09-27 01:54:14'),(755,1,'vi','core/base/forms','save','Lưu','2022-09-27 01:54:14','2022-09-27 01:54:14'),(756,1,'vi','core/base/forms','save_and_continue','Lưu & chỉnh sửa','2022-09-27 01:54:14','2022-09-27 01:54:14'),(757,1,'vi','core/base/forms','image','Hình ảnh','2022-09-27 01:54:14','2022-09-27 01:54:14'),(758,1,'vi','core/base/forms','image_placeholder','Chèn đường dẫn hình ảnh hoặc nhấn nút để chọn hình','2022-09-27 01:54:14','2022-09-27 01:54:14'),(759,1,'vi','core/base/forms','create','Tạo mới','2022-09-27 01:54:14','2022-09-27 01:54:14'),(760,1,'vi','core/base/forms','edit','Sửa','2022-09-27 01:54:14','2022-09-27 01:54:14'),(761,1,'vi','core/base/forms','permalink','Đường dẫn','2022-09-27 01:54:14','2022-09-27 01:54:14'),(762,1,'vi','core/base/forms','ok','OK','2022-09-27 01:54:14','2022-09-27 01:54:14'),(763,1,'vi','core/base/forms','cancel','Hủy bỏ','2022-09-27 01:54:14','2022-09-27 01:54:14'),(764,1,'vi','core/base/forms','character_remain','kí tự còn lại','2022-09-27 01:54:14','2022-09-27 01:54:14'),(765,1,'vi','core/base/forms','template','Template','2022-09-27 01:54:14','2022-09-27 01:54:14'),(766,1,'vi','core/base/forms','choose_file','Chọn tập tin','2022-09-27 01:54:14','2022-09-27 01:54:14'),(767,1,'vi','core/base/forms','file','Tập tin','2022-09-27 01:54:14','2022-09-27 01:54:14'),(768,1,'vi','core/base/forms','content','Nội dung','2022-09-27 01:54:14','2022-09-27 01:54:14'),(769,1,'vi','core/base/forms','description','Mô tả','2022-09-27 01:54:14','2022-09-27 01:54:14'),(770,1,'vi','core/base/forms','name','Tên','2022-09-27 01:54:14','2022-09-27 01:54:14'),(771,1,'vi','core/base/forms','name_placeholder','Nhập tên','2022-09-27 01:54:14','2022-09-27 01:54:14'),(772,1,'vi','core/base/forms','description_placeholder','Mô tả ngắn','2022-09-27 01:54:14','2022-09-27 01:54:14'),(773,1,'vi','core/base/forms','parent','Cha','2022-09-27 01:54:14','2022-09-27 01:54:14'),(774,1,'vi','core/base/forms','icon','Biểu tượng','2022-09-27 01:54:14','2022-09-27 01:54:14'),(775,1,'vi','core/base/forms','order_by','Sắp xếp','2022-09-27 01:54:14','2022-09-27 01:54:14'),(776,1,'vi','core/base/forms','order_by_placeholder','Sắp xếp','2022-09-27 01:54:14','2022-09-27 01:54:14'),(777,1,'vi','core/base/forms','slug','Slug','2022-09-27 01:54:14','2022-09-27 01:54:14'),(778,1,'vi','core/base/forms','is_featured','Nổi bật?','2022-09-27 01:54:14','2022-09-27 01:54:14'),(779,1,'vi','core/base/forms','is_default','Mặc định?','2022-09-27 01:54:14','2022-09-27 01:54:14'),(780,1,'vi','core/base/forms','icon_placeholder','Ví dụ: fa fa-home','2022-09-27 01:54:14','2022-09-27 01:54:14'),(781,1,'vi','core/base/forms','update','Cập nhật','2022-09-27 01:54:14','2022-09-27 01:54:14'),(782,1,'vi','core/base/forms','publish','Xuất bản','2022-09-27 01:54:14','2022-09-27 01:54:14'),(783,1,'vi','core/base/forms','remove_image','Xoá ảnh','2022-09-27 01:54:14','2022-09-27 01:54:14'),(784,1,'vi','core/base/forms','add','Thêm','2022-09-27 01:54:14','2022-09-27 01:54:14'),(785,1,'vi','core/base/forms','add_short_code','Thêm shortcode','2022-09-27 01:54:14','2022-09-27 01:54:14'),(786,1,'vi','core/base/forms','alias','Mã thay thế','2022-09-27 01:54:14','2022-09-27 01:54:14'),(787,1,'vi','core/base/forms','alias_placeholder','Mã thay thế','2022-09-27 01:54:14','2022-09-27 01:54:14'),(788,1,'vi','core/base/forms','basic_information','Thông tin cơ bản','2022-09-27 01:54:14','2022-09-27 01:54:14'),(789,1,'vi','core/base/forms','link','Liên kết','2022-09-27 01:54:14','2022-09-27 01:54:14'),(790,1,'vi','core/base/forms','order','Thứ tự','2022-09-27 01:54:14','2022-09-27 01:54:14'),(791,1,'vi','core/base/forms','short_code','Shortcode','2022-09-27 01:54:14','2022-09-27 01:54:14'),(792,1,'vi','core/base/forms','title','Tiêu đề','2022-09-27 01:54:14','2022-09-27 01:54:14'),(793,1,'vi','core/base/forms','value','Giá trị','2022-09-27 01:54:14','2022-09-27 01:54:14'),(794,1,'vi','core/base/forms','show_hide_editor','Ẩn/Hiện trình soạn thảo','2022-09-27 01:54:14','2022-09-27 01:54:14'),(795,1,'vi','core/base/forms','basic_info_title','Thông tin cơ bản','2022-09-27 01:54:14','2022-09-27 01:54:14'),(796,1,'vi','core/base/forms','remove_file','Xóa tập tin','2022-09-27 01:54:14','2022-09-27 01:54:14'),(797,1,'vi','core/base/layouts','platform_admin','Quản trị hệ thống','2022-09-27 01:54:14','2022-09-27 01:54:14'),(798,1,'vi','core/base/layouts','dashboard','Bảng điều khiển','2022-09-27 01:54:14','2022-09-27 01:54:14'),(799,1,'vi','core/base/layouts','widgets','Tiện ích','2022-09-27 01:54:14','2022-09-27 01:54:14'),(800,1,'vi','core/base/layouts','plugins','Tiện ích mở rộng','2022-09-27 01:54:14','2022-09-27 01:54:14'),(801,1,'vi','core/base/layouts','settings','Cài đặt','2022-09-27 01:54:14','2022-09-27 01:54:14'),(802,1,'vi','core/base/layouts','setting_general','Cơ bản','2022-09-27 01:54:14','2022-09-27 01:54:14'),(803,1,'vi','core/base/layouts','system_information','Thông tin hệ thống','2022-09-27 01:54:14','2022-09-27 01:54:14'),(804,1,'vi','core/base/layouts','theme','Giao diện','2022-09-27 01:54:14','2022-09-27 01:54:14'),(805,1,'vi','core/base/layouts','copyright','Bản quyền :year &copy; :company. Phiên bản: <span>:version</span>','2022-09-27 01:54:14','2022-09-27 01:54:14'),(806,1,'vi','core/base/layouts','profile','Thông tin cá nhân','2022-09-27 01:54:14','2022-09-27 01:54:14'),(807,1,'vi','core/base/layouts','logout','Đăng xuất','2022-09-27 01:54:14','2022-09-27 01:54:14'),(808,1,'vi','core/base/layouts','no_search_result','Không có kết quả tìm kiếm, hãy thử lại với từ khóa khác.','2022-09-27 01:54:14','2022-09-27 01:54:14'),(809,1,'vi','core/base/layouts','home','Trang chủ','2022-09-27 01:54:14','2022-09-27 01:54:14'),(810,1,'vi','core/base/layouts','search','Tìm kiếm','2022-09-27 01:54:14','2022-09-27 01:54:14'),(811,1,'vi','core/base/layouts','add_new','Thêm mới','2022-09-27 01:54:14','2022-09-27 01:54:14'),(812,1,'vi','core/base/layouts','n_a','N/A','2022-09-27 01:54:14','2022-09-27 01:54:14'),(813,1,'vi','core/base/layouts','page_loaded_time','Trang tải xong trong','2022-09-27 01:54:14','2022-09-27 01:54:14'),(814,1,'vi','core/base/layouts','view_website','Xem trang ngoài','2022-09-27 01:54:14','2022-09-27 01:54:14'),(815,1,'vi','core/base/layouts','setting_email','Email','2022-09-27 01:54:14','2022-09-27 01:54:14'),(816,1,'vi','core/base/mail','send-fail','Gửi email không thành công','2022-09-27 01:54:14','2022-09-27 01:54:14'),(817,1,'vi','core/base/notices','create_success_message','Tạo thành công','2022-09-27 01:54:14','2022-09-27 01:54:14'),(818,1,'vi','core/base/notices','update_success_message','Cập nhật thành công','2022-09-27 01:54:14','2022-09-27 01:54:14'),(819,1,'vi','core/base/notices','delete_success_message','Xóa thành công','2022-09-27 01:54:14','2022-09-27 01:54:14'),(820,1,'vi','core/base/notices','success_header','Thành công!','2022-09-27 01:54:14','2022-09-27 01:54:14'),(821,1,'vi','core/base/notices','error_header','Lỗi!','2022-09-27 01:54:14','2022-09-27 01:54:14'),(822,1,'vi','core/base/notices','no_select','Chọn ít nhất 1 trường để thực hiện hành động này!','2022-09-27 01:54:14','2022-09-27 01:54:14'),(823,1,'vi','core/base/notices','processing_request','Hệ thống đang xử lý yêu cầu.','2022-09-27 01:54:14','2022-09-27 01:54:14'),(824,1,'vi','core/base/notices','error','Lỗi!','2022-09-27 01:54:14','2022-09-27 01:54:14'),(825,1,'vi','core/base/notices','success','Thành công!','2022-09-27 01:54:14','2022-09-27 01:54:14'),(826,1,'vi','core/base/notices','info','Thông tin!','2022-09-27 01:54:14','2022-09-27 01:54:14'),(827,1,'vi','core/base/notices','enum.validate_message','Giá trị của :attribute không hợp lệ','2022-09-27 01:54:14','2022-09-27 01:54:14'),(828,1,'vi','core/base/system','no_select','Hãy chọn ít nhất 1 trường để thực hiện hành động này!','2022-09-27 01:54:14','2022-09-27 01:54:14'),(829,1,'vi','core/base/system','cannot_find_user','Không thể tải được thông tin người dùng','2022-09-27 01:54:14','2022-09-27 01:54:14'),(830,1,'vi','core/base/system','supper_revoked','Quyền quản trị viên cao nhất đã được gỡ bỏ','2022-09-27 01:54:14','2022-09-27 01:54:14'),(831,1,'vi','core/base/system','cannot_revoke_yourself','Không thể gỡ bỏ quyền quản trị cấp cao của chính bạn!','2022-09-27 01:54:14','2022-09-27 01:54:14'),(832,1,'vi','core/base/system','cant_remove_supper','Bạn không có quyền xóa quản trị viên cấp cao','2022-09-27 01:54:14','2022-09-27 01:54:14'),(833,1,'vi','core/base/system','cant_find_user_with_email','Không thể tìm thấy người dùng với email này','2022-09-27 01:54:14','2022-09-27 01:54:14'),(834,1,'vi','core/base/system','supper_granted','Quyền quản trị cao nhất đã được gán','2022-09-27 01:54:14','2022-09-27 01:54:14'),(835,1,'vi','core/base/system','delete_log_success','Xóa tập tin log thành công!','2022-09-27 01:54:14','2022-09-27 01:54:14'),(836,1,'vi','core/base/system','get_member_success','Hiển thị danh sách thành viên thành công','2022-09-27 01:54:14','2022-09-27 01:54:14'),(837,1,'vi','core/base/system','error_occur','Có lỗi dưới đây','2022-09-27 01:54:14','2022-09-27 01:54:14'),(838,1,'vi','core/base/system','role_and_permission','Phân quyền hệ thống','2022-09-27 01:54:14','2022-09-27 01:54:14'),(839,1,'vi','core/base/system','role_and_permission_description','Quản lý những phân quyền trong hệ thống','2022-09-27 01:54:14','2022-09-27 01:54:14'),(840,1,'vi','core/base/system','user.list_super','Danh sách quản trị viên cấp cao','2022-09-27 01:54:14','2022-09-27 01:54:14'),(841,1,'vi','core/base/system','user.username','Tên đăng nhập','2022-09-27 01:54:14','2022-09-27 01:54:14'),(842,1,'vi','core/base/system','user.email','Email','2022-09-27 01:54:14','2022-09-27 01:54:14'),(843,1,'vi','core/base/system','user.last_login','Đăng nhập lần cuối	','2022-09-27 01:54:14','2022-09-27 01:54:14'),(844,1,'vi','core/base/system','user.add_user','Thêm quản trị viên cấp cao','2022-09-27 01:54:14','2022-09-27 01:54:14'),(845,1,'vi','core/base/system','user.cancel','Hủy bỏ','2022-09-27 01:54:14','2022-09-27 01:54:14'),(846,1,'vi','core/base/system','user.create','Thêm','2022-09-27 01:54:14','2022-09-27 01:54:14'),(847,1,'vi','core/base/system','options.features','Kiểm soát truy cập các tính năng','2022-09-27 01:54:14','2022-09-27 01:54:14'),(848,1,'vi','core/base/system','options.feature_description','Bật/tắt các tính năng.','2022-09-27 01:54:14','2022-09-27 01:54:14'),(849,1,'vi','core/base/system','options.manage_super','Quản lý quản trị viên cấp cao','2022-09-27 01:54:14','2022-09-27 01:54:14'),(850,1,'vi','core/base/system','options.manage_super_description','Thêm/xóa quản trị viên cấp cao','2022-09-27 01:54:14','2022-09-27 01:54:14'),(851,1,'vi','core/base/system','options.info','Thông tin hệ thống','2022-09-27 01:54:14','2022-09-27 01:54:14'),(852,1,'vi','core/base/system','options.info_description','Những thông tin về cấu hình hiện tại của hệ thống.','2022-09-27 01:54:14','2022-09-27 01:54:14'),(853,1,'vi','core/base/system','info.title','Thông tin hệ thống','2022-09-27 01:54:14','2022-09-27 01:54:14'),(854,1,'vi','core/base/system','info.cache','Bộ nhớ đệm','2022-09-27 01:54:14','2022-09-27 01:54:14'),(855,1,'vi','core/base/system','info.environment','Môi trường','2022-09-27 01:54:14','2022-09-27 01:54:14'),(856,1,'vi','core/base/system','info.locale','Ngôn ngữ hệ thống','2022-09-27 01:54:14','2022-09-27 01:54:14'),(857,1,'vi','core/base/system','user_management','Quản lý thành viên','2022-09-27 01:54:14','2022-09-27 01:54:14'),(858,1,'vi','core/base/system','user_management_description','Quản lý người dùng trong hệ thống','2022-09-27 01:54:14','2022-09-27 01:54:14'),(859,1,'vi','core/base/system','app_size','Kích thước ứng dụng','2022-09-27 01:54:14','2022-09-27 01:54:14'),(860,1,'vi','core/base/system','cache_dir_writable','Có thể ghi bộ nhớ đệm','2022-09-27 01:54:14','2022-09-27 01:54:14'),(861,1,'vi','core/base/system','cache_driver','Loại lưu trữ bộ nhớ đệm','2022-09-27 01:54:14','2022-09-27 01:54:14'),(862,1,'vi','core/base/system','copy_report','Sao chép báo cáo','2022-09-27 01:54:14','2022-09-27 01:54:14'),(863,1,'vi','core/base/system','curl_ext','CURL Ext','2022-09-27 01:54:14','2022-09-27 01:54:14'),(864,1,'vi','core/base/system','database','Hệ thống dữ liệu','2022-09-27 01:54:14','2022-09-27 01:54:14'),(865,1,'vi','core/base/system','debug_mode','Chế độ sửa lỗi','2022-09-27 01:54:14','2022-09-27 01:54:14'),(866,1,'vi','core/base/system','dependency_name','Tên gói','2022-09-27 01:54:14','2022-09-27 01:54:14'),(867,1,'vi','core/base/system','exif_ext','Exif Ext','2022-09-27 01:54:14','2022-09-27 01:54:14'),(868,1,'vi','core/base/system','extra_information','Thông tin mở rộng','2022-09-27 01:54:14','2022-09-27 01:54:14'),(869,1,'vi','core/base/system','extra_stats','Thống kê thêm','2022-09-27 01:54:14','2022-09-27 01:54:14'),(870,1,'vi','core/base/system','file_info_ext','File info Ext','2022-09-27 01:54:14','2022-09-27 01:54:14'),(871,1,'vi','core/base/system','framework_version','Phiên bản framework','2022-09-27 01:54:14','2022-09-27 01:54:14'),(872,1,'vi','core/base/system','get_system_report','Lấy thông tin hệ thống','2022-09-27 01:54:14','2022-09-27 01:54:14'),(873,1,'vi','core/base/system','installed_packages','Các gói đã cài đặt và phiên bản','2022-09-27 01:54:14','2022-09-27 01:54:14'),(874,1,'vi','core/base/system','mbstring_ext','Mbstring Ext','2022-09-27 01:54:14','2022-09-27 01:54:14'),(875,1,'vi','core/base/system','openssl_ext','OpenSSL Ext','2022-09-27 01:54:14','2022-09-27 01:54:14'),(876,1,'vi','core/base/system','package_name','Tên gói','2022-09-27 01:54:14','2022-09-27 01:54:14'),(877,1,'vi','core/base/system','pdo_ext','PDO Ext','2022-09-27 01:54:14','2022-09-27 01:54:14'),(878,1,'vi','core/base/system','php_version','Phiên bản PHP','2022-09-27 01:54:14','2022-09-27 01:54:14'),(879,1,'vi','core/base/system','report_description','Vui lòng chia sẻ thông tin này nhằm mục đích điều tra nguyên nhân gây lỗi','2022-09-27 01:54:14','2022-09-27 01:54:14'),(880,1,'vi','core/base/system','server_environment','Môi trường máy chủ','2022-09-27 01:54:14','2022-09-27 01:54:14'),(881,1,'vi','core/base/system','server_os','Hệ điều hành của máy chủ','2022-09-27 01:54:14','2022-09-27 01:54:14'),(882,1,'vi','core/base/system','server_software','Phần mềm','2022-09-27 01:54:14','2022-09-27 01:54:14'),(883,1,'vi','core/base/system','session_driver','Loại lưu trữ phiên làm việc','2022-09-27 01:54:14','2022-09-27 01:54:14'),(884,1,'vi','core/base/system','ssl_installed','Đã cài đặt chứng chỉ SSL','2022-09-27 01:54:14','2022-09-27 01:54:14'),(885,1,'vi','core/base/system','storage_dir_writable','Có thể lưu trữ dữ liệu tạm','2022-09-27 01:54:14','2022-09-27 01:54:14'),(886,1,'vi','core/base/system','system_environment','Môi trường hệ thống','2022-09-27 01:54:14','2022-09-27 01:54:14'),(887,1,'vi','core/base/system','timezone','Múi giờ','2022-09-27 01:54:14','2022-09-27 01:54:14'),(888,1,'vi','core/base/system','tokenizer_ext','Tokenizer Ext','2022-09-27 01:54:14','2022-09-27 01:54:14'),(889,1,'vi','core/base/system','version','Phiên bản','2022-09-27 01:54:14','2022-09-27 01:54:14'),(890,1,'vi','core/base/system','cms_version','Phiên bản CMS','2022-09-27 01:54:14','2022-09-27 01:54:14'),(891,1,'vi','core/base/system','queue_connection','Queue Connection','2022-09-27 01:54:14','2022-09-27 01:54:14'),(892,1,'vi','core/base/system','disabled_in_demo_mode','Bạn không thể thực hiện hành động này ở chế độ demo!','2022-09-27 01:54:14','2022-09-27 01:54:14'),(893,1,'vi','core/base/system','imagick_or_gd_ext','Imagick/GD Ext','2022-09-27 01:54:14','2022-09-27 01:54:14'),(894,1,'vi','core/base/system','php_version_error','Phiên bản PHP phải >= :version','2022-09-27 01:54:14','2022-09-27 01:54:14'),(895,1,'vi','core/base/system','updater','Nâng cấp hệ thống','2022-09-27 01:54:14','2022-09-27 01:54:14'),(896,1,'vi','core/base/tables','id','ID','2022-09-27 01:54:14','2022-09-27 01:54:14'),(897,1,'vi','core/base/tables','name','Tên','2022-09-27 01:54:14','2022-09-27 01:54:14'),(898,1,'vi','core/base/tables','order_by','Thứ tự','2022-09-27 01:54:14','2022-09-27 01:54:14'),(899,1,'vi','core/base/tables','status','Trạng thái','2022-09-27 01:54:14','2022-09-27 01:54:14'),(900,1,'vi','core/base/tables','created_at','Ngày tạo','2022-09-27 01:54:14','2022-09-27 01:54:14'),(901,1,'vi','core/base/tables','updated_at','Ngày cập nhật','2022-09-27 01:54:14','2022-09-27 01:54:14'),(902,1,'vi','core/base/tables','operations','Tác vụ','2022-09-27 01:54:14','2022-09-27 01:54:14'),(903,1,'vi','core/base/tables','url','URL','2022-09-27 01:54:14','2022-09-27 01:54:14'),(904,1,'vi','core/base/tables','author','Người tạo','2022-09-27 01:54:14','2022-09-27 01:54:14'),(905,1,'vi','core/base/tables','column','Cột','2022-09-27 01:54:14','2022-09-27 01:54:14'),(906,1,'vi','core/base/tables','origin','Bản cũ','2022-09-27 01:54:14','2022-09-27 01:54:14'),(907,1,'vi','core/base/tables','after_change','Sau khi thay đổi','2022-09-27 01:54:14','2022-09-27 01:54:14'),(908,1,'vi','core/base/tables','notes','Ghi chú','2022-09-27 01:54:14','2022-09-27 01:54:14'),(909,1,'vi','core/base/tables','activated','kích hoạt','2022-09-27 01:54:14','2022-09-27 01:54:14'),(910,1,'vi','core/base/tables','browser','Trình duyệt','2022-09-27 01:54:14','2022-09-27 01:54:14'),(911,1,'vi','core/base/tables','deactivated','hủy kích hoạt','2022-09-27 01:54:14','2022-09-27 01:54:14'),(912,1,'vi','core/base/tables','description','Mô tả','2022-09-27 01:54:14','2022-09-27 01:54:14'),(913,1,'vi','core/base/tables','session','Phiên','2022-09-27 01:54:14','2022-09-27 01:54:14'),(914,1,'vi','core/base/tables','views','Lượt xem','2022-09-27 01:54:14','2022-09-27 01:54:14'),(915,1,'vi','core/base/tables','restore','Khôi phục','2022-09-27 01:54:14','2022-09-27 01:54:14'),(916,1,'vi','core/base/tables','edit','Sửa','2022-09-27 01:54:14','2022-09-27 01:54:14'),(917,1,'vi','core/base/tables','delete','Xóa','2022-09-27 01:54:14','2022-09-27 01:54:14'),(918,1,'vi','core/base/tables','action','Hành động','2022-09-27 01:54:14','2022-09-27 01:54:14'),(919,1,'vi','core/base/tables','activate','Kích hoạt','2022-09-27 01:54:14','2022-09-27 01:54:14'),(920,1,'vi','core/base/tables','add_new','Thêm mới','2022-09-27 01:54:14','2022-09-27 01:54:14'),(921,1,'vi','core/base/tables','all','Tất cả','2022-09-27 01:54:14','2022-09-27 01:54:14'),(922,1,'vi','core/base/tables','cancel','Hủy bỏ','2022-09-27 01:54:14','2022-09-27 01:54:14'),(923,1,'vi','core/base/tables','confirm_delete','Xác nhận xóa','2022-09-27 01:54:14','2022-09-27 01:54:14'),(924,1,'vi','core/base/tables','confirm_delete_msg','Bạn có chắc chắn muốn xóa bản ghi này?','2022-09-27 01:54:14','2022-09-27 01:54:14'),(925,1,'vi','core/base/tables','csv','CSV','2022-09-27 01:54:14','2022-09-27 01:54:14'),(926,1,'vi','core/base/tables','deactivate','Hủy kích hoạt','2022-09-27 01:54:14','2022-09-27 01:54:14'),(927,1,'vi','core/base/tables','delete_entry','Xóa bản ghi','2022-09-27 01:54:14','2022-09-27 01:54:14'),(928,1,'vi','core/base/tables','display','Hiển thị','2022-09-27 01:54:14','2022-09-27 01:54:14'),(929,1,'vi','core/base/tables','excel','Excel','2022-09-27 01:54:14','2022-09-27 01:54:14'),(930,1,'vi','core/base/tables','export','Xuất bản','2022-09-27 01:54:14','2022-09-27 01:54:14'),(931,1,'vi','core/base/tables','in','trong tổng số','2022-09-27 01:54:14','2022-09-27 01:54:14'),(932,1,'vi','core/base/tables','no_data','Không có dữ liệu để hiển thị','2022-09-27 01:54:14','2022-09-27 01:54:14'),(933,1,'vi','core/base/tables','no_record','Không có dữ liệu','2022-09-27 01:54:14','2022-09-27 01:54:14'),(934,1,'vi','core/base/tables','pdf','PDF','2022-09-27 01:54:14','2022-09-27 01:54:14'),(935,1,'vi','core/base/tables','print','In','2022-09-27 01:54:14','2022-09-27 01:54:14'),(936,1,'vi','core/base/tables','records','bản ghi','2022-09-27 01:54:14','2022-09-27 01:54:14'),(937,1,'vi','core/base/tables','reload','Tải lại','2022-09-27 01:54:14','2022-09-27 01:54:14'),(938,1,'vi','core/base/tables','reset','Làm mới','2022-09-27 01:54:14','2022-09-27 01:54:14'),(939,1,'vi','core/base/tables','save','Lưu','2022-09-27 01:54:14','2022-09-27 01:54:14'),(940,1,'vi','core/base/tables','show_from','Hiển thị từ','2022-09-27 01:54:14','2022-09-27 01:54:14'),(941,1,'vi','core/base/tables','template','Giao diện','2022-09-27 01:54:14','2022-09-27 01:54:14'),(942,1,'vi','core/base/tables','to','đến','2022-09-27 01:54:14','2022-09-27 01:54:14'),(943,1,'vi','core/base/tables','view','Xem chi tiết','2022-09-27 01:54:14','2022-09-27 01:54:14'),(944,1,'vi','core/base/tables','email','Email','2022-09-27 01:54:14','2022-09-27 01:54:14'),(945,1,'vi','core/base/tables','image','Hình ảnh','2022-09-27 01:54:14','2022-09-27 01:54:14'),(946,1,'vi','core/base/tables','is_featured','Nổi bật','2022-09-27 01:54:14','2022-09-27 01:54:14'),(947,1,'vi','core/base/tables','last_login','Lần cuối đăng nhập','2022-09-27 01:54:14','2022-09-27 01:54:14'),(948,1,'vi','core/base/tables','order','Thứ tự','2022-09-27 01:54:14','2022-09-27 01:54:14'),(949,1,'vi','core/base/tables','shortcode','Shortcode','2022-09-27 01:54:14','2022-09-27 01:54:14'),(950,1,'vi','core/base/tables','slug','Slug','2022-09-27 01:54:14','2022-09-27 01:54:14'),(951,1,'vi','core/base/tables','title','Tiêu đề','2022-09-27 01:54:14','2022-09-27 01:54:14'),(952,1,'vi','core/base/tables','bulk_changes','Thay đổi hàng loạt','2022-09-27 01:54:14','2022-09-27 01:54:14'),(953,1,'vi','core/base/tables','confirm_delete_many_msg','Bạn có chắc chắn muốn xóa những bản ghi này?','2022-09-27 01:54:14','2022-09-27 01:54:14'),(954,1,'vi','core/base/tables','submit','Hoàn tất','2022-09-27 01:54:14','2022-09-27 01:54:14'),(955,1,'vi','core/base/tables','please_select_record','Vui lòng chọn ít nhất 1 bản ghi để thực hiện hành động này!','2022-09-27 01:54:14','2022-09-27 01:54:14'),(956,1,'vi','core/base/tabs','detail','Chi tiết','2022-09-27 01:54:14','2022-09-27 01:54:14'),(957,1,'vi','core/base/tabs','file','Tập tin','2022-09-27 01:54:14','2022-09-27 01:54:14'),(958,1,'vi','core/base/tabs','record_note','Ghi chú','2022-09-27 01:54:14','2022-09-27 01:54:14'),(959,1,'vi','core/base/tabs','revision','Lịch sử thay đổi','2022-09-27 01:54:14','2022-09-27 01:54:14'),(960,1,'en','core/dashboard/dashboard','update_position_success','Update widget position successfully!','2022-09-27 01:54:14','2022-09-27 01:54:14'),(961,1,'en','core/dashboard/dashboard','hide_success','Update widget successfully!','2022-09-27 01:54:14','2022-09-27 01:54:14'),(962,1,'en','core/dashboard/dashboard','confirm_hide','Are you sure?','2022-09-27 01:54:14','2022-09-27 01:54:14'),(963,1,'en','core/dashboard/dashboard','hide_message','Do you really want to hide this widget? It will be disappear on Dashboard!','2022-09-27 01:54:14','2022-09-27 01:54:14'),(964,1,'en','core/dashboard/dashboard','confirm_hide_btn','Yes, hide this widget','2022-09-27 01:54:14','2022-09-27 01:54:14'),(965,1,'en','core/dashboard/dashboard','cancel_hide_btn','Cancel','2022-09-27 01:54:14','2022-09-27 01:54:14'),(966,1,'en','core/dashboard/dashboard','collapse_expand','Collapse/Expand','2022-09-27 01:54:14','2022-09-27 01:54:14'),(967,1,'en','core/dashboard/dashboard','hide','Hide','2022-09-27 01:54:14','2022-09-27 01:54:14'),(968,1,'en','core/dashboard/dashboard','reload','Reload','2022-09-27 01:54:14','2022-09-27 01:54:14'),(969,1,'en','core/dashboard/dashboard','save_setting_success','Save widget settings successfully!','2022-09-27 01:54:14','2022-09-27 01:54:14'),(970,1,'en','core/dashboard/dashboard','widget_not_exists','Widget is not exits!','2022-09-27 01:54:14','2022-09-27 01:54:14'),(971,1,'en','core/dashboard/dashboard','manage_widgets','Manage Widgets','2022-09-27 01:54:14','2022-09-27 01:54:14'),(972,1,'en','core/dashboard/dashboard','fullscreen','Full screen','2022-09-27 01:54:14','2022-09-27 01:54:14'),(973,1,'en','core/dashboard/dashboard','title','Dashboard','2022-09-27 01:54:14','2022-09-27 01:54:14'),(974,1,'en','core/dashboard/dashboard','predefined_ranges.today','Today','2022-09-27 01:54:14','2022-09-27 01:54:14'),(975,1,'en','core/dashboard/dashboard','predefined_ranges.yesterday','Yesterday','2022-09-27 01:54:14','2022-09-27 01:54:14'),(976,1,'en','core/dashboard/dashboard','predefined_ranges.this_week','This Week','2022-09-27 01:54:14','2022-09-27 01:54:14'),(977,1,'en','core/dashboard/dashboard','predefined_ranges.last_7_days','Last 7 Days','2022-09-27 01:54:14','2022-09-27 01:54:14'),(978,1,'en','core/dashboard/dashboard','predefined_ranges.this_month','This Month','2022-09-27 01:54:14','2022-09-27 01:54:14'),(979,1,'en','core/dashboard/dashboard','predefined_ranges.last_30_days','Last 30 Days','2022-09-27 01:54:14','2022-09-27 01:54:14'),(980,1,'en','core/dashboard/dashboard','predefined_ranges.this_year','This Year','2022-09-27 01:54:14','2022-09-27 01:54:14'),(981,1,'vi','core/dashboard/dashboard','cancel_hide_btn','Hủy bỏ','2022-09-27 01:54:14','2022-09-27 01:54:14'),(982,1,'vi','core/dashboard/dashboard','collapse_expand','Mở rộng','2022-09-27 01:54:14','2022-09-27 01:54:14'),(983,1,'vi','core/dashboard/dashboard','confirm_hide','Bạn có chắc?','2022-09-27 01:54:14','2022-09-27 01:54:14'),(984,1,'vi','core/dashboard/dashboard','confirm_hide_btn','Vâng, ẩn tiện ích này','2022-09-27 01:54:14','2022-09-27 01:54:14'),(985,1,'vi','core/dashboard/dashboard','hide','Ẩn','2022-09-27 01:54:14','2022-09-27 01:54:14'),(986,1,'vi','core/dashboard/dashboard','hide_message','Bạn có chắc chắn muốn ẩn tiện ích này? Nó sẽ không được hiển thị trên trang chủ nữa!','2022-09-27 01:54:14','2022-09-27 01:54:14'),(987,1,'vi','core/dashboard/dashboard','hide_success','Ẩn tiện ích thành công!','2022-09-27 01:54:14','2022-09-27 01:54:14'),(988,1,'vi','core/dashboard/dashboard','manage_widgets','Quản lý tiện ích','2022-09-27 01:54:14','2022-09-27 01:54:14'),(989,1,'vi','core/dashboard/dashboard','reload','Làm mới','2022-09-27 01:54:14','2022-09-27 01:54:14'),(990,1,'vi','core/dashboard/dashboard','save_setting_success','Lưu tiện ích thành công','2022-09-27 01:54:14','2022-09-27 01:54:14'),(991,1,'vi','core/dashboard/dashboard','update_position_success','Cập nhật vị trí tiện ích thành công!','2022-09-27 01:54:14','2022-09-27 01:54:14'),(992,1,'vi','core/dashboard/dashboard','widget_not_exists','Tiện ích này không tồn tại!','2022-09-27 01:54:14','2022-09-27 01:54:14'),(993,1,'vi','core/dashboard/dashboard','fullscreen','Toàn màn hình','2022-09-27 01:54:14','2022-09-27 01:54:14'),(994,1,'vi','core/dashboard/dashboard','title','Trang quản trị','2022-09-27 01:54:14','2022-09-27 01:54:14'),(995,1,'en','core/media/media','filter','Filter','2022-09-27 01:54:14','2022-09-27 01:54:14'),(996,1,'en','core/media/media','everything','Everything','2022-09-27 01:54:14','2022-09-27 01:54:14'),(997,1,'en','core/media/media','image','Image','2022-09-27 01:54:14','2022-09-27 01:54:14'),(998,1,'en','core/media/media','video','Video','2022-09-27 01:54:14','2022-09-27 01:54:14'),(999,1,'en','core/media/media','document','Document','2022-09-27 01:54:14','2022-09-27 01:54:14'),(1000,1,'en','core/media/media','view_in','View in','2022-09-27 01:54:14','2022-09-27 01:54:14'),(1001,1,'en','core/media/media','all_media','All media','2022-09-27 01:54:14','2022-09-27 01:54:14'),(1002,1,'en','core/media/media','trash','Trash','2022-09-27 01:54:14','2022-09-27 01:54:14'),(1003,1,'en','core/media/media','recent','Recent','2022-09-27 01:54:14','2022-09-27 01:54:14'),(1004,1,'en','core/media/media','favorites','Favorites','2022-09-27 01:54:14','2022-09-27 01:54:14'),(1005,1,'en','core/media/media','upload','Upload','2022-09-27 01:54:14','2022-09-27 01:54:14'),(1006,1,'en','core/media/media','create_folder','Create folder','2022-09-27 01:54:14','2022-09-27 01:54:14'),(1007,1,'en','core/media/media','refresh','Refresh','2022-09-27 01:54:14','2022-09-27 01:54:14'),(1008,1,'en','core/media/media','empty_trash','Empty trash','2022-09-27 01:54:14','2022-09-27 01:54:14'),(1009,1,'en','core/media/media','search_file_and_folder','Search in current folder','2022-09-27 01:54:14','2022-09-27 01:54:14'),(1010,1,'en','core/media/media','sort','Sort','2022-09-27 01:54:14','2022-09-27 01:54:14'),(1011,1,'en','core/media/media','file_name_asc','File name - ASC','2022-09-27 01:54:14','2022-09-27 01:54:14'),(1012,1,'en','core/media/media','file_name_desc','File name - DESC','2022-09-27 01:54:14','2022-09-27 01:54:14'),(1013,1,'en','core/media/media','uploaded_date_asc','Uploaded date - ASC','2022-09-27 01:54:14','2022-09-27 01:54:14'),(1014,1,'en','core/media/media','uploaded_date_desc','Uploaded date - DESC','2022-09-27 01:54:14','2022-09-27 01:54:14'),(1015,1,'en','core/media/media','size_asc','Size - ASC','2022-09-27 01:54:14','2022-09-27 01:54:14'),(1016,1,'en','core/media/media','size_desc','Size - DESC','2022-09-27 01:54:14','2022-09-27 01:54:14'),(1017,1,'en','core/media/media','actions','Actions','2022-09-27 01:54:14','2022-09-27 01:54:14'),(1018,1,'en','core/media/media','nothing_is_selected','Nothing is selected','2022-09-27 01:54:14','2022-09-27 01:54:14'),(1019,1,'en','core/media/media','insert','Insert','2022-09-27 01:54:14','2022-09-27 01:54:14'),(1020,1,'en','core/media/media','folder_name','Folder name','2022-09-27 01:54:14','2022-09-27 01:54:14'),(1021,1,'en','core/media/media','create','Create','2022-09-27 01:54:14','2022-09-27 01:54:14'),(1022,1,'en','core/media/media','rename','Rename','2022-09-27 01:54:14','2022-09-27 01:54:14'),(1023,1,'en','core/media/media','close','Close','2022-09-27 01:54:14','2022-09-27 01:54:14'),(1024,1,'en','core/media/media','save_changes','Save changes','2022-09-27 01:54:14','2022-09-27 01:54:14'),(1025,1,'en','core/media/media','move_to_trash','Move items to trash','2022-09-27 01:54:14','2022-09-27 01:54:14'),(1026,1,'en','core/media/media','confirm_trash','Are you sure you want to move these items to trash?','2022-09-27 01:54:14','2022-09-27 01:54:14'),(1027,1,'en','core/media/media','confirm','Confirm','2022-09-27 01:54:14','2022-09-27 01:54:14'),(1028,1,'en','core/media/media','confirm_delete','Delete item(s)','2022-09-27 01:54:14','2022-09-27 01:54:14'),(1029,1,'en','core/media/media','confirm_delete_description','Your request cannot rollback. Are you sure you wanna delete these items?','2022-09-27 01:54:14','2022-09-27 01:54:14'),(1030,1,'en','core/media/media','empty_trash_title','Empty trash','2022-09-27 01:54:14','2022-09-27 01:54:14'),(1031,1,'en','core/media/media','empty_trash_description','Your request cannot rollback. Are you sure you wanna remove all items in trash?','2022-09-27 01:54:14','2022-09-27 01:54:14'),(1032,1,'en','core/media/media','up_level','Up one level','2022-09-27 01:54:14','2022-09-27 01:54:14'),(1033,1,'en','core/media/media','upload_progress','Upload progress','2022-09-27 01:54:14','2022-09-27 01:54:14'),(1034,1,'en','core/media/media','folder_created','Folder is created successfully!','2022-09-27 01:54:14','2022-09-27 01:54:14'),(1035,1,'en','core/media/media','gallery','Media gallery','2022-09-27 01:54:14','2022-09-27 01:54:14'),(1036,1,'en','core/media/media','trash_error','Error when delete selected item(s)','2022-09-27 01:54:14','2022-09-27 01:54:14'),(1037,1,'en','core/media/media','trash_success','Moved selected item(s) to trash successfully!','2022-09-27 01:54:14','2022-09-27 01:54:14'),(1038,1,'en','core/media/media','restore_error','Error when restore selected item(s)','2022-09-27 01:54:14','2022-09-27 01:54:14'),(1039,1,'en','core/media/media','restore_success','Restore selected item(s) successfully!','2022-09-27 01:54:14','2022-09-27 01:54:14'),(1040,1,'en','core/media/media','copy_success','Copied selected item(s) successfully!','2022-09-27 01:54:14','2022-09-27 01:54:14'),(1041,1,'en','core/media/media','delete_success','Deleted selected item(s) successfully!','2022-09-27 01:54:14','2022-09-27 01:54:14'),(1042,1,'en','core/media/media','favorite_success','Favorite selected item(s) successfully!','2022-09-27 01:54:14','2022-09-27 01:54:14'),(1043,1,'en','core/media/media','remove_favorite_success','Remove selected item(s) from favorites successfully!','2022-09-27 01:54:14','2022-09-27 01:54:14'),(1044,1,'en','core/media/media','rename_error','Error when rename item(s)','2022-09-27 01:54:14','2022-09-27 01:54:14'),(1045,1,'en','core/media/media','rename_success','Rename selected item(s) successfully!','2022-09-27 01:54:14','2022-09-27 01:54:14'),(1046,1,'en','core/media/media','empty_trash_success','Empty trash successfully!','2022-09-27 01:54:14','2022-09-27 01:54:14'),(1047,1,'en','core/media/media','invalid_action','Invalid action!','2022-09-27 01:54:14','2022-09-27 01:54:14'),(1048,1,'en','core/media/media','file_not_exists','File is not exists!','2022-09-27 01:54:14','2022-09-27 01:54:14'),(1049,1,'en','core/media/media','download_file_error','Error when downloading files!','2022-09-27 01:54:14','2022-09-27 01:54:14'),(1050,1,'en','core/media/media','missing_zip_archive_extension','Please enable ZipArchive extension to download file!','2022-09-27 01:54:14','2022-09-27 01:54:14'),(1051,1,'en','core/media/media','can_not_download_file','Can not download this file!','2022-09-27 01:54:14','2022-09-27 01:54:14'),(1052,1,'en','core/media/media','invalid_request','Invalid request!','2022-09-27 01:54:14','2022-09-27 01:54:14'),(1053,1,'en','core/media/media','add_success','Add item successfully!','2022-09-27 01:54:14','2022-09-27 01:54:14'),(1054,1,'en','core/media/media','file_too_big','File too big. Max file upload is :size bytes','2022-09-27 01:54:14','2022-09-27 01:54:14'),(1055,1,'en','core/media/media','can_not_detect_file_type','File type is not allowed or can not detect file type!','2022-09-27 01:54:14','2022-09-27 01:54:14'),(1056,1,'en','core/media/media','upload_failed','The file is NOT uploaded completely. The server allows max upload file size is :size . Please check your file size OR try to upload again in case of having network errors','2022-09-27 01:54:14','2022-09-27 01:54:14'),(1057,1,'en','core/media/media','menu_name','Media','2022-09-27 01:54:14','2022-09-27 01:54:14'),(1058,1,'en','core/media/media','add','Add media','2022-09-27 01:54:14','2022-09-27 01:54:14'),(1059,1,'en','core/media/media','javascript.name','Name','2022-09-27 01:54:14','2022-09-27 01:54:14'),(1060,1,'en','core/media/media','javascript.url','URL','2022-09-27 01:54:14','2022-09-27 01:54:14'),(1061,1,'en','core/media/media','javascript.full_url','Full URL','2022-09-27 01:54:14','2022-09-27 01:54:14'),(1062,1,'en','core/media/media','javascript.size','Size','2022-09-27 01:54:14','2022-09-27 01:54:14'),(1063,1,'en','core/media/media','javascript.mime_type','Type','2022-09-27 01:54:14','2022-09-27 01:54:14'),(1064,1,'en','core/media/media','javascript.created_at','Uploaded at','2022-09-27 01:54:14','2022-09-27 01:54:14'),(1065,1,'en','core/media/media','javascript.updated_at','Modified at','2022-09-27 01:54:14','2022-09-27 01:54:14'),(1066,1,'en','core/media/media','javascript.nothing_selected','Nothing is selected','2022-09-27 01:54:14','2022-09-27 01:54:14'),(1067,1,'en','core/media/media','javascript.visit_link','Open link','2022-09-27 01:54:14','2022-09-27 01:54:14'),(1068,1,'en','core/media/media','javascript.no_item.all_media.icon','fas fa-cloud-upload-alt','2022-09-27 01:54:14','2022-09-27 01:54:14'),(1069,1,'en','core/media/media','javascript.no_item.all_media.title','Drop files and folders here','2022-09-27 01:54:14','2022-09-27 01:54:14'),(1070,1,'en','core/media/media','javascript.no_item.all_media.message','Or use the upload button above','2022-09-27 01:54:14','2022-09-27 01:54:14'),(1071,1,'en','core/media/media','javascript.no_item.trash.icon','fas fa-trash-alt','2022-09-27 01:54:14','2022-09-27 01:54:14'),(1072,1,'en','core/media/media','javascript.no_item.trash.title','There is nothing in your trash currently','2022-09-27 01:54:14','2022-09-27 01:54:14'),(1073,1,'en','core/media/media','javascript.no_item.trash.message','Delete files to move them to trash automatically. Delete files from trash to remove them permanently','2022-09-27 01:54:14','2022-09-27 01:54:14'),(1074,1,'en','core/media/media','javascript.no_item.favorites.icon','fas fa-star','2022-09-27 01:54:14','2022-09-27 01:54:14'),(1075,1,'en','core/media/media','javascript.no_item.favorites.title','You have not added anything to your favorites yet','2022-09-27 01:54:14','2022-09-27 01:54:14'),(1076,1,'en','core/media/media','javascript.no_item.favorites.message','Add files to favorites to easily find them later','2022-09-27 01:54:14','2022-09-27 01:54:14'),(1077,1,'en','core/media/media','javascript.no_item.recent.icon','far fa-clock','2022-09-27 01:54:14','2022-09-27 01:54:14'),(1078,1,'en','core/media/media','javascript.no_item.recent.title','You did not opened anything yet','2022-09-27 01:54:14','2022-09-27 01:54:14'),(1079,1,'en','core/media/media','javascript.no_item.recent.message','All recent files that you opened will be appeared here','2022-09-27 01:54:14','2022-09-27 01:54:14'),(1080,1,'en','core/media/media','javascript.no_item.default.icon','fas fa-sync','2022-09-27 01:54:14','2022-09-27 01:54:14'),(1081,1,'en','core/media/media','javascript.no_item.default.title','No items','2022-09-27 01:54:14','2022-09-27 01:54:14'),(1082,1,'en','core/media/media','javascript.no_item.default.message','This directory has no item','2022-09-27 01:54:14','2022-09-27 01:54:14'),(1083,1,'en','core/media/media','javascript.clipboard.success','These file links has been copied to clipboard','2022-09-27 01:54:14','2022-09-27 01:54:14'),(1084,1,'en','core/media/media','javascript.message.error_header','Error','2022-09-27 01:54:14','2022-09-27 01:54:14'),(1085,1,'en','core/media/media','javascript.message.success_header','Success','2022-09-27 01:54:14','2022-09-27 01:54:14'),(1086,1,'en','core/media/media','javascript.download.error','No files selected or cannot download these files','2022-09-27 01:54:14','2022-09-27 01:54:14'),(1087,1,'en','core/media/media','javascript.actions_list.basic.preview','Preview','2022-09-27 01:54:14','2022-09-27 01:54:14'),(1088,1,'en','core/media/media','javascript.actions_list.file.copy_link','Copy link','2022-09-27 01:54:14','2022-09-27 01:54:14'),(1089,1,'en','core/media/media','javascript.actions_list.file.rename','Rename','2022-09-27 01:54:14','2022-09-27 01:54:14'),(1090,1,'en','core/media/media','javascript.actions_list.file.make_copy','Make a copy','2022-09-27 01:54:14','2022-09-27 01:54:14'),(1091,1,'en','core/media/media','javascript.actions_list.user.favorite','Add to favorite','2022-09-27 01:54:14','2022-09-27 01:54:14'),(1092,1,'en','core/media/media','javascript.actions_list.user.remove_favorite','Remove favorite','2022-09-27 01:54:14','2022-09-27 01:54:14'),(1093,1,'en','core/media/media','javascript.actions_list.other.download','Download','2022-09-27 01:54:14','2022-09-27 01:54:14'),(1094,1,'en','core/media/media','javascript.actions_list.other.trash','Move to trash','2022-09-27 01:54:14','2022-09-27 01:54:14'),(1095,1,'en','core/media/media','javascript.actions_list.other.delete','Delete permanently','2022-09-27 01:54:14','2022-09-27 01:54:14'),(1096,1,'en','core/media/media','javascript.actions_list.other.restore','Restore','2022-09-27 01:54:14','2022-09-27 01:54:14'),(1097,1,'en','core/media/media','javascript.change_image','Change image','2022-09-27 01:54:14','2022-09-27 01:54:14'),(1098,1,'en','core/media/media','javascript.delete_image','Delete image','2022-09-27 01:54:14','2022-09-27 01:54:14'),(1099,1,'en','core/media/media','javascript.choose_image','Choose image','2022-09-27 01:54:14','2022-09-27 01:54:14'),(1100,1,'en','core/media/media','javascript.preview_image','Preview image','2022-09-27 01:54:14','2022-09-27 01:54:14'),(1101,1,'en','core/media/media','name_invalid','The folder name has invalid character(s).','2022-09-27 01:54:14','2022-09-27 01:54:14'),(1102,1,'en','core/media/media','url_invalid','Please provide a valid URL','2022-09-27 01:54:14','2022-09-27 01:54:14'),(1103,1,'en','core/media/media','path_invalid','Please provide a valid path','2022-09-27 01:54:14','2022-09-27 01:54:14'),(1104,1,'en','core/media/media','download_link','Download','2022-09-27 01:54:14','2022-09-27 01:54:14'),(1105,1,'en','core/media/media','url','URL','2022-09-27 01:54:14','2022-09-27 01:54:14'),(1106,1,'en','core/media/media','download_explain','Enter one URL per line.','2022-09-27 01:54:14','2022-09-27 01:54:14'),(1107,1,'en','core/media/media','downloading','Downloading...','2022-09-27 01:54:14','2022-09-27 01:54:14'),(1108,1,'vi','core/media/media','filter','Lọc','2022-09-27 01:54:14','2022-09-27 01:54:14'),(1109,1,'vi','core/media/media','everything','Tất cả','2022-09-27 01:54:14','2022-09-27 01:54:14'),(1110,1,'vi','core/media/media','image','Hình ảnh','2022-09-27 01:54:14','2022-09-27 01:54:14'),(1111,1,'vi','core/media/media','video','Phim','2022-09-27 01:54:14','2022-09-27 01:54:14'),(1112,1,'vi','core/media/media','document','Tài liệu','2022-09-27 01:54:14','2022-09-27 01:54:14'),(1113,1,'vi','core/media/media','view_in','Chế độ xem','2022-09-27 01:54:14','2022-09-27 01:54:14'),(1114,1,'vi','core/media/media','all_media','Tất cả tập tin','2022-09-27 01:54:14','2022-09-27 01:54:14'),(1115,1,'vi','core/media/media','trash','Thùng rác','2022-09-27 01:54:14','2022-09-27 01:54:14'),(1116,1,'vi','core/media/media','recent','Gần đây','2022-09-27 01:54:14','2022-09-27 01:54:14'),(1117,1,'vi','core/media/media','favorites','Được gắn dấu sao','2022-09-27 01:54:14','2022-09-27 01:54:14'),(1118,1,'vi','core/media/media','upload','Tải lên','2022-09-27 01:54:14','2022-09-27 01:54:14'),(1119,1,'vi','core/media/media','create_folder','Tạo thư mục','2022-09-27 01:54:14','2022-09-27 01:54:14'),(1120,1,'vi','core/media/media','refresh','Làm mới','2022-09-27 01:54:14','2022-09-27 01:54:14'),(1121,1,'vi','core/media/media','empty_trash','Dọn thùng rác','2022-09-27 01:54:14','2022-09-27 01:54:14'),(1122,1,'vi','core/media/media','search_file_and_folder','Tìm kiếm tập tin và thư mục','2022-09-27 01:54:14','2022-09-27 01:54:14'),(1123,1,'vi','core/media/media','sort','Sắp xếp','2022-09-27 01:54:14','2022-09-27 01:54:14'),(1124,1,'vi','core/media/media','file_name_asc','Tên tập tin - ASC','2022-09-27 01:54:14','2022-09-27 01:54:14'),(1125,1,'vi','core/media/media','file_name_desc','Tên tập tin - DESC','2022-09-27 01:54:14','2022-09-27 01:54:14'),(1126,1,'vi','core/media/media','uploaded_date_asc','Ngày tải lên - ASC','2022-09-27 01:54:14','2022-09-27 01:54:14'),(1127,1,'vi','core/media/media','uploaded_date_desc','Ngày tải lên - DESC','2022-09-27 01:54:14','2022-09-27 01:54:14'),(1128,1,'vi','core/media/media','size_asc','Kích thước - ASC','2022-09-27 01:54:14','2022-09-27 01:54:14'),(1129,1,'vi','core/media/media','size_desc','Kích thước - DESC','2022-09-27 01:54:14','2022-09-27 01:54:14'),(1130,1,'vi','core/media/media','actions','Hành động','2022-09-27 01:54:14','2022-09-27 01:54:14'),(1131,1,'vi','core/media/media','nothing_is_selected','Không có tập tin nào được chọn','2022-09-27 01:54:14','2022-09-27 01:54:14'),(1132,1,'vi','core/media/media','insert','Chèn','2022-09-27 01:54:14','2022-09-27 01:54:14'),(1133,1,'vi','core/media/media','folder_name','Tên thư mục','2022-09-27 01:54:14','2022-09-27 01:54:14'),(1134,1,'vi','core/media/media','create','Tạo','2022-09-27 01:54:14','2022-09-27 01:54:14'),(1135,1,'vi','core/media/media','rename','Đổi tên','2022-09-27 01:54:14','2022-09-27 01:54:14'),(1136,1,'vi','core/media/media','close','Đóng','2022-09-27 01:54:14','2022-09-27 01:54:14'),(1137,1,'vi','core/media/media','save_changes','Lưu thay đổi','2022-09-27 01:54:14','2022-09-27 01:54:14'),(1138,1,'vi','core/media/media','move_to_trash','Đưa vào thùng rác','2022-09-27 01:54:14','2022-09-27 01:54:14'),(1139,1,'vi','core/media/media','confirm_trash','Bạn có chắc chắn muốn bỏ những tập tin này vào thùng rác?','2022-09-27 01:54:14','2022-09-27 01:54:14'),(1140,1,'vi','core/media/media','confirm','Xác nhận','2022-09-27 01:54:14','2022-09-27 01:54:14'),(1141,1,'vi','core/media/media','confirm_delete','Xóa tập tin','2022-09-27 01:54:14','2022-09-27 01:54:14'),(1142,1,'vi','core/media/media','confirm_delete_description','Hành động này không thể khôi phục. Bạn có chắc chắn muốn xóa các tập tin này?','2022-09-27 01:54:14','2022-09-27 01:54:14'),(1143,1,'vi','core/media/media','empty_trash_title','Dọn sạch thùng rác','2022-09-27 01:54:14','2022-09-27 01:54:14'),(1144,1,'vi','core/media/media','empty_trash_description','Hành động này không thể khôi phục. Bạn có chắc chắn muốn dọn sạch thùng rác?','2022-09-27 01:54:14','2022-09-27 01:54:14'),(1145,1,'vi','core/media/media','up_level','Quay lại một cấp','2022-09-27 01:54:14','2022-09-27 01:54:14'),(1146,1,'vi','core/media/media','upload_progress','Tiến trình tải lên','2022-09-27 01:54:14','2022-09-27 01:54:14'),(1147,1,'vi','core/media/media','folder_created','Tạo thư mục thành công!','2022-09-27 01:54:14','2022-09-27 01:54:14'),(1148,1,'vi','core/media/media','gallery','Thư viện tập tin','2022-09-27 01:54:14','2022-09-27 01:54:14'),(1149,1,'vi','core/media/media','trash_error','Có lỗi khi xóa tập tin/thư mục','2022-09-27 01:54:14','2022-09-27 01:54:14'),(1150,1,'vi','core/media/media','trash_success','Xóa tập tin/thư mục thành công!','2022-09-27 01:54:14','2022-09-27 01:54:14'),(1151,1,'vi','core/media/media','restore_error','Có lỗi trong quá trình khôi phục','2022-09-27 01:54:14','2022-09-27 01:54:14'),(1152,1,'vi','core/media/media','restore_success','Khôi phục thành công!','2022-09-27 01:54:14','2022-09-27 01:54:14'),(1153,1,'vi','core/media/media','copy_success','Sao chép thành công!','2022-09-27 01:54:14','2022-09-27 01:54:14'),(1154,1,'vi','core/media/media','delete_success','Xóa thành công!','2022-09-27 01:54:14','2022-09-27 01:54:14'),(1155,1,'vi','core/media/media','favorite_success','Thêm dấu sao thành công!','2022-09-27 01:54:14','2022-09-27 01:54:14'),(1156,1,'vi','core/media/media','remove_favorite_success','Bỏ dấu sao thành công!','2022-09-27 01:54:14','2022-09-27 01:54:14'),(1157,1,'vi','core/media/media','rename_error','Có lỗi trong quá trình đổi tên','2022-09-27 01:54:14','2022-09-27 01:54:14'),(1158,1,'vi','core/media/media','rename_success','Đổi tên thành công!','2022-09-27 01:54:14','2022-09-27 01:54:14'),(1159,1,'vi','core/media/media','invalid_action','Hành động không hợp lệ!','2022-09-27 01:54:14','2022-09-27 01:54:14'),(1160,1,'vi','core/media/media','file_not_exists','Tập tin không tồn tại!','2022-09-27 01:54:14','2022-09-27 01:54:14'),(1161,1,'vi','core/media/media','download_file_error','Có lỗi trong quá trình tải xuống tập tin!','2022-09-27 01:54:14','2022-09-27 01:54:14'),(1162,1,'vi','core/media/media','missing_zip_archive_extension','Hãy bật ZipArchive extension để tải tập tin!','2022-09-27 01:54:14','2022-09-27 01:54:14'),(1163,1,'vi','core/media/media','can_not_download_file','Không thể tải tập tin!','2022-09-27 01:54:14','2022-09-27 01:54:14'),(1164,1,'vi','core/media/media','invalid_request','Yêu cầu không hợp lệ!','2022-09-27 01:54:14','2022-09-27 01:54:14'),(1165,1,'vi','core/media/media','add_success','Thêm thành công!','2022-09-27 01:54:14','2022-09-27 01:54:14'),(1166,1,'vi','core/media/media','file_too_big','Tập tin quá lớn. Giới hạn tải lên là :size bytes','2022-09-27 01:54:14','2022-09-27 01:54:14'),(1167,1,'vi','core/media/media','can_not_detect_file_type','Loại tập tin không hợp lệ hoặc không thể xác định loại tập tin!','2022-09-27 01:54:14','2022-09-27 01:54:14'),(1168,1,'vi','core/media/media','upload_failed','The file is NOT uploaded completely. The server allows max upload file size is :size . Please check your file size OR try to upload again in case of having network errors','2022-09-27 01:54:14','2022-09-27 01:54:14'),(1169,1,'vi','core/media/media','menu_name','Quản lý tập tin','2022-09-27 01:54:14','2022-09-27 01:54:14'),(1170,1,'vi','core/media/media','add','Thêm tập tin','2022-09-27 01:54:14','2022-09-27 01:54:14'),(1171,1,'vi','core/media/media','javascript.name','Tên','2022-09-27 01:54:14','2022-09-27 01:54:14'),(1172,1,'vi','core/media/media','javascript.url','Đường dẫn','2022-09-27 01:54:14','2022-09-27 01:54:14'),(1173,1,'vi','core/media/media','javascript.full_url','Đường dẫn tuyệt đối','2022-09-27 01:54:14','2022-09-27 01:54:14'),(1174,1,'vi','core/media/media','javascript.size','Kích thước','2022-09-27 01:54:14','2022-09-27 01:54:14'),(1175,1,'vi','core/media/media','javascript.mime_type','Loại','2022-09-27 01:54:14','2022-09-27 01:54:14'),(1176,1,'vi','core/media/media','javascript.created_at','Được tải lên lúc','2022-09-27 01:54:14','2022-09-27 01:54:14'),(1177,1,'vi','core/media/media','javascript.updated_at','Được chỉnh sửa lúc','2022-09-27 01:54:14','2022-09-27 01:54:14'),(1178,1,'vi','core/media/media','javascript.nothing_selected','Bạn chưa chọn tập tin nào','2022-09-27 01:54:14','2022-09-27 01:54:14'),(1179,1,'vi','core/media/media','javascript.visit_link','Mở liên kết','2022-09-27 01:54:14','2022-09-27 01:54:14'),(1180,1,'vi','core/media/media','javascript.no_item.all_media.icon','fas fa-cloud-upload-alt','2022-09-27 01:54:14','2022-09-27 01:54:14'),(1181,1,'vi','core/media/media','javascript.no_item.all_media.title','Bạn có thể kéo thả tập tin vào đây để tải lên','2022-09-27 01:54:14','2022-09-27 01:54:14'),(1182,1,'vi','core/media/media','javascript.no_item.all_media.message','Hoặc có thể bấm nút Tải lên ở phía trên','2022-09-27 01:54:14','2022-09-27 01:54:14'),(1183,1,'vi','core/media/media','javascript.no_item.trash.icon','fas fa-trash-alt','2022-09-27 01:54:14','2022-09-27 01:54:14'),(1184,1,'vi','core/media/media','javascript.no_item.trash.title','Hiện tại không có tập tin nào trong thùng rác','2022-09-27 01:54:14','2022-09-27 01:54:14'),(1185,1,'vi','core/media/media','javascript.no_item.trash.message','Xóa tập tin sẽ đem tập tin lưu vào thùng rác. Xóa tập tin trong thùng rác sẽ xóa vĩnh viễn.','2022-09-27 01:54:14','2022-09-27 01:54:14'),(1186,1,'vi','core/media/media','javascript.no_item.favorites.icon','fas fa-star','2022-09-27 01:54:14','2022-09-27 01:54:14'),(1187,1,'vi','core/media/media','javascript.no_item.favorites.title','Bạn chưa đặt tập tin nào vào mục yêu thích','2022-09-27 01:54:14','2022-09-27 01:54:14'),(1188,1,'vi','core/media/media','javascript.no_item.favorites.message','Thêm tập tin vào mục yêu thích để tìm kiếm chúng dễ dàng sau này.','2022-09-27 01:54:14','2022-09-27 01:54:14'),(1189,1,'vi','core/media/media','javascript.no_item.recent.icon','far fa-clock','2022-09-27 01:54:14','2022-09-27 01:54:14'),(1190,1,'vi','core/media/media','javascript.no_item.recent.title','Bạn chưa mở tập tin nào.','2022-09-27 01:54:14','2022-09-27 01:54:14'),(1191,1,'vi','core/media/media','javascript.no_item.recent.message','Mục này hiển thị các tập tin bạn đã xem gần đây.','2022-09-27 01:54:14','2022-09-27 01:54:14'),(1192,1,'vi','core/media/media','javascript.no_item.default.icon','fas fa-sync','2022-09-27 01:54:14','2022-09-27 01:54:14'),(1193,1,'vi','core/media/media','javascript.no_item.default.title','Thư mục trống','2022-09-27 01:54:14','2022-09-27 01:54:14'),(1194,1,'vi','core/media/media','javascript.no_item.default.message','Thư mục này chưa có tập tin nào','2022-09-27 01:54:14','2022-09-27 01:54:14'),(1195,1,'vi','core/media/media','javascript.clipboard.success','Đường dẫn của các tập tin đã được sao chép vào clipboard','2022-09-27 01:54:14','2022-09-27 01:54:14'),(1196,1,'vi','core/media/media','javascript.message.error_header','Lỗi','2022-09-27 01:54:14','2022-09-27 01:54:14'),(1197,1,'vi','core/media/media','javascript.message.success_header','Thành công','2022-09-27 01:54:14','2022-09-27 01:54:14'),(1198,1,'vi','core/media/media','javascript.download.error','Bạn chưa chọn tập tin nào hoặc tập tin này không cho phép tải về','2022-09-27 01:54:14','2022-09-27 01:54:14'),(1199,1,'vi','core/media/media','javascript.actions_list.basic.preview','Xem trước','2022-09-27 01:54:14','2022-09-27 01:54:14'),(1200,1,'vi','core/media/media','javascript.actions_list.file.copy_link','Sao chép đường dẫn','2022-09-27 01:54:14','2022-09-27 01:54:14'),(1201,1,'vi','core/media/media','javascript.actions_list.file.rename','Đổi tên','2022-09-27 01:54:14','2022-09-27 01:54:14'),(1202,1,'vi','core/media/media','javascript.actions_list.file.make_copy','Nhân bản','2022-09-27 01:54:14','2022-09-27 01:54:14'),(1203,1,'vi','core/media/media','javascript.actions_list.user.favorite','Yêu thích','2022-09-27 01:54:14','2022-09-27 01:54:14'),(1204,1,'vi','core/media/media','javascript.actions_list.user.remove_favorite','Xóa khỏi mục yêu thích','2022-09-27 01:54:14','2022-09-27 01:54:14'),(1205,1,'vi','core/media/media','javascript.actions_list.other.download','Tải xuống','2022-09-27 01:54:14','2022-09-27 01:54:14'),(1206,1,'vi','core/media/media','javascript.actions_list.other.trash','Chuyển vào thùng rác','2022-09-27 01:54:14','2022-09-27 01:54:14'),(1207,1,'vi','core/media/media','javascript.actions_list.other.delete','Xóa hoàn toàn','2022-09-27 01:54:14','2022-09-27 01:54:14'),(1208,1,'vi','core/media/media','javascript.actions_list.other.restore','Khôi phục','2022-09-27 01:54:14','2022-09-27 01:54:14'),(1209,1,'vi','core/media/media','empty_trash_success','Dọn sạch thùng rác thành công','2022-09-27 01:54:14','2022-09-27 01:54:14'),(1210,1,'vi','core/media/media','name_invalid','Tên thư mục chứa ký tự không hợp lệ','2022-09-27 01:54:14','2022-09-27 01:54:14'),(1211,1,'vi','core/media/media','path_invalid','Vui lòng cung cấp 1 đường dẫn hợp lệ','2022-09-27 01:54:14','2022-09-27 01:54:14'),(1212,1,'vi','core/media/media','url_invalid','Vui lòng cung cấp 1 đường dẫn hợp lệ','2022-09-27 01:54:14','2022-09-27 01:54:14'),(1213,1,'vi','core/media/media','download_explain','Mỗi URL trên 1 dòng','2022-09-27 01:54:14','2022-09-27 01:54:14'),(1214,1,'vi','core/media/media','download_link','Tải xuống','2022-09-27 01:54:14','2022-09-27 01:54:14'),(1215,1,'vi','core/media/media','downloading','Đang tải xuống','2022-09-27 01:54:14','2022-09-27 01:54:14'),(1216,1,'en','core/setting/setting','title','Settings','2022-09-27 01:54:14','2022-09-27 01:54:14'),(1217,1,'en','core/setting/setting','email_setting_title','Email settings','2022-09-27 01:54:14','2022-09-27 01:54:14'),(1218,1,'en','core/setting/setting','general.theme','Theme','2022-09-27 01:54:14','2022-09-27 01:54:14'),(1219,1,'en','core/setting/setting','general.description','Setting site information','2022-09-27 01:54:14','2022-09-27 01:54:14'),(1220,1,'en','core/setting/setting','general.title','General','2022-09-27 01:54:14','2022-09-27 01:54:14'),(1221,1,'en','core/setting/setting','general.general_block','General Information','2022-09-27 01:54:14','2022-09-27 01:54:14'),(1222,1,'en','core/setting/setting','general.rich_editor','Rich Editor','2022-09-27 01:54:14','2022-09-27 01:54:14'),(1223,1,'en','core/setting/setting','general.site_title','Site title','2022-09-27 01:54:14','2022-09-27 01:54:14'),(1224,1,'en','core/setting/setting','general.admin_email','Admin Email','2022-09-27 01:54:15','2022-09-27 01:54:15'),(1225,1,'en','core/setting/setting','general.seo_block','SEO Configuration','2022-09-27 01:54:15','2022-09-27 01:54:15'),(1226,1,'en','core/setting/setting','general.seo_title','SEO Title','2022-09-27 01:54:15','2022-09-27 01:54:15'),(1227,1,'en','core/setting/setting','general.seo_description','SEO Description','2022-09-27 01:54:15','2022-09-27 01:54:15'),(1228,1,'en','core/setting/setting','general.webmaster_tools_block','Google Webmaster Tools','2022-09-27 01:54:15','2022-09-27 01:54:15'),(1229,1,'en','core/setting/setting','general.google_site_verification','Google site verification','2022-09-27 01:54:15','2022-09-27 01:54:15'),(1230,1,'en','core/setting/setting','general.placeholder.site_title','Site Title (maximum 120 characters)','2022-09-27 01:54:15','2022-09-27 01:54:15'),(1231,1,'en','core/setting/setting','general.placeholder.admin_email','Admin Email','2022-09-27 01:54:15','2022-09-27 01:54:15'),(1232,1,'en','core/setting/setting','general.placeholder.seo_title','SEO Title (maximum 120 characters)','2022-09-27 01:54:15','2022-09-27 01:54:15'),(1233,1,'en','core/setting/setting','general.placeholder.seo_description','SEO Description (maximum 120 characters)','2022-09-27 01:54:15','2022-09-27 01:54:15'),(1234,1,'en','core/setting/setting','general.placeholder.google_analytics','Google Analytics','2022-09-27 01:54:15','2022-09-27 01:54:15'),(1235,1,'en','core/setting/setting','general.placeholder.google_site_verification','Google Site Verification','2022-09-27 01:54:15','2022-09-27 01:54:15'),(1236,1,'en','core/setting/setting','general.cache_admin_menu','Cache admin menu?','2022-09-27 01:54:15','2022-09-27 01:54:15'),(1237,1,'en','core/setting/setting','general.enable_send_error_reporting_via_email','Enable to send error reporting via email?','2022-09-27 01:54:15','2022-09-27 01:54:15'),(1238,1,'en','core/setting/setting','general.time_zone','Timezone','2022-09-27 01:54:15','2022-09-27 01:54:15'),(1239,1,'en','core/setting/setting','general.default_admin_theme','Default admin theme','2022-09-27 01:54:15','2022-09-27 01:54:15'),(1240,1,'en','core/setting/setting','general.enable_change_admin_theme','Enable change admin theme?','2022-09-27 01:54:15','2022-09-27 01:54:15'),(1241,1,'en','core/setting/setting','general.enable','Enable','2022-09-27 01:54:15','2022-09-27 01:54:15'),(1242,1,'en','core/setting/setting','general.disable','Disable','2022-09-27 01:54:15','2022-09-27 01:54:15'),(1243,1,'en','core/setting/setting','general.enable_cache','Enable cache?','2022-09-27 01:54:15','2022-09-27 01:54:15'),(1244,1,'en','core/setting/setting','general.cache_time','Cache time (minutes)','2022-09-27 01:54:15','2022-09-27 01:54:15'),(1245,1,'en','core/setting/setting','general.enable_cache_site_map','Enable cache site map?','2022-09-27 01:54:15','2022-09-27 01:54:15'),(1246,1,'en','core/setting/setting','general.cache_time_site_map','Cache Time Site map (minutes)','2022-09-27 01:54:15','2022-09-27 01:54:15'),(1247,1,'en','core/setting/setting','general.admin_logo','Admin logo','2022-09-27 01:54:15','2022-09-27 01:54:15'),(1248,1,'en','core/setting/setting','general.admin_favicon','Admin favicon','2022-09-27 01:54:15','2022-09-27 01:54:15'),(1249,1,'en','core/setting/setting','general.admin_title','Admin title','2022-09-27 01:54:15','2022-09-27 01:54:15'),(1250,1,'en','core/setting/setting','general.admin_title_placeholder','Title show to tab of browser','2022-09-27 01:54:15','2022-09-27 01:54:15'),(1251,1,'en','core/setting/setting','general.cache_block','Cache','2022-09-27 01:54:15','2022-09-27 01:54:15'),(1252,1,'en','core/setting/setting','general.admin_appearance_title','Admin appearance','2022-09-27 01:54:15','2022-09-27 01:54:15'),(1253,1,'en','core/setting/setting','general.admin_appearance_description','Setting admin appearance such as editor, language...','2022-09-27 01:54:15','2022-09-27 01:54:15'),(1254,1,'en','core/setting/setting','general.seo_block_description','Setting site title, site meta description, site keyword for optimize SEO','2022-09-27 01:54:15','2022-09-27 01:54:15'),(1255,1,'en','core/setting/setting','general.webmaster_tools_description','Google Webmaster Tools (GWT) is free software that helps you manage the technical side of your website','2022-09-27 01:54:15','2022-09-27 01:54:15'),(1256,1,'en','core/setting/setting','general.cache_description','Config cache for system for optimize speed','2022-09-27 01:54:15','2022-09-27 01:54:15'),(1257,1,'en','core/setting/setting','general.yes','Yes','2022-09-27 01:54:15','2022-09-27 01:54:15'),(1258,1,'en','core/setting/setting','general.no','No','2022-09-27 01:54:15','2022-09-27 01:54:15'),(1259,1,'en','core/setting/setting','general.show_on_front','Your homepage displays','2022-09-27 01:54:15','2022-09-27 01:54:15'),(1260,1,'en','core/setting/setting','general.select','— Select —','2022-09-27 01:54:15','2022-09-27 01:54:15'),(1261,1,'en','core/setting/setting','general.show_site_name','Show site name after page title, separate with \"-\"?','2022-09-27 01:54:15','2022-09-27 01:54:15'),(1262,1,'en','core/setting/setting','general.locale','Site language','2022-09-27 01:54:15','2022-09-27 01:54:15'),(1263,1,'en','core/setting/setting','general.locale_direction','Front site language direction','2022-09-27 01:54:15','2022-09-27 01:54:15'),(1264,1,'en','core/setting/setting','general.admin_locale_direction','Admin language direction','2022-09-27 01:54:15','2022-09-27 01:54:15'),(1265,1,'en','core/setting/setting','general.admin_login_screen_backgrounds','Login screen backgrounds (~1366x768)','2022-09-27 01:54:15','2022-09-27 01:54:15'),(1266,1,'en','core/setting/setting','email.subject','Subject','2022-09-27 01:54:15','2022-09-27 01:54:15'),(1267,1,'en','core/setting/setting','email.content','Content','2022-09-27 01:54:15','2022-09-27 01:54:15'),(1268,1,'en','core/setting/setting','email.title','Setting for email template','2022-09-27 01:54:15','2022-09-27 01:54:15'),(1269,1,'en','core/setting/setting','email.description','Email template using HTML & system variables.','2022-09-27 01:54:15','2022-09-27 01:54:15'),(1270,1,'en','core/setting/setting','email.reset_to_default','Reset to default','2022-09-27 01:54:15','2022-09-27 01:54:15'),(1271,1,'en','core/setting/setting','email.back','Back to settings','2022-09-27 01:54:15','2022-09-27 01:54:15'),(1272,1,'en','core/setting/setting','email.reset_success','Reset back to default successfully','2022-09-27 01:54:15','2022-09-27 01:54:15'),(1273,1,'en','core/setting/setting','email.confirm_reset','Confirm reset email template?','2022-09-27 01:54:15','2022-09-27 01:54:15'),(1274,1,'en','core/setting/setting','email.confirm_message','Do you really want to reset this email template to default?','2022-09-27 01:54:15','2022-09-27 01:54:15'),(1275,1,'en','core/setting/setting','email.continue','Continue','2022-09-27 01:54:15','2022-09-27 01:54:15'),(1276,1,'en','core/setting/setting','email.sender_name','Sender name','2022-09-27 01:54:15','2022-09-27 01:54:15'),(1277,1,'en','core/setting/setting','email.sender_name_placeholder','Name','2022-09-27 01:54:15','2022-09-27 01:54:15'),(1278,1,'en','core/setting/setting','email.sender_email','Sender email','2022-09-27 01:54:15','2022-09-27 01:54:15'),(1279,1,'en','core/setting/setting','email.mailer','Mailer','2022-09-27 01:54:15','2022-09-27 01:54:15'),(1280,1,'en','core/setting/setting','email.port','Port','2022-09-27 01:54:15','2022-09-27 01:54:15'),(1281,1,'en','core/setting/setting','email.port_placeholder','Ex: 587','2022-09-27 01:54:15','2022-09-27 01:54:15'),(1282,1,'en','core/setting/setting','email.host','Host','2022-09-27 01:54:15','2022-09-27 01:54:15'),(1283,1,'en','core/setting/setting','email.host_placeholder','Ex: smtp.gmail.com','2022-09-27 01:54:15','2022-09-27 01:54:15'),(1284,1,'en','core/setting/setting','email.username','Username','2022-09-27 01:54:15','2022-09-27 01:54:15'),(1285,1,'en','core/setting/setting','email.username_placeholder','Username to login to mail server','2022-09-27 01:54:15','2022-09-27 01:54:15'),(1286,1,'en','core/setting/setting','email.password','Password','2022-09-27 01:54:15','2022-09-27 01:54:15'),(1287,1,'en','core/setting/setting','email.password_placeholder','Password to login to mail server','2022-09-27 01:54:15','2022-09-27 01:54:15'),(1288,1,'en','core/setting/setting','email.encryption','Encryption','2022-09-27 01:54:15','2022-09-27 01:54:15'),(1289,1,'en','core/setting/setting','email.mail_gun_domain','Domain','2022-09-27 01:54:15','2022-09-27 01:54:15'),(1290,1,'en','core/setting/setting','email.mail_gun_domain_placeholder','Domain','2022-09-27 01:54:15','2022-09-27 01:54:15'),(1291,1,'en','core/setting/setting','email.mail_gun_secret','Secret','2022-09-27 01:54:15','2022-09-27 01:54:15'),(1292,1,'en','core/setting/setting','email.mail_gun_secret_placeholder','Secret','2022-09-27 01:54:15','2022-09-27 01:54:15'),(1293,1,'en','core/setting/setting','email.mail_gun_endpoint','Endpoint','2022-09-27 01:54:15','2022-09-27 01:54:15'),(1294,1,'en','core/setting/setting','email.mail_gun_endpoint_placeholder','Endpoint','2022-09-27 01:54:15','2022-09-27 01:54:15'),(1295,1,'en','core/setting/setting','email.log_channel','Log channel','2022-09-27 01:54:15','2022-09-27 01:54:15'),(1296,1,'en','core/setting/setting','email.sendmail_path','Sendmail Path','2022-09-27 01:54:15','2022-09-27 01:54:15'),(1297,1,'en','core/setting/setting','email.encryption_placeholder','Encryption: ssl or tls','2022-09-27 01:54:15','2022-09-27 01:54:15'),(1298,1,'en','core/setting/setting','email.ses_key','Key','2022-09-27 01:54:15','2022-09-27 01:54:15'),(1299,1,'en','core/setting/setting','email.ses_key_placeholder','Key','2022-09-27 01:54:15','2022-09-27 01:54:15'),(1300,1,'en','core/setting/setting','email.ses_secret','Secret','2022-09-27 01:54:15','2022-09-27 01:54:15'),(1301,1,'en','core/setting/setting','email.ses_secret_placeholder','Secret','2022-09-27 01:54:15','2022-09-27 01:54:15'),(1302,1,'en','core/setting/setting','email.ses_region','Region','2022-09-27 01:54:15','2022-09-27 01:54:15'),(1303,1,'en','core/setting/setting','email.ses_region_placeholder','Region','2022-09-27 01:54:15','2022-09-27 01:54:15'),(1304,1,'en','core/setting/setting','email.postmark_token','Token','2022-09-27 01:54:15','2022-09-27 01:54:15'),(1305,1,'en','core/setting/setting','email.postmark_token_placeholder','Token','2022-09-27 01:54:15','2022-09-27 01:54:15'),(1306,1,'en','core/setting/setting','email.template_title','Email templates','2022-09-27 01:54:15','2022-09-27 01:54:15'),(1307,1,'en','core/setting/setting','email.template_description','Base templates for all emails','2022-09-27 01:54:15','2022-09-27 01:54:15'),(1308,1,'en','core/setting/setting','email.template_header','Email template header','2022-09-27 01:54:15','2022-09-27 01:54:15'),(1309,1,'en','core/setting/setting','email.template_header_description','Template for header of emails','2022-09-27 01:54:15','2022-09-27 01:54:15'),(1310,1,'en','core/setting/setting','email.template_footer','Email template footer','2022-09-27 01:54:15','2022-09-27 01:54:15'),(1311,1,'en','core/setting/setting','email.template_footer_description','Template for footer of emails','2022-09-27 01:54:15','2022-09-27 01:54:15'),(1312,1,'en','core/setting/setting','email.default','Default','2022-09-27 01:54:15','2022-09-27 01:54:15'),(1313,1,'en','core/setting/setting','email.using_queue_to_send_mail','Using queue job to send emails (Must to setup Queue first https://laravel.com/docs/queues#supervisor-configuration)','2022-09-27 01:54:15','2022-09-27 01:54:15'),(1314,1,'en','core/setting/setting','media.title','Media','2022-09-27 01:54:15','2022-09-27 01:54:15'),(1315,1,'en','core/setting/setting','media.driver','Driver','2022-09-27 01:54:15','2022-09-27 01:54:15'),(1316,1,'en','core/setting/setting','media.description','Settings for media','2022-09-27 01:54:15','2022-09-27 01:54:15'),(1317,1,'en','core/setting/setting','media.aws_access_key_id','AWS Access Key ID','2022-09-27 01:54:15','2022-09-27 01:54:15'),(1318,1,'en','core/setting/setting','media.aws_secret_key','AWS Secret Key','2022-09-27 01:54:15','2022-09-27 01:54:15'),(1319,1,'en','core/setting/setting','media.aws_default_region','AWS Default Region','2022-09-27 01:54:15','2022-09-27 01:54:15'),(1320,1,'en','core/setting/setting','media.aws_bucket','AWS Bucket','2022-09-27 01:54:15','2022-09-27 01:54:15'),(1321,1,'en','core/setting/setting','media.aws_url','AWS URL','2022-09-27 01:54:15','2022-09-27 01:54:15'),(1322,1,'en','core/setting/setting','media.aws_endpoint','AWS Endpoint (Optional)','2022-09-27 01:54:15','2022-09-27 01:54:15'),(1323,1,'en','core/setting/setting','media.do_spaces_access_key_id','DO Spaces Access Key ID','2022-09-27 01:54:15','2022-09-27 01:54:15'),(1324,1,'en','core/setting/setting','media.do_spaces_secret_key','DO Spaces Secret Key','2022-09-27 01:54:15','2022-09-27 01:54:15'),(1325,1,'en','core/setting/setting','media.do_spaces_default_region','DO Spaces Default Region','2022-09-27 01:54:15','2022-09-27 01:54:15'),(1326,1,'en','core/setting/setting','media.do_spaces_bucket','DO Spaces Bucket','2022-09-27 01:54:15','2022-09-27 01:54:15'),(1327,1,'en','core/setting/setting','media.do_spaces_endpoint','DO Spaces Endpoint','2022-09-27 01:54:15','2022-09-27 01:54:15'),(1328,1,'en','core/setting/setting','media.do_spaces_cdn_enabled','Is DO Spaces CDN enabled?','2022-09-27 01:54:15','2022-09-27 01:54:15'),(1329,1,'en','core/setting/setting','media.media_do_spaces_cdn_custom_domain','Do Spaces CDN custom domain','2022-09-27 01:54:15','2022-09-27 01:54:15'),(1330,1,'en','core/setting/setting','media.media_do_spaces_cdn_custom_domain_placeholder','https://your-custom-domain.com','2022-09-27 01:54:15','2022-09-27 01:54:15'),(1331,1,'en','core/setting/setting','media.wasabi_access_key_id','Wasabi Access Key ID','2022-09-27 01:54:15','2022-09-27 01:54:15'),(1332,1,'en','core/setting/setting','media.wasabi_secret_key','Wasabi Secret Key','2022-09-27 01:54:15','2022-09-27 01:54:15'),(1333,1,'en','core/setting/setting','media.wasabi_default_region','Wasabi Default Region','2022-09-27 01:54:15','2022-09-27 01:54:15'),(1334,1,'en','core/setting/setting','media.wasabi_bucket','Wasabi Bucket','2022-09-27 01:54:15','2022-09-27 01:54:15'),(1335,1,'en','core/setting/setting','media.wasabi_root','Wasabi Root','2022-09-27 01:54:15','2022-09-27 01:54:15'),(1336,1,'en','core/setting/setting','media.default_placeholder_image','Default placeholder image','2022-09-27 01:54:15','2022-09-27 01:54:15'),(1337,1,'en','core/setting/setting','media.enable_chunk','Enable chunk size upload?','2022-09-27 01:54:15','2022-09-27 01:54:15'),(1338,1,'en','core/setting/setting','media.chunk_size','Chunk size (Bytes)','2022-09-27 01:54:15','2022-09-27 01:54:15'),(1339,1,'en','core/setting/setting','media.chunk_size_placeholder','Default: 1048576 ~ 1MB','2022-09-27 01:54:15','2022-09-27 01:54:15'),(1340,1,'en','core/setting/setting','media.max_file_size','Chunk max file size (MB)','2022-09-27 01:54:15','2022-09-27 01:54:15'),(1341,1,'en','core/setting/setting','media.max_file_size_placeholder','Default: 1048576 ~ 1GB','2022-09-27 01:54:15','2022-09-27 01:54:15'),(1342,1,'en','core/setting/setting','media.enable_watermark','Enable watermark?','2022-09-27 01:54:15','2022-09-27 01:54:15'),(1343,1,'en','core/setting/setting','media.watermark_source','Watermark image','2022-09-27 01:54:15','2022-09-27 01:54:15'),(1344,1,'en','core/setting/setting','media.watermark_size','Size of watermark (%)','2022-09-27 01:54:15','2022-09-27 01:54:15'),(1345,1,'en','core/setting/setting','media.watermark_size_placeholder','Default: 10 (%)','2022-09-27 01:54:15','2022-09-27 01:54:15'),(1346,1,'en','core/setting/setting','media.watermark_opacity','Watermark Opacity (%)','2022-09-27 01:54:15','2022-09-27 01:54:15'),(1347,1,'en','core/setting/setting','media.watermark_opacity_placeholder','Default: 70 (%)','2022-09-27 01:54:15','2022-09-27 01:54:15'),(1348,1,'en','core/setting/setting','media.watermark_position','Watermark position','2022-09-27 01:54:15','2022-09-27 01:54:15'),(1349,1,'en','core/setting/setting','media.watermark_position_x','Watermark position X','2022-09-27 01:54:15','2022-09-27 01:54:15'),(1350,1,'en','core/setting/setting','media.watermark_position_y','Watermark position Y','2022-09-27 01:54:15','2022-09-27 01:54:15'),(1351,1,'en','core/setting/setting','media.watermark_position_top_left','Top left','2022-09-27 01:54:15','2022-09-27 01:54:15'),(1352,1,'en','core/setting/setting','media.watermark_position_top_right','Top right','2022-09-27 01:54:15','2022-09-27 01:54:15'),(1353,1,'en','core/setting/setting','media.watermark_position_bottom_left','Bottom left','2022-09-27 01:54:15','2022-09-27 01:54:15'),(1354,1,'en','core/setting/setting','media.watermark_position_bottom_right','Bottom right','2022-09-27 01:54:15','2022-09-27 01:54:15'),(1355,1,'en','core/setting/setting','media.watermark_position_center','Center','2022-09-27 01:54:15','2022-09-27 01:54:15'),(1356,1,'en','core/setting/setting','media.turn_off_automatic_url_translation_into_latin','Turn off automatic URL translation into Latin?','2022-09-27 01:54:15','2022-09-27 01:54:15'),(1357,1,'en','core/setting/setting','media.bunnycdn_hostname','Hostname','2022-09-27 01:54:15','2022-09-27 01:54:15'),(1358,1,'en','core/setting/setting','media.bunnycdn_zone','Zone Name (The name of your storage zone)','2022-09-27 01:54:15','2022-09-27 01:54:15'),(1359,1,'en','core/setting/setting','media.bunnycdn_key','FTP & API Access Password (The storage zone API Access Password)','2022-09-27 01:54:15','2022-09-27 01:54:15'),(1360,1,'en','core/setting/setting','media.bunnycdn_region','Region (The storage zone region)','2022-09-27 01:54:15','2022-09-27 01:54:15'),(1361,1,'en','core/setting/setting','media.optional','Optional','2022-09-27 01:54:15','2022-09-27 01:54:15'),(1362,1,'en','core/setting/setting','media.sizes','Media thumbnails sizes','2022-09-27 01:54:15','2022-09-27 01:54:15'),(1363,1,'en','core/setting/setting','media.media_sizes_helper','Set width or height to 0 if you just want to crop by width or height. Need to click on \"Generate thumbnails\" to apply changes.','2022-09-27 01:54:15','2022-09-27 01:54:15'),(1364,1,'en','core/setting/setting','media.width','Width','2022-09-27 01:54:15','2022-09-27 01:54:15'),(1365,1,'en','core/setting/setting','media.height','Height','2022-09-27 01:54:15','2022-09-27 01:54:15'),(1366,1,'en','core/setting/setting','media.default_size_value','Default: :size','2022-09-27 01:54:15','2022-09-27 01:54:15'),(1367,1,'en','core/setting/setting','media.all','All','2022-09-27 01:54:15','2022-09-27 01:54:15'),(1368,1,'en','core/setting/setting','media.media_folders_can_add_watermark','Add watermark for images in folders:','2022-09-27 01:54:15','2022-09-27 01:54:15'),(1369,1,'en','core/setting/setting','license.purchase_code','Purchase code','2022-09-27 01:54:15','2022-09-27 01:54:15'),(1370,1,'en','core/setting/setting','license.buyer','Buyer','2022-09-27 01:54:15','2022-09-27 01:54:15'),(1371,1,'en','core/setting/setting','field_type_not_exists','This field type does not exist','2022-09-27 01:54:15','2022-09-27 01:54:15'),(1372,1,'en','core/setting/setting','save_settings','Save settings','2022-09-27 01:54:15','2022-09-27 01:54:15'),(1373,1,'en','core/setting/setting','template','Template','2022-09-27 01:54:15','2022-09-27 01:54:15'),(1374,1,'en','core/setting/setting','description','Description','2022-09-27 01:54:15','2022-09-27 01:54:15'),(1375,1,'en','core/setting/setting','enable','Enable','2022-09-27 01:54:15','2022-09-27 01:54:15'),(1376,1,'en','core/setting/setting','send','Send','2022-09-27 01:54:15','2022-09-27 01:54:15'),(1377,1,'en','core/setting/setting','test_email_description','To send test email, please make sure you are updated configuration to send mail!','2022-09-27 01:54:15','2022-09-27 01:54:15'),(1378,1,'en','core/setting/setting','test_email_input_placeholder','Enter the email which you want to send test email.','2022-09-27 01:54:15','2022-09-27 01:54:15'),(1379,1,'en','core/setting/setting','test_email_modal_title','Send a test email','2022-09-27 01:54:15','2022-09-27 01:54:15'),(1380,1,'en','core/setting/setting','test_send_mail','Send test mail','2022-09-27 01:54:15','2022-09-27 01:54:15'),(1381,1,'en','core/setting/setting','test_email_send_success','Send email successfully!','2022-09-27 01:54:15','2022-09-27 01:54:15'),(1382,1,'en','core/setting/setting','locale_direction_ltr','Left to Right','2022-09-27 01:54:15','2022-09-27 01:54:15'),(1383,1,'en','core/setting/setting','locale_direction_rtl','Right to Left','2022-09-27 01:54:15','2022-09-27 01:54:15'),(1384,1,'en','core/setting/setting','saving','Saving...','2022-09-27 01:54:15','2022-09-27 01:54:15'),(1385,1,'en','core/setting/setting','emails_warning','You can add up to :count emails','2022-09-27 01:54:15','2022-09-27 01:54:15'),(1386,1,'en','core/setting/setting','email_add_more','Add more','2022-09-27 01:54:15','2022-09-27 01:54:15'),(1387,1,'en','core/setting/setting','generate','Generate','2022-09-27 01:54:15','2022-09-27 01:54:15'),(1388,1,'en','core/setting/setting','generate_thumbnails','Generate thumbnails','2022-09-27 01:54:15','2022-09-27 01:54:15'),(1389,1,'en','core/setting/setting','generate_thumbnails_success','Generate thumbnails successfully. :count files are generated!','2022-09-27 01:54:15','2022-09-27 01:54:15'),(1390,1,'en','core/setting/setting','generate_thumbnails_error','We are unable to regenerate thumbnail for these files :count files!','2022-09-27 01:54:15','2022-09-27 01:54:15'),(1391,1,'en','core/setting/setting','generate_thumbnails_description','Are you sure you want to re-generate thumbnails for all images? It will take time so please DO NOT leave this page, wait until it is finished.','2022-09-27 01:54:15','2022-09-27 01:54:15'),(1392,1,'en','core/setting/setting','enable_chunk_description','Chunk size upload is used to upload large file size.','2022-09-27 01:54:15','2022-09-27 01:54:15'),(1393,1,'en','core/setting/setting','watermark_description','WARNING: Watermark is just added to new uploaded images, it won\'t be added to existing images. Disable watermark won\'t remove watermark from existing images.','2022-09-27 01:54:15','2022-09-27 01:54:15'),(1394,1,'vi','core/setting/setting','title','Cài đặt','2022-09-27 01:54:15','2022-09-27 01:54:15'),(1395,1,'vi','core/setting/setting','general.theme','Giao diện','2022-09-27 01:54:15','2022-09-27 01:54:15'),(1396,1,'vi','core/setting/setting','general.description','Cấu hình những thông tin cài đặt website.','2022-09-27 01:54:15','2022-09-27 01:54:15'),(1397,1,'vi','core/setting/setting','general.title','Thông tin chung','2022-09-27 01:54:15','2022-09-27 01:54:15'),(1398,1,'vi','core/setting/setting','general.general_block','Thông tin chung','2022-09-27 01:54:15','2022-09-27 01:54:15'),(1399,1,'vi','core/setting/setting','general.site_title','Tên trang','2022-09-27 01:54:15','2022-09-27 01:54:15'),(1400,1,'vi','core/setting/setting','general.admin_email','Email quản trị viên','2022-09-27 01:54:15','2022-09-27 01:54:15'),(1401,1,'vi','core/setting/setting','general.seo_block','Cấu hình SEO','2022-09-27 01:54:15','2022-09-27 01:54:15'),(1402,1,'vi','core/setting/setting','general.seo_title','Tiêu đề SEO','2022-09-27 01:54:15','2022-09-27 01:54:15'),(1403,1,'vi','core/setting/setting','general.seo_description','Mô tả SEO','2022-09-27 01:54:15','2022-09-27 01:54:15'),(1404,1,'vi','core/setting/setting','general.webmaster_tools_block','Google Webmaster Tools','2022-09-27 01:54:15','2022-09-27 01:54:15'),(1405,1,'vi','core/setting/setting','general.google_site_verification','Google site verification','2022-09-27 01:54:15','2022-09-27 01:54:15'),(1406,1,'vi','core/setting/setting','general.placeholder.site_title','Tên trang (tối đa 120 kí tự)','2022-09-27 01:54:15','2022-09-27 01:54:15'),(1407,1,'vi','core/setting/setting','general.placeholder.admin_email','Admin Email','2022-09-27 01:54:15','2022-09-27 01:54:15'),(1408,1,'vi','core/setting/setting','general.placeholder.google_analytics','Ví dụ: UA-42767940-2','2022-09-27 01:54:15','2022-09-27 01:54:15'),(1409,1,'vi','core/setting/setting','general.placeholder.google_site_verification','Mã xác nhận trang web dùng cho Google Webmaster Tool','2022-09-27 01:54:15','2022-09-27 01:54:15'),(1410,1,'vi','core/setting/setting','general.placeholder.seo_title','Tiêu đề SEO (tối đa 120 kí tự)','2022-09-27 01:54:15','2022-09-27 01:54:15'),(1411,1,'vi','core/setting/setting','general.placeholder.seo_description','Mô tả SEO (tối đa 120 kí tự)','2022-09-27 01:54:15','2022-09-27 01:54:15'),(1412,1,'vi','core/setting/setting','general.enable_change_admin_theme','Cho phép thay đổi giao diện quản trị?','2022-09-27 01:54:15','2022-09-27 01:54:15'),(1413,1,'vi','core/setting/setting','general.enable','Bật','2022-09-27 01:54:15','2022-09-27 01:54:15'),(1414,1,'vi','core/setting/setting','general.disable','Tắt','2022-09-27 01:54:15','2022-09-27 01:54:15'),(1415,1,'vi','core/setting/setting','general.enable_cache','Bật bộ nhớ đệm?','2022-09-27 01:54:15','2022-09-27 01:54:15'),(1416,1,'vi','core/setting/setting','general.cache_time','Thời gian lưu bộ nhớ đệm (phút)','2022-09-27 01:54:15','2022-09-27 01:54:15'),(1417,1,'vi','core/setting/setting','general.cache_time_site_map','Thời gian lưu sơ đồ trang trong bộ nhớ đệm','2022-09-27 01:54:15','2022-09-27 01:54:15'),(1418,1,'vi','core/setting/setting','general.admin_logo','Logo trang quản trị','2022-09-27 01:54:15','2022-09-27 01:54:15'),(1419,1,'vi','core/setting/setting','general.admin_title','Tiêu đề trang quản trị','2022-09-27 01:54:15','2022-09-27 01:54:15'),(1420,1,'vi','core/setting/setting','general.admin_title_placeholder','Tiêu đề hiển thị trên thẻ trình duyệt','2022-09-27 01:54:15','2022-09-27 01:54:15'),(1421,1,'vi','core/setting/setting','general.rich_editor','Bộ soạn thảo văn bản','2022-09-27 01:54:15','2022-09-27 01:54:15'),(1422,1,'vi','core/setting/setting','general.cache_block','Bộ nhớ đệm','2022-09-27 01:54:15','2022-09-27 01:54:15'),(1423,1,'vi','core/setting/setting','general.yes','Bật','2022-09-27 01:54:15','2022-09-27 01:54:15'),(1424,1,'vi','core/setting/setting','general.no','Tắt','2022-09-27 01:54:15','2022-09-27 01:54:15'),(1425,1,'vi','core/setting/setting','general.locale','Ngôn ngữ','2022-09-27 01:54:15','2022-09-27 01:54:15'),(1426,1,'vi','core/setting/setting','general.admin_appearance_description','Setting admin appearance such as editor, language...','2022-09-27 01:54:15','2022-09-27 01:54:15'),(1427,1,'vi','core/setting/setting','general.admin_appearance_title','Admin appearance','2022-09-27 01:54:15','2022-09-27 01:54:15'),(1428,1,'vi','core/setting/setting','general.admin_login_screen_backgrounds','Login screen backgrounds (~1366x768)','2022-09-27 01:54:15','2022-09-27 01:54:15'),(1429,1,'vi','core/setting/setting','general.admin_favicon','Admin favicon','2022-09-27 01:54:15','2022-09-27 01:54:15'),(1430,1,'vi','core/setting/setting','general.cache_admin_menu','Cache admin menu?','2022-09-27 01:54:15','2022-09-27 01:54:15'),(1431,1,'vi','core/setting/setting','general.cache_description','Config cache for system for optimize speed','2022-09-27 01:54:15','2022-09-27 01:54:15'),(1432,1,'vi','core/setting/setting','general.default_admin_theme','Default admin theme','2022-09-27 01:54:15','2022-09-27 01:54:15'),(1433,1,'vi','core/setting/setting','general.enable_send_error_reporting_via_email','Enable to send error reporting via email?','2022-09-27 01:54:15','2022-09-27 01:54:15'),(1434,1,'vi','core/setting/setting','general.locale_direction','Hướng chữ viết','2022-09-27 01:54:15','2022-09-27 01:54:15'),(1435,1,'vi','core/setting/setting','general.select','-- Lựa chọn --','2022-09-27 01:54:15','2022-09-27 01:54:15'),(1436,1,'vi','core/setting/setting','general.seo_block_description','Setting site title, site meta description, site keyword for optimize SEO','2022-09-27 01:54:15','2022-09-27 01:54:15'),(1437,1,'vi','core/setting/setting','general.show_on_front','Thiết lập trang chủ','2022-09-27 01:54:15','2022-09-27 01:54:15'),(1438,1,'vi','core/setting/setting','general.show_site_name','Hiển thị tên trang web sau tiêu đề trang, tách biệt bằng \"-\"?','2022-09-27 01:54:15','2022-09-27 01:54:15'),(1439,1,'vi','core/setting/setting','general.time_zone','Múi giờ','2022-09-27 01:54:15','2022-09-27 01:54:15'),(1440,1,'vi','core/setting/setting','general.webmaster_tools_description','Công cụ quản trị trang web của Google (GWT) là phần mềm miễn phí giúp bạn quản lý khía cạnh kỹ thuật của trang web của mình','2022-09-27 01:54:15','2022-09-27 01:54:15'),(1441,1,'vi','core/setting/setting','email.subject','Tiêu đề','2022-09-27 01:54:15','2022-09-27 01:54:15'),(1442,1,'vi','core/setting/setting','email.content','Nội dung','2022-09-27 01:54:15','2022-09-27 01:54:15'),(1443,1,'vi','core/setting/setting','email.title','Cấu hình email template','2022-09-27 01:54:15','2022-09-27 01:54:15'),(1444,1,'vi','core/setting/setting','email.description','Cấu trúc file template sử dụng HTML và các biến trong hệ thống.','2022-09-27 01:54:15','2022-09-27 01:54:15'),(1445,1,'vi','core/setting/setting','email.reset_to_default','Khôi phục về mặc định','2022-09-27 01:54:15','2022-09-27 01:54:15'),(1446,1,'vi','core/setting/setting','email.back','Trở lại trang cài đặt','2022-09-27 01:54:15','2022-09-27 01:54:15'),(1447,1,'vi','core/setting/setting','email.reset_success','Khôi phục mặc định thành công','2022-09-27 01:54:15','2022-09-27 01:54:15'),(1448,1,'vi','core/setting/setting','email.confirm_reset','Xác nhận khôi phục mặc định?','2022-09-27 01:54:15','2022-09-27 01:54:15'),(1449,1,'vi','core/setting/setting','email.confirm_message','Bạn có chắc chắn muốn khôi phục về bản mặc định?','2022-09-27 01:54:15','2022-09-27 01:54:15'),(1450,1,'vi','core/setting/setting','email.continue','Tiếp tục','2022-09-27 01:54:15','2022-09-27 01:54:15'),(1451,1,'vi','core/setting/setting','email.sender_name','Tên người gửi','2022-09-27 01:54:15','2022-09-27 01:54:15'),(1452,1,'vi','core/setting/setting','email.sender_name_placeholder','Tên','2022-09-27 01:54:15','2022-09-27 01:54:15'),(1453,1,'vi','core/setting/setting','email.sender_email','Email của người gửi','2022-09-27 01:54:15','2022-09-27 01:54:15'),(1454,1,'vi','core/setting/setting','email.mailer','Loại','2022-09-27 01:54:15','2022-09-27 01:54:15'),(1455,1,'vi','core/setting/setting','email.port','Cổng','2022-09-27 01:54:15','2022-09-27 01:54:15'),(1456,1,'vi','core/setting/setting','email.port_placeholder','Ví dụ: 587','2022-09-27 01:54:15','2022-09-27 01:54:15'),(1457,1,'vi','core/setting/setting','email.host','Máy chủ','2022-09-27 01:54:15','2022-09-27 01:54:15'),(1458,1,'vi','core/setting/setting','email.host_placeholder','Ví dụ: smtp.gmail.com','2022-09-27 01:54:15','2022-09-27 01:54:15'),(1459,1,'vi','core/setting/setting','email.username','Tên đăng nhập','2022-09-27 01:54:15','2022-09-27 01:54:15'),(1460,1,'vi','core/setting/setting','email.username_placeholder','Tên đăng nhập vào máy chủ mail','2022-09-27 01:54:15','2022-09-27 01:54:15'),(1461,1,'vi','core/setting/setting','email.password','Mật khẩu','2022-09-27 01:54:15','2022-09-27 01:54:15'),(1462,1,'vi','core/setting/setting','email.password_placeholder','Mật khẩu đăng nhập vào máy chủ mail','2022-09-27 01:54:15','2022-09-27 01:54:15'),(1463,1,'vi','core/setting/setting','email.encryption','Mã hoá','2022-09-27 01:54:15','2022-09-27 01:54:15'),(1464,1,'vi','core/setting/setting','email.mail_gun_domain','Tên miền','2022-09-27 01:54:15','2022-09-27 01:54:15'),(1465,1,'vi','core/setting/setting','email.mail_gun_domain_placeholder','Tên miền','2022-09-27 01:54:15','2022-09-27 01:54:15'),(1466,1,'vi','core/setting/setting','email.mail_gun_secret','Chuỗi bí mật','2022-09-27 01:54:15','2022-09-27 01:54:15'),(1467,1,'vi','core/setting/setting','email.mail_gun_secret_placeholder','Chuỗi bí mật','2022-09-27 01:54:15','2022-09-27 01:54:15'),(1468,1,'vi','core/setting/setting','email.template_title','Mẫu giao diện email','2022-09-27 01:54:15','2022-09-27 01:54:15'),(1469,1,'vi','core/setting/setting','email.template_description','Giao diện mặc định cho tất cả email','2022-09-27 01:54:15','2022-09-27 01:54:15'),(1470,1,'vi','core/setting/setting','email.template_header','Mẫu cho phần trên của email','2022-09-27 01:54:15','2022-09-27 01:54:15'),(1471,1,'vi','core/setting/setting','email.template_header_description','Phần trên của tất cả email','2022-09-27 01:54:15','2022-09-27 01:54:15'),(1472,1,'vi','core/setting/setting','email.template_footer','Mẫu cho phần dưới của email','2022-09-27 01:54:15','2022-09-27 01:54:15'),(1473,1,'vi','core/setting/setting','email.template_footer_description','Phần dưới của tất cả email','2022-09-27 01:54:15','2022-09-27 01:54:15'),(1474,1,'vi','core/setting/setting','email.default','Mặc định','2022-09-27 01:54:15','2022-09-27 01:54:15'),(1475,1,'vi','core/setting/setting','email.mail_gun_endpoint','Endpoint','2022-09-27 01:54:15','2022-09-27 01:54:15'),(1476,1,'vi','core/setting/setting','email.mail_gun_endpoint_placeholder','Endpoint','2022-09-27 01:54:15','2022-09-27 01:54:15'),(1477,1,'vi','core/setting/setting','email.postmark_token','Token','2022-09-27 01:54:15','2022-09-27 01:54:15'),(1478,1,'vi','core/setting/setting','email.postmark_token_placeholder','Token','2022-09-27 01:54:15','2022-09-27 01:54:15'),(1479,1,'vi','core/setting/setting','email.encryption_placeholder','Kiểu mã hóa: ssl hoặc tls','2022-09-27 01:54:15','2022-09-27 01:54:15'),(1480,1,'vi','core/setting/setting','email.log_channel','Phương thức log','2022-09-27 01:54:15','2022-09-27 01:54:15'),(1481,1,'vi','core/setting/setting','email.sendmail_path','Sendmail Path','2022-09-27 01:54:15','2022-09-27 01:54:15'),(1482,1,'vi','core/setting/setting','email.ses_key','Key','2022-09-27 01:54:15','2022-09-27 01:54:15'),(1483,1,'vi','core/setting/setting','email.ses_key_placeholder','Key','2022-09-27 01:54:15','2022-09-27 01:54:15'),(1484,1,'vi','core/setting/setting','email.ses_region','Region','2022-09-27 01:54:15','2022-09-27 01:54:15'),(1485,1,'vi','core/setting/setting','email.ses_region_placeholder','Region','2022-09-27 01:54:15','2022-09-27 01:54:15'),(1486,1,'vi','core/setting/setting','email.ses_secret','Secret','2022-09-27 01:54:15','2022-09-27 01:54:15'),(1487,1,'vi','core/setting/setting','email.ses_secret_placeholder','Secret','2022-09-27 01:54:15','2022-09-27 01:54:15'),(1488,1,'vi','core/setting/setting','email.using_queue_to_send_mail','Sử dụng job queue để gửi email (Trước tiên phải thiết lập Queue https://laravel.com/docs/queues#supervisor-configuration)','2022-09-27 01:54:15','2022-09-27 01:54:15'),(1489,1,'vi','core/setting/setting','save_settings','Lưu cài đặt','2022-09-27 01:54:15','2022-09-27 01:54:15'),(1490,1,'vi','core/setting/setting','template','Mẫu','2022-09-27 01:54:15','2022-09-27 01:54:15'),(1491,1,'vi','core/setting/setting','description','Mô tả','2022-09-27 01:54:15','2022-09-27 01:54:15'),(1492,1,'vi','core/setting/setting','enable','Bật','2022-09-27 01:54:15','2022-09-27 01:54:15'),(1493,1,'vi','core/setting/setting','test_send_mail','Gửi thử nghiệm','2022-09-27 01:54:15','2022-09-27 01:54:15'),(1494,1,'vi','core/setting/setting','email_setting_title','Cấu hình email','2022-09-27 01:54:15','2022-09-27 01:54:15'),(1495,1,'vi','core/setting/setting','field_type_not_exists','Loại field này không được hỗ trợ','2022-09-27 01:54:15','2022-09-27 01:54:15'),(1496,1,'vi','core/setting/setting','test_email_description','Để gửi email thử nghiệm, hãy đảm bảo rằng bạn đã cập nhật cấu hình để gửi thư!','2022-09-27 01:54:15','2022-09-27 01:54:15'),(1497,1,'vi','core/setting/setting','test_email_input_placeholder','Nhập email mà bạn muốn gửi email thử nghiệm.','2022-09-27 01:54:15','2022-09-27 01:54:15'),(1498,1,'vi','core/setting/setting','test_email_modal_title','Gửi một email thử nghiệm','2022-09-27 01:54:15','2022-09-27 01:54:15'),(1499,1,'vi','core/setting/setting','test_email_send_success','Gửi email thành công!','2022-09-27 01:54:15','2022-09-27 01:54:15'),(1500,1,'vi','core/setting/setting','send','Gửi','2022-09-27 01:54:15','2022-09-27 01:54:15'),(1501,1,'vi','core/setting/setting','license.buyer','Tên đăng nhập','2022-09-27 01:54:15','2022-09-27 01:54:15'),(1502,1,'vi','core/setting/setting','license.purchase_code','Purchase code','2022-09-27 01:54:15','2022-09-27 01:54:15'),(1503,1,'vi','core/setting/setting','locale_direction_ltr','Trái sang phải','2022-09-27 01:54:15','2022-09-27 01:54:15'),(1504,1,'vi','core/setting/setting','locale_direction_rtl','Phải sang trái','2022-09-27 01:54:15','2022-09-27 01:54:15'),(1505,1,'vi','core/setting/setting','media.aws_access_key_id','AWS Access Key ID','2022-09-27 01:54:15','2022-09-27 01:54:15'),(1506,1,'vi','core/setting/setting','media.aws_bucket','AWS Bucket','2022-09-27 01:54:15','2022-09-27 01:54:15'),(1507,1,'vi','core/setting/setting','media.aws_default_region','AWS Default Region','2022-09-27 01:54:15','2022-09-27 01:54:15'),(1508,1,'vi','core/setting/setting','media.aws_url','AWS URL','2022-09-27 01:54:15','2022-09-27 01:54:15'),(1509,1,'vi','core/setting/setting','media.aws_secret_key','AWS Secret Key','2022-09-27 01:54:15','2022-09-27 01:54:15'),(1510,1,'vi','core/setting/setting','media.chunk_size','Chunk size (Bytes)','2022-09-27 01:54:15','2022-09-27 01:54:15'),(1511,1,'vi','core/setting/setting','media.chunk_size_placeholder','Mặc định: 1048576 ~ 1MB','2022-09-27 01:54:15','2022-09-27 01:54:15'),(1512,1,'vi','core/setting/setting','media.do_spaces_access_key_id','DO Spaces Access Key ID','2022-09-27 01:54:15','2022-09-27 01:54:15'),(1513,1,'vi','core/setting/setting','media.description','Cài đặt cho media','2022-09-27 01:54:15','2022-09-27 01:54:15'),(1514,1,'vi','core/setting/setting','media.do_spaces_bucket','DO Spaces Bucket','2022-09-27 01:54:15','2022-09-27 01:54:15'),(1515,1,'vi','core/setting/setting','media.do_spaces_cdn_enabled','Bật DO Spaces CDN?','2022-09-27 01:54:15','2022-09-27 01:54:15'),(1516,1,'vi','core/setting/setting','media.do_spaces_default_region','DO Spaces Default Region','2022-09-27 01:54:15','2022-09-27 01:54:15'),(1517,1,'vi','core/setting/setting','media.do_spaces_endpoint','DO Spaces Endpoint','2022-09-27 01:54:15','2022-09-27 01:54:15'),(1518,1,'vi','core/setting/setting','media.do_spaces_secret_key','DO Spaces Secret Key','2022-09-27 01:54:15','2022-09-27 01:54:15'),(1519,1,'vi','core/setting/setting','media.driver','Driver','2022-09-27 01:54:15','2022-09-27 01:54:15'),(1520,1,'vi','core/setting/setting','media.enable_chunk','Bật chunk size upload?','2022-09-27 01:54:15','2022-09-27 01:54:15'),(1521,1,'vi','core/setting/setting','media.enable_watermark','Bật watermark?','2022-09-27 01:54:15','2022-09-27 01:54:15'),(1522,1,'vi','core/setting/setting','media.max_file_size','Chunk max file size (MB)','2022-09-27 01:54:15','2022-09-27 01:54:15'),(1523,1,'vi','core/setting/setting','media.max_file_size_placeholder','Mặc định: 1048576 ~ 1GB','2022-09-27 01:54:15','2022-09-27 01:54:15'),(1524,1,'vi','core/setting/setting','media.media_do_spaces_cdn_custom_domain','Do Spaces CDN custom domain','2022-09-27 01:54:15','2022-09-27 01:54:15'),(1525,1,'vi','core/setting/setting','media.media_do_spaces_cdn_custom_domain_placeholder','https://ten-mien-cua-ban.com','2022-09-27 01:54:15','2022-09-27 01:54:15'),(1526,1,'vi','core/setting/setting','media.title','Media','2022-09-27 01:54:15','2022-09-27 01:54:15'),(1527,1,'vi','core/setting/setting','media.watermark_opacity','Watermark Opacity (%)','2022-09-27 01:54:15','2022-09-27 01:54:15'),(1528,1,'vi','core/setting/setting','media.watermark_opacity_placeholder','Mặc định: 70 (%)','2022-09-27 01:54:15','2022-09-27 01:54:15'),(1529,1,'vi','core/setting/setting','media.watermark_position','Vị trí watermark','2022-09-27 01:54:15','2022-09-27 01:54:15'),(1530,1,'vi','core/setting/setting','media.watermark_position_bottom_left','Bên trái dưới cùng','2022-09-27 01:54:15','2022-09-27 01:54:15'),(1531,1,'vi','core/setting/setting','media.watermark_position_bottom_right','Bên phải dưới cùng','2022-09-27 01:54:15','2022-09-27 01:54:15'),(1532,1,'vi','core/setting/setting','media.watermark_position_center','Chính giữa','2022-09-27 01:54:15','2022-09-27 01:54:15'),(1533,1,'vi','core/setting/setting','media.watermark_position_top_left','Bên trái trên cùng','2022-09-27 01:54:15','2022-09-27 01:54:15'),(1534,1,'vi','core/setting/setting','media.watermark_position_top_right','Bên phải trên cùng','2022-09-27 01:54:15','2022-09-27 01:54:15'),(1535,1,'vi','core/setting/setting','media.watermark_position_x','Watermark position X','2022-09-27 01:54:15','2022-09-27 01:54:15'),(1536,1,'vi','core/setting/setting','media.watermark_position_y','Watermark position Y','2022-09-27 01:54:15','2022-09-27 01:54:15'),(1537,1,'vi','core/setting/setting','media.watermark_size','Kích thước của watermark (%)','2022-09-27 01:54:15','2022-09-27 01:54:15'),(1538,1,'vi','core/setting/setting','media.watermark_size_placeholder','Mặc định: 10 (%)','2022-09-27 01:54:15','2022-09-27 01:54:15'),(1539,1,'vi','core/setting/setting','media.watermark_source','Hình ảnh watermark','2022-09-27 01:54:15','2022-09-27 01:54:15'),(1540,1,'en','core/table/general','operations','Operations','2022-09-27 01:54:15','2022-09-27 01:54:15'),(1541,1,'en','core/table/general','loading_data','Loading data from server','2022-09-27 01:54:15','2022-09-27 01:54:15'),(1542,1,'en','core/table/general','display','Display','2022-09-27 01:54:15','2022-09-27 01:54:15'),(1543,1,'en','core/table/general','all','All','2022-09-27 01:54:15','2022-09-27 01:54:15'),(1544,1,'en','core/table/general','edit_entry','Edit','2022-09-27 01:54:15','2022-09-27 01:54:15'),(1545,1,'en','core/table/general','delete_entry','Delete','2022-09-27 01:54:15','2022-09-27 01:54:15'),(1546,1,'en','core/table/general','show_from','Showing from','2022-09-27 01:54:15','2022-09-27 01:54:15'),(1547,1,'en','core/table/general','to','to','2022-09-27 01:54:15','2022-09-27 01:54:15'),(1548,1,'en','core/table/general','in','in','2022-09-27 01:54:15','2022-09-27 01:54:15'),(1549,1,'en','core/table/general','records','records','2022-09-27 01:54:15','2022-09-27 01:54:15'),(1550,1,'en','core/table/general','no_data','No data to display','2022-09-27 01:54:15','2022-09-27 01:54:15'),(1551,1,'en','core/table/general','no_record','No record','2022-09-27 01:54:15','2022-09-27 01:54:15'),(1552,1,'en','core/table/general','loading','Loading data from server','2022-09-27 01:54:15','2022-09-27 01:54:15'),(1553,1,'en','core/table/general','confirm_delete','Confirm delete','2022-09-27 01:54:15','2022-09-27 01:54:15'),(1554,1,'en','core/table/general','confirm_delete_msg','Do you really want to delete this record?','2022-09-27 01:54:15','2022-09-27 01:54:15'),(1555,1,'en','core/table/general','cancel','Cancel','2022-09-27 01:54:15','2022-09-27 01:54:15'),(1556,1,'en','core/table/general','delete','Delete','2022-09-27 01:54:15','2022-09-27 01:54:15'),(1557,1,'en','core/table/general','close','Close','2022-09-27 01:54:15','2022-09-27 01:54:15'),(1558,1,'en','core/table/general','contains','Contains','2022-09-27 01:54:15','2022-09-27 01:54:15'),(1559,1,'en','core/table/general','is_equal_to','Is equal to','2022-09-27 01:54:15','2022-09-27 01:54:15'),(1560,1,'en','core/table/general','greater_than','Greater than','2022-09-27 01:54:15','2022-09-27 01:54:15'),(1561,1,'en','core/table/general','less_than','Less than','2022-09-27 01:54:15','2022-09-27 01:54:15'),(1562,1,'en','core/table/general','value','Value','2022-09-27 01:54:15','2022-09-27 01:54:15'),(1563,1,'en','core/table/general','select_field','Select field','2022-09-27 01:54:15','2022-09-27 01:54:15'),(1564,1,'en','core/table/general','reset','Reset','2022-09-27 01:54:15','2022-09-27 01:54:15'),(1565,1,'en','core/table/general','add_additional_filter','Add additional filter','2022-09-27 01:54:15','2022-09-27 01:54:15'),(1566,1,'en','core/table/general','apply','Apply','2022-09-27 01:54:15','2022-09-27 01:54:15'),(1567,1,'en','core/table/general','filters','Filters','2022-09-27 01:54:15','2022-09-27 01:54:15'),(1568,1,'en','core/table/general','bulk_change','Bulk changes','2022-09-27 01:54:15','2022-09-27 01:54:15'),(1569,1,'en','core/table/general','select_option','Select option','2022-09-27 01:54:15','2022-09-27 01:54:15'),(1570,1,'en','core/table/general','bulk_actions','Bulk Actions','2022-09-27 01:54:15','2022-09-27 01:54:15'),(1571,1,'en','core/table/general','save_bulk_change_success','Update data for selected record(s) successfully!','2022-09-27 01:54:15','2022-09-27 01:54:15'),(1572,1,'en','core/table/general','please_select_record','Please select at least one record to perform this action!','2022-09-27 01:54:15','2022-09-27 01:54:15'),(1573,1,'en','core/table/general','filtered','(filtered from _MAX_ total records)','2022-09-27 01:54:15','2022-09-27 01:54:15'),(1574,1,'en','core/table/general','search','Search...','2022-09-27 01:54:15','2022-09-27 01:54:15'),(1575,1,'en','core/table/table','operations','Operations','2022-09-27 01:54:15','2022-09-27 01:54:15'),(1576,1,'en','core/table/table','loading_data','Loading data from server','2022-09-27 01:54:15','2022-09-27 01:54:15'),(1577,1,'en','core/table/table','display','Display','2022-09-27 01:54:15','2022-09-27 01:54:15'),(1578,1,'en','core/table/table','all','All','2022-09-27 01:54:15','2022-09-27 01:54:15'),(1579,1,'en','core/table/table','edit_entry','Edit','2022-09-27 01:54:15','2022-09-27 01:54:15'),(1580,1,'en','core/table/table','delete_entry','Delete','2022-09-27 01:54:15','2022-09-27 01:54:15'),(1581,1,'en','core/table/table','show_from','Showing from','2022-09-27 01:54:15','2022-09-27 01:54:15'),(1582,1,'en','core/table/table','to','to','2022-09-27 01:54:15','2022-09-27 01:54:15'),(1583,1,'en','core/table/table','in','in','2022-09-27 01:54:15','2022-09-27 01:54:15'),(1584,1,'en','core/table/table','records','records','2022-09-27 01:54:15','2022-09-27 01:54:15'),(1585,1,'en','core/table/table','no_data','No data to display','2022-09-27 01:54:15','2022-09-27 01:54:15'),(1586,1,'en','core/table/table','no_record','No record','2022-09-27 01:54:15','2022-09-27 01:54:15'),(1587,1,'en','core/table/table','loading','Loading data from server','2022-09-27 01:54:15','2022-09-27 01:54:15'),(1588,1,'en','core/table/table','confirm_delete','Confirm delete','2022-09-27 01:54:15','2022-09-27 01:54:15'),(1589,1,'en','core/table/table','confirm_delete_msg','Do you really want to delete this record?','2022-09-27 01:54:15','2022-09-27 01:54:15'),(1590,1,'en','core/table/table','cancel','Cancel','2022-09-27 01:54:15','2022-09-27 01:54:15'),(1591,1,'en','core/table/table','delete','Delete','2022-09-27 01:54:15','2022-09-27 01:54:15'),(1592,1,'en','core/table/table','close','Close','2022-09-27 01:54:15','2022-09-27 01:54:15'),(1593,1,'en','core/table/table','contains','Contains','2022-09-27 01:54:15','2022-09-27 01:54:15'),(1594,1,'en','core/table/table','is_equal_to','Is equal to','2022-09-27 01:54:15','2022-09-27 01:54:15'),(1595,1,'en','core/table/table','greater_than','Greater than','2022-09-27 01:54:15','2022-09-27 01:54:15'),(1596,1,'en','core/table/table','less_than','Less than','2022-09-27 01:54:15','2022-09-27 01:54:15'),(1597,1,'en','core/table/table','value','Value','2022-09-27 01:54:15','2022-09-27 01:54:15'),(1598,1,'en','core/table/table','select_field','Select field','2022-09-27 01:54:15','2022-09-27 01:54:15'),(1599,1,'en','core/table/table','reset','Reset','2022-09-27 01:54:15','2022-09-27 01:54:15'),(1600,1,'en','core/table/table','add_additional_filter','Add additional filter','2022-09-27 01:54:15','2022-09-27 01:54:15'),(1601,1,'en','core/table/table','apply','Apply','2022-09-27 01:54:15','2022-09-27 01:54:15'),(1602,1,'en','core/table/table','filters','Filters','2022-09-27 01:54:15','2022-09-27 01:54:15'),(1603,1,'en','core/table/table','bulk_change','Bulk changes','2022-09-27 01:54:15','2022-09-27 01:54:15'),(1604,1,'en','core/table/table','select_option','Select option','2022-09-27 01:54:15','2022-09-27 01:54:15'),(1605,1,'en','core/table/table','bulk_actions','Bulk Actions','2022-09-27 01:54:15','2022-09-27 01:54:15'),(1606,1,'en','core/table/table','save_bulk_change_success','Update data for selected record(s) successfully!','2022-09-27 01:54:15','2022-09-27 01:54:15'),(1607,1,'en','core/table/table','please_select_record','Please select at least one record to perform this action!','2022-09-27 01:54:15','2022-09-27 01:54:15'),(1608,1,'en','core/table/table','filtered','(filtered from _MAX_ total records)','2022-09-27 01:54:15','2022-09-27 01:54:15'),(1609,1,'en','core/table/table','search','Search...','2022-09-27 01:54:15','2022-09-27 01:54:15'),(1610,1,'vi','core/table/general','operations','Hành động','2022-09-27 01:54:15','2022-09-27 01:54:15'),(1611,1,'vi','core/table/general','loading_data','Đang tải dữ liệu từ hệ thống','2022-09-27 01:54:15','2022-09-27 01:54:15'),(1612,1,'vi','core/table/general','display','Hiển thị','2022-09-27 01:54:15','2022-09-27 01:54:15'),(1613,1,'vi','core/table/general','all','Tất cả','2022-09-27 01:54:15','2022-09-27 01:54:15'),(1614,1,'vi','core/table/general','edit_entry','Sửa','2022-09-27 01:54:15','2022-09-27 01:54:15'),(1615,1,'vi','core/table/general','delete_entry','Xoá','2022-09-27 01:54:15','2022-09-27 01:54:15'),(1616,1,'vi','core/table/general','show_from','Hiển thị từ','2022-09-27 01:54:15','2022-09-27 01:54:15'),(1617,1,'vi','core/table/general','to','đến','2022-09-27 01:54:15','2022-09-27 01:54:15'),(1618,1,'vi','core/table/general','in','trong tổng số','2022-09-27 01:54:15','2022-09-27 01:54:15'),(1619,1,'vi','core/table/general','records','bản ghi','2022-09-27 01:54:15','2022-09-27 01:54:15'),(1620,1,'vi','core/table/general','no_data','Không có dữ liệu để hiển thị','2022-09-27 01:54:15','2022-09-27 01:54:15'),(1621,1,'vi','core/table/general','no_record','không có bản ghi nào','2022-09-27 01:54:15','2022-09-27 01:54:15'),(1622,1,'vi','core/table/general','loading','Đang tải dữ liệu từ hệ thống','2022-09-27 01:54:15','2022-09-27 01:54:15'),(1623,1,'vi','core/table/general','confirm_delete','Xác nhận xoá','2022-09-27 01:54:15','2022-09-27 01:54:15'),(1624,1,'vi','core/table/general','confirm_delete_msg','Bạn có chắc chắn muốn xoá bản ghi này?','2022-09-27 01:54:15','2022-09-27 01:54:15'),(1625,1,'vi','core/table/general','cancel','Huỷ bỏ','2022-09-27 01:54:15','2022-09-27 01:54:15'),(1626,1,'vi','core/table/general','delete','Xoá','2022-09-27 01:54:15','2022-09-27 01:54:15'),(1627,1,'vi','core/table/general','close','Đóng','2022-09-27 01:54:15','2022-09-27 01:54:15'),(1628,1,'vi','core/table/general','is_equal_to','Bằng với','2022-09-27 01:54:15','2022-09-27 01:54:15'),(1629,1,'vi','core/table/general','greater_than','Lớn hơn','2022-09-27 01:54:15','2022-09-27 01:54:15'),(1630,1,'vi','core/table/general','less_than','Nhỏ hơn','2022-09-27 01:54:15','2022-09-27 01:54:15'),(1631,1,'vi','core/table/general','value','Giá trị','2022-09-27 01:54:15','2022-09-27 01:54:15'),(1632,1,'vi','core/table/general','select_field','Chọn trường','2022-09-27 01:54:15','2022-09-27 01:54:15'),(1633,1,'vi','core/table/general','reset','Làm mới','2022-09-27 01:54:15','2022-09-27 01:54:15'),(1634,1,'vi','core/table/general','add_additional_filter','Thêm bộ lọc','2022-09-27 01:54:15','2022-09-27 01:54:15'),(1635,1,'vi','core/table/general','apply','Áp dụng','2022-09-27 01:54:15','2022-09-27 01:54:15'),(1636,1,'vi','core/table/general','select_option','Lựa chọn','2022-09-27 01:54:15','2022-09-27 01:54:15'),(1637,1,'vi','core/table/general','filters','Lọc dữ liệu','2022-09-27 01:54:15','2022-09-27 01:54:15'),(1638,1,'vi','core/table/general','bulk_change','Thay đổi hàng loạt','2022-09-27 01:54:15','2022-09-27 01:54:15'),(1639,1,'vi','core/table/general','bulk_actions','Hành động','2022-09-27 01:54:15','2022-09-27 01:54:15'),(1640,1,'vi','core/table/general','contains','Bao gồm','2022-09-27 01:54:15','2022-09-27 01:54:15'),(1641,1,'vi','core/table/general','filtered','(đã được lọc từ _MAX_ bản ghi)','2022-09-27 01:54:15','2022-09-27 01:54:15'),(1642,1,'vi','core/table/table','operations','Hành động','2022-09-27 01:54:15','2022-09-27 01:54:15'),(1643,1,'vi','core/table/table','loading_data','Đang tải dữ liệu từ hệ thống','2022-09-27 01:54:15','2022-09-27 01:54:15'),(1644,1,'vi','core/table/table','display','Hiển thị','2022-09-27 01:54:15','2022-09-27 01:54:15'),(1645,1,'vi','core/table/table','all','Tất cả','2022-09-27 01:54:15','2022-09-27 01:54:15'),(1646,1,'vi','core/table/table','edit_entry','Sửa','2022-09-27 01:54:15','2022-09-27 01:54:15'),(1647,1,'vi','core/table/table','delete_entry','Xoá','2022-09-27 01:54:15','2022-09-27 01:54:15'),(1648,1,'vi','core/table/table','show_from','Hiển thị từ','2022-09-27 01:54:15','2022-09-27 01:54:15'),(1649,1,'vi','core/table/table','to','đến','2022-09-27 01:54:15','2022-09-27 01:54:15'),(1650,1,'vi','core/table/table','in','trong tổng số','2022-09-27 01:54:15','2022-09-27 01:54:15'),(1651,1,'vi','core/table/table','records','bản ghi','2022-09-27 01:54:15','2022-09-27 01:54:15'),(1652,1,'vi','core/table/table','no_data','Không có dữ liệu để hiển thị','2022-09-27 01:54:15','2022-09-27 01:54:15'),(1653,1,'vi','core/table/table','no_record','không có bản ghi nào','2022-09-27 01:54:15','2022-09-27 01:54:15'),(1654,1,'vi','core/table/table','loading','Đang tải dữ liệu từ hệ thống','2022-09-27 01:54:15','2022-09-27 01:54:15'),(1655,1,'vi','core/table/table','confirm_delete','Xác nhận xoá','2022-09-27 01:54:15','2022-09-27 01:54:15'),(1656,1,'vi','core/table/table','confirm_delete_msg','Bạn có chắc chắn muốn xoá bản ghi này?','2022-09-27 01:54:15','2022-09-27 01:54:15'),(1657,1,'vi','core/table/table','cancel','Huỷ bỏ','2022-09-27 01:54:15','2022-09-27 01:54:15'),(1658,1,'vi','core/table/table','delete','Xoá','2022-09-27 01:54:15','2022-09-27 01:54:15'),(1659,1,'vi','core/table/table','close','Đóng','2022-09-27 01:54:15','2022-09-27 01:54:15'),(1660,1,'vi','core/table/table','is_equal_to','Bằng với','2022-09-27 01:54:15','2022-09-27 01:54:15'),(1661,1,'vi','core/table/table','greater_than','Lớn hơn','2022-09-27 01:54:15','2022-09-27 01:54:15'),(1662,1,'vi','core/table/table','less_than','Nhỏ hơn','2022-09-27 01:54:15','2022-09-27 01:54:15'),(1663,1,'vi','core/table/table','value','Giá trị','2022-09-27 01:54:15','2022-09-27 01:54:15'),(1664,1,'vi','core/table/table','select_field','Chọn trường','2022-09-27 01:54:15','2022-09-27 01:54:15'),(1665,1,'vi','core/table/table','reset','Làm mới','2022-09-27 01:54:15','2022-09-27 01:54:15'),(1666,1,'vi','core/table/table','add_additional_filter','Thêm bộ lọc','2022-09-27 01:54:15','2022-09-27 01:54:15'),(1667,1,'vi','core/table/table','apply','Áp dụng','2022-09-27 01:54:15','2022-09-27 01:54:15'),(1668,1,'vi','core/table/table','select_option','Lựa chọn','2022-09-27 01:54:15','2022-09-27 01:54:15'),(1669,1,'vi','core/table/table','filters','Lọc dữ liệu','2022-09-27 01:54:15','2022-09-27 01:54:15'),(1670,1,'vi','core/table/table','bulk_change','Thay đổi hàng loạt','2022-09-27 01:54:15','2022-09-27 01:54:15'),(1671,1,'vi','core/table/table','bulk_actions','Hành động','2022-09-27 01:54:15','2022-09-27 01:54:15'),(1672,1,'vi','core/table/table','contains','Bao gồm','2022-09-27 01:54:15','2022-09-27 01:54:15'),(1673,1,'vi','core/table/table','filtered','(đã được lọc từ _MAX_ bản ghi)','2022-09-27 01:54:15','2022-09-27 01:54:15'),(1674,1,'vi','core/table/table','please_select_record','Vui lòng chọn ít nhất 1 bản ghi để thực hiện hành động này!','2022-09-27 01:54:15','2022-09-27 01:54:15'),(1675,1,'vi','core/table/table','save_bulk_change_success','Cập nhật dữ liệu cho các bản ghi thành công!','2022-09-27 01:54:15','2022-09-27 01:54:15'),(1676,1,'vi','core/table/table','search','Tìm kiếm...','2022-09-27 01:54:15','2022-09-27 01:54:15'),(1677,1,'en','packages/api/api','settings','API Settings','2022-09-27 01:54:15','2022-09-27 01:54:15'),(1678,1,'en','packages/api/api','save_settings','Save settings','2022-09-27 01:54:15','2022-09-27 01:54:15'),(1679,1,'en','packages/api/api','setting_title','API settings','2022-09-27 01:54:15','2022-09-27 01:54:15'),(1680,1,'en','packages/api/api','setting_description','Settings for API','2022-09-27 01:54:15','2022-09-27 01:54:15'),(1681,1,'en','packages/api/api','api_enabled','API enabled?','2022-09-27 01:54:15','2022-09-27 01:54:15'),(1682,1,'en','packages/menu/menu','name','Menus','2022-09-27 01:54:15','2022-09-27 01:54:15'),(1683,1,'en','packages/menu/menu','key_name','Menu name (key: :key)','2022-09-27 01:54:15','2022-09-27 01:54:15'),(1684,1,'en','packages/menu/menu','basic_info','Basic information','2022-09-27 01:54:15','2022-09-27 01:54:15'),(1685,1,'en','packages/menu/menu','add_to_menu','Add to menu','2022-09-27 01:54:15','2022-09-27 01:54:15'),(1686,1,'en','packages/menu/menu','custom_link','Custom link','2022-09-27 01:54:15','2022-09-27 01:54:15'),(1687,1,'en','packages/menu/menu','add_link','Add link','2022-09-27 01:54:15','2022-09-27 01:54:15'),(1688,1,'en','packages/menu/menu','structure','Menu structure','2022-09-27 01:54:15','2022-09-27 01:54:15'),(1689,1,'en','packages/menu/menu','remove','Remove','2022-09-27 01:54:15','2022-09-27 01:54:15'),(1690,1,'en','packages/menu/menu','cancel','Cancel','2022-09-27 01:54:15','2022-09-27 01:54:15'),(1691,1,'en','packages/menu/menu','title','Title','2022-09-27 01:54:15','2022-09-27 01:54:15'),(1692,1,'en','packages/menu/menu','icon','Icon','2022-09-27 01:54:15','2022-09-27 01:54:15'),(1693,1,'en','packages/menu/menu','url','URL','2022-09-27 01:54:15','2022-09-27 01:54:15'),(1694,1,'en','packages/menu/menu','target','Target','2022-09-27 01:54:15','2022-09-27 01:54:15'),(1695,1,'en','packages/menu/menu','css_class','CSS class','2022-09-27 01:54:15','2022-09-27 01:54:15'),(1696,1,'en','packages/menu/menu','self_open_link','Open link directly','2022-09-27 01:54:15','2022-09-27 01:54:15'),(1697,1,'en','packages/menu/menu','blank_open_link','Open link in new tab','2022-09-27 01:54:15','2022-09-27 01:54:15'),(1698,1,'en','packages/menu/menu','create','Create menu','2022-09-27 01:54:15','2022-09-27 01:54:15'),(1699,1,'en','packages/menu/menu','edit','Edit menu','2022-09-27 01:54:15','2022-09-27 01:54:15'),(1700,1,'en','packages/menu/menu','menu_settings','Menu settings','2022-09-27 01:54:15','2022-09-27 01:54:15'),(1701,1,'en','packages/menu/menu','display_location','Display location','2022-09-27 01:54:15','2022-09-27 01:54:15'),(1702,1,'en','packages/menu/menu','title_placeholder','Title','2022-09-27 01:54:15','2022-09-27 01:54:15'),(1703,1,'en','packages/menu/menu','icon_placeholder','Icon','2022-09-27 01:54:15','2022-09-27 01:54:15'),(1704,1,'en','packages/menu/menu','url_placeholder','URL','2022-09-27 01:54:15','2022-09-27 01:54:15'),(1705,1,'en','packages/menu/menu','css_class_placeholder','CSS class','2022-09-27 01:54:15','2022-09-27 01:54:15'),(1706,1,'en','packages/menu/menu','menu_id','Menu ID','2022-09-27 01:54:15','2022-09-27 01:54:15'),(1707,1,'vi','packages/menu/menu','name','Trình đơn','2022-09-27 01:54:15','2022-09-27 01:54:15'),(1708,1,'vi','packages/menu/menu','cancel','Hủy bỏ','2022-09-27 01:54:15','2022-09-27 01:54:15'),(1709,1,'vi','packages/menu/menu','add_link','Thêm liên kết','2022-09-27 01:54:15','2022-09-27 01:54:15'),(1710,1,'vi','packages/menu/menu','add_to_menu','Thêm vào trình đơn','2022-09-27 01:54:15','2022-09-27 01:54:15'),(1711,1,'vi','packages/menu/menu','basic_info','Thông tin cơ bản','2022-09-27 01:54:15','2022-09-27 01:54:15'),(1712,1,'vi','packages/menu/menu','blank_open_link','Mở liên kết trong tab mới','2022-09-27 01:54:15','2022-09-27 01:54:15'),(1713,1,'vi','packages/menu/menu','css_class','CSS class','2022-09-27 01:54:15','2022-09-27 01:54:15'),(1714,1,'vi','packages/menu/menu','custom_link','Liên kết tùy chọn','2022-09-27 01:54:15','2022-09-27 01:54:15'),(1715,1,'vi','packages/menu/menu','icon','Biểu tượng','2022-09-27 01:54:15','2022-09-27 01:54:15'),(1716,1,'vi','packages/menu/menu','key_name','Tên menu (key::key)','2022-09-27 01:54:15','2022-09-27 01:54:15'),(1717,1,'vi','packages/menu/menu','remove','Xóa','2022-09-27 01:54:15','2022-09-27 01:54:15'),(1718,1,'vi','packages/menu/menu','self_open_link','Mở liên kết trong tab hiện tại','2022-09-27 01:54:15','2022-09-27 01:54:15'),(1719,1,'vi','packages/menu/menu','structure','Cấu trúc trình đơn','2022-09-27 01:54:15','2022-09-27 01:54:15'),(1720,1,'vi','packages/menu/menu','target','Target','2022-09-27 01:54:15','2022-09-27 01:54:15'),(1721,1,'vi','packages/menu/menu','title','Tiêu đề','2022-09-27 01:54:15','2022-09-27 01:54:15'),(1722,1,'vi','packages/menu/menu','url','URL','2022-09-27 01:54:15','2022-09-27 01:54:15'),(1723,1,'vi','packages/menu/menu','create','Tạo trình đơn','2022-09-27 01:54:15','2022-09-27 01:54:15'),(1724,1,'vi','packages/menu/menu','edit','Sửa trình đơn','2022-09-27 01:54:15','2022-09-27 01:54:15'),(1725,1,'vi','packages/menu/menu','display_location','Vị trí hiển thị','2022-09-27 01:54:15','2022-09-27 01:54:15'),(1726,1,'vi','packages/menu/menu','menu_settings','Cấu hình menu','2022-09-27 01:54:15','2022-09-27 01:54:15'),(1727,1,'en','packages/optimize/optimize','settings.title','Optimize page speed','2022-09-27 01:54:15','2022-09-27 01:54:15'),(1728,1,'en','packages/optimize/optimize','settings.description','Minify HTML output, inline CSS, remove comments...','2022-09-27 01:54:15','2022-09-27 01:54:15'),(1729,1,'en','packages/optimize/optimize','settings.enable','Enable optimize page speed?','2022-09-27 01:54:15','2022-09-27 01:54:15'),(1730,1,'en','packages/optimize/optimize','collapse_white_space','Collapse white space','2022-09-27 01:54:15','2022-09-27 01:54:15'),(1731,1,'en','packages/optimize/optimize','collapse_white_space_description','This filter reduces bytes transmitted in an HTML file by removing unnecessary whitespace.','2022-09-27 01:54:15','2022-09-27 01:54:15'),(1732,1,'en','packages/optimize/optimize','elide_attributes','Elide attributes','2022-09-27 01:54:15','2022-09-27 01:54:15'),(1733,1,'en','packages/optimize/optimize','elide_attributes_description','This filter reduces the transfer size of HTML files by removing attributes from tags when the specified value is equal to the default value for that attribute. This can save a modest number of bytes, and may make the document more compressible by canonicalizing the affected tags.','2022-09-27 01:54:15','2022-09-27 01:54:15'),(1734,1,'en','packages/optimize/optimize','inline_css','Inline CSS','2022-09-27 01:54:15','2022-09-27 01:54:15'),(1735,1,'en','packages/optimize/optimize','inline_css_description','This filter transforms the inline \"style\" attribute of tags into classes by moving the CSS to the header.','2022-09-27 01:54:16','2022-09-27 01:54:16'),(1736,1,'en','packages/optimize/optimize','insert_dns_prefetch','Insert DNS prefetch','2022-09-27 01:54:16','2022-09-27 01:54:16'),(1737,1,'en','packages/optimize/optimize','insert_dns_prefetch_description','This filter injects tags in the HEAD to enable the browser to do DNS prefetching.','2022-09-27 01:54:16','2022-09-27 01:54:16'),(1738,1,'en','packages/optimize/optimize','remove_comments','Remove comments','2022-09-27 01:54:16','2022-09-27 01:54:16'),(1739,1,'en','packages/optimize/optimize','remove_comments_description','This filter eliminates HTML, JS and CSS comments. The filter reduces the transfer size of HTML files by removing the comments. Depending on the HTML file, this filter can significantly reduce the number of bytes transmitted on the network.','2022-09-27 01:54:16','2022-09-27 01:54:16'),(1740,1,'en','packages/optimize/optimize','trim_urls','Trim URLs','2022-09-27 01:54:16','2022-09-27 01:54:16'),(1741,1,'en','packages/optimize/optimize','trim_urls_description','This filter trims URLs by resolving them by making them relative to the base URL for the page.','2022-09-27 01:54:16','2022-09-27 01:54:16'),(1742,1,'en','packages/optimize/optimize','remove_quotes','Remove quotes','2022-09-27 01:54:16','2022-09-27 01:54:16'),(1743,1,'en','packages/optimize/optimize','remove_quotes_description','This filter eliminates unnecessary quotation marks from HTML attributes. While required by the various HTML specifications, browsers permit their omission when the value of an attribute is composed of a certain subset of characters (alphanumerics and some punctuation characters).','2022-09-27 01:54:16','2022-09-27 01:54:16'),(1744,1,'en','packages/optimize/optimize','defer_javascript','Defer javascript','2022-09-27 01:54:16','2022-09-27 01:54:16'),(1745,1,'en','packages/optimize/optimize','defer_javascript_description','Defers the execution of javascript in the HTML. If necessary cancel deferring in some script, use data-pagespeed-no-defer as script attribute to cancel deferring.','2022-09-27 01:54:16','2022-09-27 01:54:16'),(1746,1,'en','packages/page/pages','create','Create new page','2022-09-27 01:54:16','2022-09-27 01:54:16'),(1747,1,'en','packages/page/pages','edit','Edit page','2022-09-27 01:54:16','2022-09-27 01:54:16'),(1748,1,'en','packages/page/pages','form.name','Name','2022-09-27 01:54:16','2022-09-27 01:54:16'),(1749,1,'en','packages/page/pages','form.name_placeholder','Page\'s name (Maximum 120 characters)','2022-09-27 01:54:16','2022-09-27 01:54:16'),(1750,1,'en','packages/page/pages','form.content','Content','2022-09-27 01:54:16','2022-09-27 01:54:16'),(1751,1,'en','packages/page/pages','form.note','Note content','2022-09-27 01:54:16','2022-09-27 01:54:16'),(1752,1,'en','packages/page/pages','notices.no_select','Please select at least one record to take this action!','2022-09-27 01:54:16','2022-09-27 01:54:16'),(1753,1,'en','packages/page/pages','notices.update_success_message','Update successfully','2022-09-27 01:54:16','2022-09-27 01:54:16'),(1754,1,'en','packages/page/pages','cannot_delete','Page could not be deleted','2022-09-27 01:54:16','2022-09-27 01:54:16'),(1755,1,'en','packages/page/pages','deleted','Page deleted','2022-09-27 01:54:16','2022-09-27 01:54:16'),(1756,1,'en','packages/page/pages','pages','Pages','2022-09-27 01:54:16','2022-09-27 01:54:16'),(1757,1,'en','packages/page/pages','menu','Pages','2022-09-27 01:54:16','2022-09-27 01:54:16'),(1758,1,'en','packages/page/pages','menu_name','Pages','2022-09-27 01:54:16','2022-09-27 01:54:16'),(1759,1,'en','packages/page/pages','edit_this_page','Edit this page','2022-09-27 01:54:16','2022-09-27 01:54:16'),(1760,1,'en','packages/page/pages','total_pages','Total pages','2022-09-27 01:54:16','2022-09-27 01:54:16'),(1761,1,'en','packages/page/pages','settings.show_on_front','Your homepage displays','2022-09-27 01:54:16','2022-09-27 01:54:16'),(1762,1,'en','packages/page/pages','settings.select','— Select —','2022-09-27 01:54:16','2022-09-27 01:54:16'),(1763,1,'en','packages/page/pages','front_page','Front Page','2022-09-27 01:54:16','2022-09-27 01:54:16'),(1764,1,'vi','packages/page/pages','create','Thêm trang','2022-09-27 01:54:16','2022-09-27 01:54:16'),(1765,1,'vi','packages/page/pages','edit','Sửa trang','2022-09-27 01:54:16','2022-09-27 01:54:16'),(1766,1,'vi','packages/page/pages','form.name','Tiêu đề trang','2022-09-27 01:54:16','2022-09-27 01:54:16'),(1767,1,'vi','packages/page/pages','form.note','Nội dung ghi chú','2022-09-27 01:54:16','2022-09-27 01:54:16'),(1768,1,'vi','packages/page/pages','form.name_placeholder','Tên trang (tối đa 120 kí tự)','2022-09-27 01:54:16','2022-09-27 01:54:16'),(1769,1,'vi','packages/page/pages','form.content','Nội dung','2022-09-27 01:54:16','2022-09-27 01:54:16'),(1770,1,'vi','packages/page/pages','notices.no_select','Chọn ít nhất 1 trang để thực hiện hành động này!','2022-09-27 01:54:16','2022-09-27 01:54:16'),(1771,1,'vi','packages/page/pages','notices.update_success_message','Cập nhật thành công','2022-09-27 01:54:16','2022-09-27 01:54:16'),(1772,1,'vi','packages/page/pages','deleted','Xóa trang thành công','2022-09-27 01:54:16','2022-09-27 01:54:16'),(1773,1,'vi','packages/page/pages','cannot_delete','Không thể xóa trang','2022-09-27 01:54:16','2022-09-27 01:54:16'),(1774,1,'vi','packages/page/pages','menu','Trang','2022-09-27 01:54:16','2022-09-27 01:54:16'),(1775,1,'vi','packages/page/pages','menu_name','Trang','2022-09-27 01:54:16','2022-09-27 01:54:16'),(1776,1,'vi','packages/page/pages','edit_this_page','Sửa trang này','2022-09-27 01:54:16','2022-09-27 01:54:16'),(1777,1,'vi','packages/page/pages','pages','Trang','2022-09-27 01:54:16','2022-09-27 01:54:16'),(1778,1,'vi','packages/page/pages','front_page','Trang chủ','2022-09-27 01:54:16','2022-09-27 01:54:16'),(1779,1,'vi','packages/page/pages','settings.select','-- Lựa chọn --','2022-09-27 01:54:16','2022-09-27 01:54:16'),(1780,1,'vi','packages/page/pages','settings.show_on_front','Lựa chọn trang chủ','2022-09-27 01:54:16','2022-09-27 01:54:16'),(1781,1,'vi','packages/page/pages','total_pages','Tổng số trang','2022-09-27 01:54:16','2022-09-27 01:54:16'),(1782,1,'en','packages/plugin-management/plugin','enabled','Enabled','2022-09-27 01:54:16','2022-09-27 01:54:16'),(1783,1,'en','packages/plugin-management/plugin','deactivated','Deactivated','2022-09-27 01:54:16','2022-09-27 01:54:16'),(1784,1,'en','packages/plugin-management/plugin','activated','Activated','2022-09-27 01:54:16','2022-09-27 01:54:16'),(1785,1,'en','packages/plugin-management/plugin','activate','Activate','2022-09-27 01:54:16','2022-09-27 01:54:16'),(1786,1,'en','packages/plugin-management/plugin','deactivate','Deactivate','2022-09-27 01:54:16','2022-09-27 01:54:16'),(1787,1,'en','packages/plugin-management/plugin','author','By','2022-09-27 01:54:16','2022-09-27 01:54:16'),(1788,1,'en','packages/plugin-management/plugin','update_plugin_status_success','Update plugin successfully','2022-09-27 01:54:16','2022-09-27 01:54:16'),(1789,1,'en','packages/plugin-management/plugin','plugins','Plugins','2022-09-27 01:54:16','2022-09-27 01:54:16'),(1790,1,'en','packages/plugin-management/plugin','missing_required_plugins','Please activate plugin(s): :plugins before activate this plugin!','2022-09-27 01:54:16','2022-09-27 01:54:16'),(1791,1,'en','packages/plugin-management/plugin','remove','Remove','2022-09-27 01:54:16','2022-09-27 01:54:16'),(1792,1,'en','packages/plugin-management/plugin','remove_plugin_success','Remove plugin successfully!','2022-09-27 01:54:16','2022-09-27 01:54:16'),(1793,1,'en','packages/plugin-management/plugin','remove_plugin','Remove plugin','2022-09-27 01:54:16','2022-09-27 01:54:16'),(1794,1,'en','packages/plugin-management/plugin','remove_plugin_confirm_message','Do you really want to remove this plugin?','2022-09-27 01:54:16','2022-09-27 01:54:16'),(1795,1,'en','packages/plugin-management/plugin','remove_plugin_confirm_yes','Yes, remove it!','2022-09-27 01:54:16','2022-09-27 01:54:16'),(1796,1,'en','packages/plugin-management/plugin','total_plugins','Total plugins','2022-09-27 01:54:16','2022-09-27 01:54:16'),(1797,1,'en','packages/plugin-management/plugin','invalid_plugin','This plugin is not a valid plugin, please check it again!','2022-09-27 01:54:16','2022-09-27 01:54:16'),(1798,1,'en','packages/plugin-management/plugin','version','Version','2022-09-27 01:54:16','2022-09-27 01:54:16'),(1799,1,'en','packages/plugin-management/plugin','invalid_json','Invalid plugin.json!','2022-09-27 01:54:16','2022-09-27 01:54:16'),(1800,1,'en','packages/plugin-management/plugin','activate_success','Activate plugin successfully!','2022-09-27 01:54:16','2022-09-27 01:54:16'),(1801,1,'en','packages/plugin-management/plugin','activated_already','This plugin is activated already!','2022-09-27 01:54:16','2022-09-27 01:54:16'),(1802,1,'en','packages/plugin-management/plugin','plugin_not_exist','This plugin is not exists.','2022-09-27 01:54:16','2022-09-27 01:54:16'),(1803,1,'en','packages/plugin-management/plugin','missing_json_file','Missing file plugin.json!','2022-09-27 01:54:16','2022-09-27 01:54:16'),(1804,1,'en','packages/plugin-management/plugin','plugin_invalid','Plugin is valid!','2022-09-27 01:54:16','2022-09-27 01:54:16'),(1805,1,'en','packages/plugin-management/plugin','published_assets_success','Publish assets for plugin :name successfully!','2022-09-27 01:54:16','2022-09-27 01:54:16'),(1806,1,'en','packages/plugin-management/plugin','plugin_removed','Plugin has been removed!','2022-09-27 01:54:16','2022-09-27 01:54:16'),(1807,1,'en','packages/plugin-management/plugin','deactivated_success','Deactivate plugin successfully!','2022-09-27 01:54:16','2022-09-27 01:54:16'),(1808,1,'en','packages/plugin-management/plugin','deactivated_already','This plugin is deactivated already!','2022-09-27 01:54:16','2022-09-27 01:54:16'),(1809,1,'en','packages/plugin-management/plugin','folder_is_not_writeable','Cannot write files! Folder :name is not writable. Please chmod to make it writable!','2022-09-27 01:54:16','2022-09-27 01:54:16'),(1810,1,'en','packages/plugin-management/plugin','plugin_is_not_ready','Plugin :name is not ready to use','2022-09-27 01:54:16','2022-09-27 01:54:16'),(1811,1,'vi','packages/plugin-management/plugin','activate','Kích hoạt','2022-09-27 01:54:16','2022-09-27 01:54:16'),(1812,1,'vi','packages/plugin-management/plugin','author','Tác giả','2022-09-27 01:54:16','2022-09-27 01:54:16'),(1813,1,'vi','packages/plugin-management/plugin','version','Phiên bản','2022-09-27 01:54:16','2022-09-27 01:54:16'),(1814,1,'vi','packages/plugin-management/plugin','activated','Đã kích hoạt','2022-09-27 01:54:16','2022-09-27 01:54:16'),(1815,1,'vi','packages/plugin-management/plugin','deactivate','Hủy kích hoạt','2022-09-27 01:54:16','2022-09-27 01:54:16'),(1816,1,'vi','packages/plugin-management/plugin','deactivated','Đã vô hiệu','2022-09-27 01:54:16','2022-09-27 01:54:16'),(1817,1,'vi','packages/plugin-management/plugin','enabled','Kích hoạt','2022-09-27 01:54:16','2022-09-27 01:54:16'),(1818,1,'vi','packages/plugin-management/plugin','invalid_plugin','Gói mở rộng không hợp lệ','2022-09-27 01:54:16','2022-09-27 01:54:16'),(1819,1,'vi','packages/plugin-management/plugin','update_plugin_status_success','Cập nhật trạng thái gói mở rộng thành công','2022-09-27 01:54:16','2022-09-27 01:54:16'),(1820,1,'vi','packages/plugin-management/plugin','missing_required_plugins','Vui lòng kích hoạt các gói mở rộng :plugins trước khi kích hoạt gói này','2022-09-27 01:54:16','2022-09-27 01:54:16'),(1821,1,'vi','packages/plugin-management/plugin','plugins','Gói mở rộng','2022-09-27 01:54:16','2022-09-27 01:54:16'),(1822,1,'vi','packages/plugin-management/plugin','remove','Xoá','2022-09-27 01:54:16','2022-09-27 01:54:16'),(1823,1,'vi','packages/plugin-management/plugin','remove_plugin_success','Xoá thành công!','2022-09-27 01:54:16','2022-09-27 01:54:16'),(1824,1,'vi','packages/plugin-management/plugin','remove_plugin','Xoá gói mở rộng','2022-09-27 01:54:16','2022-09-27 01:54:16'),(1825,1,'vi','packages/plugin-management/plugin','remove_plugin_confirm_message','Bạn có chắc chắn muốn xoá plugin này?','2022-09-27 01:54:16','2022-09-27 01:54:16'),(1826,1,'vi','packages/plugin-management/plugin','remove_plugin_confirm_yes','Có, xoá!','2022-09-27 01:54:16','2022-09-27 01:54:16'),(1827,1,'vi','packages/plugin-management/plugin','total_plugins','Tất cả plugins','2022-09-27 01:54:16','2022-09-27 01:54:16'),(1828,1,'vi','packages/plugin-management/plugin','activate_success','Kích hoạt thành công!','2022-09-27 01:54:16','2022-09-27 01:54:16'),(1829,1,'vi','packages/plugin-management/plugin','activated_already','Gói mở rộng này đã được kích hoạt rồi!','2022-09-27 01:54:16','2022-09-27 01:54:16'),(1830,1,'vi','packages/plugin-management/plugin','deactivated_already','Gói mở rộng này đã được hủy kích hoạt rồi!','2022-09-27 01:54:16','2022-09-27 01:54:16'),(1831,1,'vi','packages/plugin-management/plugin','deactivated_success','Hủy kích hoạt thành công!','2022-09-27 01:54:16','2022-09-27 01:54:16'),(1832,1,'vi','packages/plugin-management/plugin','invalid_json','Sai cấu hình plugin.json!','2022-09-27 01:54:16','2022-09-27 01:54:16'),(1833,1,'vi','packages/plugin-management/plugin','missing_json_file','Thiếu tập tin cấu hình plugin.json!','2022-09-27 01:54:16','2022-09-27 01:54:16'),(1834,1,'vi','packages/plugin-management/plugin','plugin_invalid','Gói mở rộng không hợp lệ!','2022-09-27 01:54:16','2022-09-27 01:54:16'),(1835,1,'vi','packages/plugin-management/plugin','plugin_not_exist','Gói mở rộng không tồn tại','2022-09-27 01:54:16','2022-09-27 01:54:16'),(1836,1,'vi','packages/plugin-management/plugin','plugin_removed','Gói mở rộng đã bị xóa!','2022-09-27 01:54:16','2022-09-27 01:54:16'),(1837,1,'vi','packages/plugin-management/plugin','published_assets_success','Xuất bản assets cho gói mở rộng thành công!','2022-09-27 01:54:16','2022-09-27 01:54:16'),(1838,1,'en','packages/seo-helper/seo-helper','meta_box_header','Search Engine Optimize','2022-09-27 01:54:16','2022-09-27 01:54:16'),(1839,1,'en','packages/seo-helper/seo-helper','edit_seo_meta','Edit SEO meta','2022-09-27 01:54:16','2022-09-27 01:54:16'),(1840,1,'en','packages/seo-helper/seo-helper','default_description','Setup meta title & description to make your site easy to discovered on search engines such as Google','2022-09-27 01:54:16','2022-09-27 01:54:16'),(1841,1,'en','packages/seo-helper/seo-helper','seo_title','SEO Title','2022-09-27 01:54:16','2022-09-27 01:54:16'),(1842,1,'en','packages/seo-helper/seo-helper','seo_description','SEO description','2022-09-27 01:54:16','2022-09-27 01:54:16'),(1843,1,'vi','packages/seo-helper/seo-helper','meta_box_header','Tối ưu hoá bộ máy tìm kiếm (SEO)','2022-09-27 01:54:16','2022-09-27 01:54:16'),(1844,1,'vi','packages/seo-helper/seo-helper','edit_seo_meta','Chỉnh sửa SEO','2022-09-27 01:54:16','2022-09-27 01:54:16'),(1845,1,'vi','packages/seo-helper/seo-helper','default_description','Thiết lập các thẻ mô tả giúp người dùng dễ dàng tìm thấy trên công cụ tìm kiếm như Google.','2022-09-27 01:54:16','2022-09-27 01:54:16'),(1846,1,'vi','packages/seo-helper/seo-helper','seo_title','Tiêu đề trang','2022-09-27 01:54:16','2022-09-27 01:54:16'),(1847,1,'vi','packages/seo-helper/seo-helper','seo_description','Mô tả trang','2022-09-27 01:54:16','2022-09-27 01:54:16'),(1848,1,'en','packages/slug/slug','permalink_settings','Permalink','2022-09-27 01:54:16','2022-09-27 01:54:16'),(1849,1,'en','packages/slug/slug','settings.title','Permalink settings','2022-09-27 01:54:16','2022-09-27 01:54:16'),(1850,1,'en','packages/slug/slug','settings.description','Manage permalink for all modules.','2022-09-27 01:54:16','2022-09-27 01:54:16'),(1851,1,'en','packages/slug/slug','settings.preview','Preview','2022-09-27 01:54:16','2022-09-27 01:54:16'),(1852,1,'en','packages/slug/slug','settings.turn_off_automatic_url_translation_into_latin','Turn off automatic URL translation into Latin?','2022-09-27 01:54:16','2022-09-27 01:54:16'),(1853,1,'en','packages/slug/slug','preview','Preview','2022-09-27 01:54:16','2022-09-27 01:54:16'),(1854,1,'en','packages/slug/slug','prefix_for','Prefix for :name','2022-09-27 01:54:16','2022-09-27 01:54:16'),(1855,1,'vi','packages/slug/slug','permalink_settings','Liên kết cố định','2022-09-27 01:54:16','2022-09-27 01:54:16'),(1856,1,'vi','packages/slug/slug','preview','Xem trước','2022-09-27 01:54:16','2022-09-27 01:54:16'),(1857,1,'vi','packages/slug/slug','settings.description','Quản lý liên kết cố định cho các module.','2022-09-27 01:54:16','2022-09-27 01:54:16'),(1858,1,'vi','packages/slug/slug','settings.preview','Xem trước','2022-09-27 01:54:16','2022-09-27 01:54:16'),(1859,1,'vi','packages/slug/slug','settings.title','Cài đặt liên kết cố định','2022-09-27 01:54:16','2022-09-27 01:54:16'),(1860,1,'en','packages/theme/theme','name','Themes','2022-09-27 01:54:16','2022-09-27 01:54:16'),(1861,1,'en','packages/theme/theme','theme','Theme','2022-09-27 01:54:16','2022-09-27 01:54:16'),(1862,1,'en','packages/theme/theme','author','Author','2022-09-27 01:54:16','2022-09-27 01:54:16'),(1863,1,'en','packages/theme/theme','version','Version','2022-09-27 01:54:16','2022-09-27 01:54:16'),(1864,1,'en','packages/theme/theme','description','Description','2022-09-27 01:54:16','2022-09-27 01:54:16'),(1865,1,'en','packages/theme/theme','active_success','Activate theme :name successfully!','2022-09-27 01:54:16','2022-09-27 01:54:16'),(1866,1,'en','packages/theme/theme','active','Active','2022-09-27 01:54:16','2022-09-27 01:54:16'),(1867,1,'en','packages/theme/theme','activated','Activated','2022-09-27 01:54:16','2022-09-27 01:54:16'),(1868,1,'en','packages/theme/theme','appearance','Appearance','2022-09-27 01:54:16','2022-09-27 01:54:16'),(1869,1,'en','packages/theme/theme','theme_options','Theme options','2022-09-27 01:54:16','2022-09-27 01:54:16'),(1870,1,'en','packages/theme/theme','save_changes','Save Changes','2022-09-27 01:54:16','2022-09-27 01:54:16'),(1871,1,'en','packages/theme/theme','developer_mode','Developer Mode Enabled','2022-09-27 01:54:16','2022-09-27 01:54:16'),(1872,1,'en','packages/theme/theme','custom_css','Custom CSS','2022-09-27 01:54:16','2022-09-27 01:54:16'),(1873,1,'en','packages/theme/theme','custom_js','Custom JS','2022-09-27 01:54:16','2022-09-27 01:54:16'),(1874,1,'en','packages/theme/theme','custom_header_js','Header JS','2022-09-27 01:54:16','2022-09-27 01:54:16'),(1875,1,'en','packages/theme/theme','custom_header_js_placeholder','JS in header of page, wrap it inside &#x3C;script&#x3E;&#x3C;/script&#x3E;','2022-09-27 01:54:16','2022-09-27 01:54:16'),(1876,1,'en','packages/theme/theme','custom_body_js','Body JS','2022-09-27 01:54:16','2022-09-27 01:54:16'),(1877,1,'en','packages/theme/theme','custom_body_js_placeholder','JS in body of page, wrap it inside &#x3C;script&#x3E;&#x3C;/script&#x3E;','2022-09-27 01:54:16','2022-09-27 01:54:16'),(1878,1,'en','packages/theme/theme','custom_footer_js','Footer JS','2022-09-27 01:54:16','2022-09-27 01:54:16'),(1879,1,'en','packages/theme/theme','custom_footer_js_placeholder','JS in footer of page, wrap it inside &#x3C;script&#x3E;&#x3C;/script&#x3E;','2022-09-27 01:54:16','2022-09-27 01:54:16'),(1880,1,'en','packages/theme/theme','custom_html','Custom HTML','2022-09-27 01:54:16','2022-09-27 01:54:16'),(1881,1,'en','packages/theme/theme','custom_header_html','Header HTML','2022-09-27 01:54:16','2022-09-27 01:54:16'),(1882,1,'en','packages/theme/theme','custom_header_html_placeholder','HTML in header of page, no special tags: script, style, iframe...','2022-09-27 01:54:16','2022-09-27 01:54:16'),(1883,1,'en','packages/theme/theme','custom_body_html','Body HTML','2022-09-27 01:54:16','2022-09-27 01:54:16'),(1884,1,'en','packages/theme/theme','custom_body_html_placeholder','HTML in body of page, no special tags: script, style, iframe...','2022-09-27 01:54:16','2022-09-27 01:54:16'),(1885,1,'en','packages/theme/theme','custom_footer_html','Footer HTML','2022-09-27 01:54:16','2022-09-27 01:54:16'),(1886,1,'en','packages/theme/theme','custom_footer_html_placeholder','HTML in footer of page, no special tags: script, style, iframe...','2022-09-27 01:54:16','2022-09-27 01:54:16'),(1887,1,'en','packages/theme/theme','remove_theme_success','Remove theme successfully!','2022-09-27 01:54:16','2022-09-27 01:54:16'),(1888,1,'en','packages/theme/theme','theme_is_not_existed','This theme is not existed!','2022-09-27 01:54:16','2022-09-27 01:54:16'),(1889,1,'en','packages/theme/theme','remove','Remove','2022-09-27 01:54:16','2022-09-27 01:54:16'),(1890,1,'en','packages/theme/theme','remove_theme','Remove theme','2022-09-27 01:54:16','2022-09-27 01:54:16'),(1891,1,'en','packages/theme/theme','remove_theme_confirm_message','Do you really want to remove this theme?','2022-09-27 01:54:16','2022-09-27 01:54:16'),(1892,1,'en','packages/theme/theme','remove_theme_confirm_yes','Yes, remove it!','2022-09-27 01:54:16','2022-09-27 01:54:16'),(1893,1,'en','packages/theme/theme','total_themes','Total themes','2022-09-27 01:54:16','2022-09-27 01:54:16'),(1894,1,'en','packages/theme/theme','show_admin_bar','Show admin bar (When admin logged in, still show admin bar in website)?','2022-09-27 01:54:16','2022-09-27 01:54:16'),(1895,1,'en','packages/theme/theme','settings.title','Theme','2022-09-27 01:54:16','2022-09-27 01:54:16'),(1896,1,'en','packages/theme/theme','settings.description','Setting for theme','2022-09-27 01:54:16','2022-09-27 01:54:16'),(1897,1,'en','packages/theme/theme','settings.redirect_404_to_homepage','Redirect all not found requests to homepage?','2022-09-27 01:54:16','2022-09-27 01:54:16'),(1898,1,'en','packages/theme/theme','add_new','Add new','2022-09-27 01:54:16','2022-09-27 01:54:16'),(1899,1,'en','packages/theme/theme','theme_activated_already','Theme \":name\" is activated already!','2022-09-27 01:54:16','2022-09-27 01:54:16'),(1900,1,'en','packages/theme/theme','missing_json_file','Missing file theme.json!','2022-09-27 01:54:16','2022-09-27 01:54:16'),(1901,1,'en','packages/theme/theme','theme_invalid','Theme is valid!','2022-09-27 01:54:16','2022-09-27 01:54:16'),(1902,1,'en','packages/theme/theme','published_assets_success','Publish assets for :themes successfully!','2022-09-27 01:54:16','2022-09-27 01:54:16'),(1903,1,'en','packages/theme/theme','cannot_remove_theme','Cannot remove activated theme, please activate another theme before removing \":name\"!','2022-09-27 01:54:16','2022-09-27 01:54:16'),(1904,1,'en','packages/theme/theme','theme_deleted','Theme \":name\" has been destroyed.','2022-09-27 01:54:16','2022-09-27 01:54:16'),(1905,1,'en','packages/theme/theme','removed_assets','Remove assets of a theme :name successfully!','2022-09-27 01:54:16','2022-09-27 01:54:16'),(1906,1,'en','packages/theme/theme','update_custom_css_success','Update custom CSS successfully!','2022-09-27 01:54:16','2022-09-27 01:54:16'),(1907,1,'en','packages/theme/theme','update_custom_js_success','Update custom JS successfully!','2022-09-27 01:54:16','2022-09-27 01:54:16'),(1908,1,'en','packages/theme/theme','update_custom_html_success','Update custom HTML successfully!','2022-09-27 01:54:16','2022-09-27 01:54:16'),(1909,1,'en','packages/theme/theme','go_to_dashboard','Go to dashboard','2022-09-27 01:54:16','2022-09-27 01:54:16'),(1910,1,'en','packages/theme/theme','custom_css_placeholder','Using Ctrl + Space to autocomplete.','2022-09-27 01:54:16','2022-09-27 01:54:16'),(1911,1,'en','packages/theme/theme','theme_option_general','General','2022-09-27 01:54:16','2022-09-27 01:54:16'),(1912,1,'en','packages/theme/theme','theme_option_general_description','General settings','2022-09-27 01:54:16','2022-09-27 01:54:16'),(1913,1,'en','packages/theme/theme','theme_option_seo_open_graph_image','SEO default Open Graph image','2022-09-27 01:54:16','2022-09-27 01:54:16'),(1914,1,'en','packages/theme/theme','theme_option_logo','Logo','2022-09-27 01:54:16','2022-09-27 01:54:16'),(1915,1,'en','packages/theme/theme','theme_option_favicon','Favicon','2022-09-27 01:54:16','2022-09-27 01:54:16'),(1916,1,'en','packages/theme/theme','folder_is_not_writeable','Cannot write files! Folder :name is not writable. Please chmod to make it writable!','2022-09-27 01:54:16','2022-09-27 01:54:16'),(1917,1,'vi','packages/theme/theme','name','Giao diện','2022-09-27 01:54:16','2022-09-27 01:54:16'),(1918,1,'vi','packages/theme/theme','activated','Đã kích hoạt','2022-09-27 01:54:16','2022-09-27 01:54:16'),(1919,1,'vi','packages/theme/theme','active','Kích hoạt','2022-09-27 01:54:16','2022-09-27 01:54:16'),(1920,1,'vi','packages/theme/theme','active_success','Kích hoạt giao diện thành công!','2022-09-27 01:54:16','2022-09-27 01:54:16'),(1921,1,'vi','packages/theme/theme','author','Tác giả','2022-09-27 01:54:16','2022-09-27 01:54:16'),(1922,1,'vi','packages/theme/theme','description','Mô tả','2022-09-27 01:54:16','2022-09-27 01:54:16'),(1923,1,'vi','packages/theme/theme','appearance','Hiển thị','2022-09-27 01:54:16','2022-09-27 01:54:16'),(1924,1,'vi','packages/theme/theme','theme','Giao diện','2022-09-27 01:54:16','2022-09-27 01:54:16'),(1925,1,'vi','packages/theme/theme','theme_options','Tuỳ chọn giao diện','2022-09-27 01:54:16','2022-09-27 01:54:16'),(1926,1,'vi','packages/theme/theme','version','Phiên bản','2022-09-27 01:54:16','2022-09-27 01:54:16'),(1927,1,'vi','packages/theme/theme','save_changes','Lưu thay đổi','2022-09-27 01:54:16','2022-09-27 01:54:16'),(1928,1,'vi','packages/theme/theme','developer_mode','Đang kích hoạt chế độ thử nghiệm','2022-09-27 01:54:16','2022-09-27 01:54:16'),(1929,1,'vi','packages/theme/theme','custom_css','Tuỳ chỉnh CSS','2022-09-27 01:54:16','2022-09-27 01:54:16'),(1930,1,'vi','packages/theme/theme','remove','Xóa','2022-09-27 01:54:16','2022-09-27 01:54:16'),(1931,1,'vi','packages/theme/theme','remove_theme','Xóa giao diện','2022-09-27 01:54:16','2022-09-27 01:54:16'),(1932,1,'vi','packages/theme/theme','remove_theme_confirm_message','Bạn có chắc chắn muốn xóa giao diện này?','2022-09-27 01:54:16','2022-09-27 01:54:16'),(1933,1,'vi','packages/theme/theme','remove_theme_confirm_yes','Vâng, xác nhận xóa!','2022-09-27 01:54:16','2022-09-27 01:54:16'),(1934,1,'vi','packages/theme/theme','remove_theme_success','Xóa giao diện thành công!','2022-09-27 01:54:16','2022-09-27 01:54:16'),(1935,1,'vi','packages/theme/theme','settings.description','Cài đặt giao diện','2022-09-27 01:54:16','2022-09-27 01:54:16'),(1936,1,'vi','packages/theme/theme','settings.title','Giao diện','2022-09-27 01:54:16','2022-09-27 01:54:16'),(1937,1,'vi','packages/theme/theme','show_admin_bar','Hiển thị admin bar (khi admin đã đăng nhập, vẫn hiển thị admin bar trên website)?','2022-09-27 01:54:16','2022-09-27 01:54:16'),(1938,1,'vi','packages/theme/theme','total_themes','Tổng số giao diện','2022-09-27 01:54:16','2022-09-27 01:54:16'),(1939,1,'vi','packages/theme/theme','add_new','Thêm mới','2022-09-27 01:54:16','2022-09-27 01:54:16'),(1940,1,'en','packages/widget/global','name','Widgets','2022-09-27 01:54:16','2022-09-27 01:54:16'),(1941,1,'en','packages/widget/global','create','New widget','2022-09-27 01:54:16','2022-09-27 01:54:16'),(1942,1,'en','packages/widget/global','edit','Edit widget','2022-09-27 01:54:16','2022-09-27 01:54:16'),(1943,1,'en','packages/widget/global','delete','Delete','2022-09-27 01:54:16','2022-09-27 01:54:16'),(1944,1,'en','packages/widget/global','available','Available Widgets','2022-09-27 01:54:16','2022-09-27 01:54:16'),(1945,1,'en','packages/widget/global','instruction','To activate a widget drag it to a sidebar or click on it. To deactivate a widget and delete its settings, drag it back.','2022-09-27 01:54:16','2022-09-27 01:54:16'),(1946,1,'en','packages/widget/global','number_tag_display','Number tags will be display','2022-09-27 01:54:16','2022-09-27 01:54:16'),(1947,1,'en','packages/widget/global','number_post_display','Number posts will be display','2022-09-27 01:54:16','2022-09-27 01:54:16'),(1948,1,'en','packages/widget/global','select_menu','Select Menu','2022-09-27 01:54:16','2022-09-27 01:54:16'),(1949,1,'en','packages/widget/global','widget_text','Text','2022-09-27 01:54:16','2022-09-27 01:54:16'),(1950,1,'en','packages/widget/global','widget_text_description','Arbitrary text or HTML.','2022-09-27 01:54:16','2022-09-27 01:54:16'),(1951,1,'en','packages/widget/global','widget_recent_post','Recent Posts','2022-09-27 01:54:16','2022-09-27 01:54:16'),(1952,1,'en','packages/widget/global','widget_recent_post_description','Recent posts widget.','2022-09-27 01:54:16','2022-09-27 01:54:16'),(1953,1,'en','packages/widget/global','widget_custom_menu','Custom Menu','2022-09-27 01:54:16','2022-09-27 01:54:16'),(1954,1,'en','packages/widget/global','widget_custom_menu_description','Add a custom menu to your widget area.','2022-09-27 01:54:16','2022-09-27 01:54:16'),(1955,1,'en','packages/widget/global','widget_tag','Tags','2022-09-27 01:54:16','2022-09-27 01:54:16'),(1956,1,'en','packages/widget/global','widget_tag_description','Popular tags','2022-09-27 01:54:16','2022-09-27 01:54:16'),(1957,1,'en','packages/widget/global','save_success','Save widget successfully!','2022-09-27 01:54:16','2022-09-27 01:54:16'),(1958,1,'en','packages/widget/global','delete_success','Delete widget successfully!','2022-09-27 01:54:16','2022-09-27 01:54:16'),(1959,1,'en','packages/widget/widget','name','Widgets','2022-09-27 01:54:16','2022-09-27 01:54:16'),(1960,1,'en','packages/widget/widget','create','New widget','2022-09-27 01:54:16','2022-09-27 01:54:16'),(1961,1,'en','packages/widget/widget','edit','Edit widget','2022-09-27 01:54:16','2022-09-27 01:54:16'),(1962,1,'en','packages/widget/widget','delete','Delete','2022-09-27 01:54:16','2022-09-27 01:54:16'),(1963,1,'en','packages/widget/widget','available','Available Widgets','2022-09-27 01:54:16','2022-09-27 01:54:16'),(1964,1,'en','packages/widget/widget','instruction','To activate a widget drag it to a sidebar or click on it. To deactivate a widget and delete its settings, drag it back.','2022-09-27 01:54:16','2022-09-27 01:54:16'),(1965,1,'en','packages/widget/widget','number_tag_display','Number tags will be display','2022-09-27 01:54:16','2022-09-27 01:54:16'),(1966,1,'en','packages/widget/widget','number_post_display','Number posts will be display','2022-09-27 01:54:16','2022-09-27 01:54:16'),(1967,1,'en','packages/widget/widget','select_menu','Select Menu','2022-09-27 01:54:16','2022-09-27 01:54:16'),(1968,1,'en','packages/widget/widget','widget_text','Text','2022-09-27 01:54:16','2022-09-27 01:54:16'),(1969,1,'en','packages/widget/widget','widget_text_description','Arbitrary text or HTML.','2022-09-27 01:54:16','2022-09-27 01:54:16'),(1970,1,'en','packages/widget/widget','widget_recent_post','Recent Posts','2022-09-27 01:54:16','2022-09-27 01:54:16'),(1971,1,'en','packages/widget/widget','widget_recent_post_description','Recent posts widget.','2022-09-27 01:54:16','2022-09-27 01:54:16'),(1972,1,'en','packages/widget/widget','widget_custom_menu','Custom Menu','2022-09-27 01:54:16','2022-09-27 01:54:16'),(1973,1,'en','packages/widget/widget','widget_custom_menu_description','Add a custom menu to your widget area.','2022-09-27 01:54:16','2022-09-27 01:54:16'),(1974,1,'en','packages/widget/widget','widget_tag','Tags','2022-09-27 01:54:16','2022-09-27 01:54:16'),(1975,1,'en','packages/widget/widget','widget_tag_description','Popular tags','2022-09-27 01:54:16','2022-09-27 01:54:16'),(1976,1,'en','packages/widget/widget','save_success','Save widget successfully!','2022-09-27 01:54:16','2022-09-27 01:54:16'),(1977,1,'en','packages/widget/widget','delete_success','Delete widget successfully!','2022-09-27 01:54:16','2022-09-27 01:54:16'),(1978,1,'en','packages/widget/widget','primary_sidebar_name','Primary sidebar','2022-09-27 01:54:16','2022-09-27 01:54:16'),(1979,1,'en','packages/widget/widget','primary_sidebar_description','Primary sidebar section','2022-09-27 01:54:16','2022-09-27 01:54:16'),(1980,1,'vi','packages/widget/global','name','Widgets','2022-09-27 01:54:16','2022-09-27 01:54:16'),(1981,1,'vi','packages/widget/global','create','New widget','2022-09-27 01:54:16','2022-09-27 01:54:16'),(1982,1,'vi','packages/widget/global','edit','Edit widget','2022-09-27 01:54:16','2022-09-27 01:54:16'),(1983,1,'vi','packages/widget/global','available','Tiện ích có sẵn','2022-09-27 01:54:16','2022-09-27 01:54:16'),(1984,1,'vi','packages/widget/global','delete','Xóa','2022-09-27 01:54:16','2022-09-27 01:54:16'),(1985,1,'vi','packages/widget/global','instruction','Để kích hoạt tiện ích, hãy kéo nó vào sidebar hoặc nhấn vào nó. Để hủy kích hoạt tiện ích và xóa các thiết lập của tiện ích, kéo nó quay trở lại.','2022-09-27 01:54:16','2022-09-27 01:54:16'),(1986,1,'vi','packages/widget/global','number_post_display','Số bài viết sẽ hiển thị','2022-09-27 01:54:16','2022-09-27 01:54:16'),(1987,1,'vi','packages/widget/global','number_tag_display','Số thẻ sẽ hiển thị','2022-09-27 01:54:16','2022-09-27 01:54:16'),(1988,1,'vi','packages/widget/global','select_menu','Lựa chọn trình đơn','2022-09-27 01:54:16','2022-09-27 01:54:16'),(1989,1,'vi','packages/widget/global','widget_custom_menu','Menu tùy chỉnh','2022-09-27 01:54:16','2022-09-27 01:54:16'),(1990,1,'vi','packages/widget/global','widget_custom_menu_description','Thêm menu tùy chỉnh vào khu vực tiện ích của bạn','2022-09-27 01:54:16','2022-09-27 01:54:16'),(1991,1,'vi','packages/widget/global','widget_recent_post','Bài viết gần đây','2022-09-27 01:54:16','2022-09-27 01:54:16'),(1992,1,'vi','packages/widget/global','widget_recent_post_description','Tiện ích bài viết gần đây','2022-09-27 01:54:16','2022-09-27 01:54:16'),(1993,1,'vi','packages/widget/global','widget_tag','Thẻ','2022-09-27 01:54:16','2022-09-27 01:54:16'),(1994,1,'vi','packages/widget/global','widget_tag_description','Thẻ phổ biến, sử dụng nhiều','2022-09-27 01:54:16','2022-09-27 01:54:16'),(1995,1,'vi','packages/widget/global','widget_text','Văn bản','2022-09-27 01:54:16','2022-09-27 01:54:16'),(1996,1,'vi','packages/widget/global','widget_text_description','Văn bản tùy ý hoặc HTML.','2022-09-27 01:54:16','2022-09-27 01:54:16'),(1997,1,'vi','packages/widget/global','delete_success','Xoá tiện ích thành công','2022-09-27 01:54:16','2022-09-27 01:54:16'),(1998,1,'vi','packages/widget/global','save_success','Lưu tiện ích thành công!','2022-09-27 01:54:16','2022-09-27 01:54:16'),(1999,1,'vi','packages/widget/widget','name','Widgets','2022-09-27 01:54:16','2022-09-27 01:54:16'),(2000,1,'vi','packages/widget/widget','create','New widget','2022-09-27 01:54:16','2022-09-27 01:54:16'),(2001,1,'vi','packages/widget/widget','edit','Edit widget','2022-09-27 01:54:16','2022-09-27 01:54:16'),(2002,1,'vi','packages/widget/widget','available','Tiện ích có sẵn','2022-09-27 01:54:16','2022-09-27 01:54:16'),(2003,1,'vi','packages/widget/widget','delete','Xóa','2022-09-27 01:54:16','2022-09-27 01:54:16'),(2004,1,'vi','packages/widget/widget','instruction','Để kích hoạt tiện ích, hãy kéo nó vào sidebar hoặc nhấn vào nó. Để hủy kích hoạt tiện ích và xóa các thiết lập của tiện ích, kéo nó quay trở lại.','2022-09-27 01:54:16','2022-09-27 01:54:16'),(2005,1,'vi','packages/widget/widget','number_post_display','Số bài viết sẽ hiển thị','2022-09-27 01:54:16','2022-09-27 01:54:16'),(2006,1,'vi','packages/widget/widget','number_tag_display','Số thẻ sẽ hiển thị','2022-09-27 01:54:16','2022-09-27 01:54:16'),(2007,1,'vi','packages/widget/widget','select_menu','Lựa chọn trình đơn','2022-09-27 01:54:16','2022-09-27 01:54:16'),(2008,1,'vi','packages/widget/widget','widget_custom_menu','Menu tùy chỉnh','2022-09-27 01:54:16','2022-09-27 01:54:16'),(2009,1,'vi','packages/widget/widget','widget_custom_menu_description','Thêm menu tùy chỉnh vào khu vực tiện ích của bạn','2022-09-27 01:54:16','2022-09-27 01:54:16'),(2010,1,'vi','packages/widget/widget','widget_recent_post','Bài viết gần đây','2022-09-27 01:54:16','2022-09-27 01:54:16'),(2011,1,'vi','packages/widget/widget','widget_recent_post_description','Tiện ích bài viết gần đây','2022-09-27 01:54:16','2022-09-27 01:54:16'),(2012,1,'vi','packages/widget/widget','widget_tag','Thẻ','2022-09-27 01:54:16','2022-09-27 01:54:16'),(2013,1,'vi','packages/widget/widget','widget_tag_description','Thẻ phổ biến, sử dụng nhiều','2022-09-27 01:54:16','2022-09-27 01:54:16'),(2014,1,'vi','packages/widget/widget','widget_text','Văn bản','2022-09-27 01:54:16','2022-09-27 01:54:16'),(2015,1,'vi','packages/widget/widget','widget_text_description','Văn bản tùy ý hoặc HTML.','2022-09-27 01:54:16','2022-09-27 01:54:16'),(2016,1,'vi','packages/widget/widget','delete_success','Xoá tiện ích thành công','2022-09-27 01:54:16','2022-09-27 01:54:16'),(2017,1,'vi','packages/widget/widget','save_success','Lưu tiện ích thành công!','2022-09-27 01:54:16','2022-09-27 01:54:16'),(2018,1,'en','plugins/ads/ads','name','Ads','2022-09-27 01:54:16','2022-09-27 01:54:16'),(2019,1,'en','plugins/ads/ads','create','New ads','2022-09-27 01:54:16','2022-09-27 01:54:16'),(2020,1,'en','plugins/ads/ads','edit','Edit ads','2022-09-27 01:54:16','2022-09-27 01:54:16'),(2021,1,'en','plugins/ads/ads','location','Location','2022-09-27 01:54:16','2022-09-27 01:54:16'),(2022,1,'en','plugins/ads/ads','url','URL','2022-09-27 01:54:16','2022-09-27 01:54:16'),(2023,1,'en','plugins/ads/ads','expired_at','Expired at','2022-09-27 01:54:16','2022-09-27 01:54:16'),(2024,1,'en','plugins/ads/ads','key','Key','2022-09-27 01:54:16','2022-09-27 01:54:16'),(2025,1,'en','plugins/ads/ads','shortcode','Shortcode','2022-09-27 01:54:16','2022-09-27 01:54:16'),(2026,1,'en','plugins/ads/ads','clicked','Clicked','2022-09-27 01:54:16','2022-09-27 01:54:16'),(2027,1,'en','plugins/ads/ads','not_set','Not set','2022-09-27 01:54:16','2022-09-27 01:54:16'),(2028,1,'en','plugins/ads/ads','adblock_warning','If you are using Adblock browser extension, you need to disable this extension on your site first. It may block your ads if it is enabled on your site! <br /> Tips: Image name SHOULD NOT contain some ads keywords (ad, promotion...)','2022-09-27 01:54:16','2022-09-27 01:54:16'),(2029,1,'en','plugins/ads/ads','select_ad','Select Ad','2022-09-27 01:54:16','2022-09-27 01:54:16'),(2030,1,'en','plugins/analytics/analytics','sessions','Sessions','2022-09-27 01:54:16','2022-09-27 01:54:16'),(2031,1,'en','plugins/analytics/analytics','visitors','Visitors','2022-09-27 01:54:16','2022-09-27 01:54:16'),(2032,1,'en','plugins/analytics/analytics','pageviews','Pageviews','2022-09-27 01:54:16','2022-09-27 01:54:16'),(2033,1,'en','plugins/analytics/analytics','bounce_rate','Bounce Rate','2022-09-27 01:54:16','2022-09-27 01:54:16'),(2034,1,'en','plugins/analytics/analytics','page_session','Pages/Session','2022-09-27 01:54:16','2022-09-27 01:54:16'),(2035,1,'en','plugins/analytics/analytics','avg_duration','Avg. Duration','2022-09-27 01:54:16','2022-09-27 01:54:16'),(2036,1,'en','plugins/analytics/analytics','percent_new_session','Percent new session','2022-09-27 01:54:16','2022-09-27 01:54:16'),(2037,1,'en','plugins/analytics/analytics','new_users','New visitors','2022-09-27 01:54:16','2022-09-27 01:54:16'),(2038,1,'en','plugins/analytics/analytics','visits','visits','2022-09-27 01:54:16','2022-09-27 01:54:16'),(2039,1,'en','plugins/analytics/analytics','views','views','2022-09-27 01:54:16','2022-09-27 01:54:16'),(2040,1,'en','plugins/analytics/analytics','view_id_not_specified','You must provide a valid view id. The document here: <a href=\"https://docs.botble.com/cms/master/plugin-analytics\" target=\"_blank\">https://docs.botble.com/cms/master/plugin-analytics</a>','2022-09-27 01:54:16','2022-09-27 01:54:16'),(2041,1,'en','plugins/analytics/analytics','credential_is_not_valid','Analytics credentials is not valid. The document here: <a href=\"https://docs.botble.com/cms/master/plugin-analytics\" target=\"_blank\">https://docs.botble.com/cms/master/plugin-analytics</a>','2022-09-27 01:54:16','2022-09-27 01:54:16'),(2042,1,'en','plugins/analytics/analytics','start_date_can_not_before_end_date','Start date :start_date cannot be after end date :end_date','2022-09-27 01:54:16','2022-09-27 01:54:16'),(2043,1,'en','plugins/analytics/analytics','wrong_configuration','To view analytics you\'ll need to get a google analytics client id and add it to your settings. <br /> You also need JSON credential data. <br /> The document here: <a href=\"https://docs.botble.com/cms/master/plugin-analytics\" target=\"_blank\">https://docs.botble.com/cms/master/plugin-analytics</a>','2022-09-27 01:54:16','2022-09-27 01:54:16'),(2044,1,'en','plugins/analytics/analytics','settings.title','Google Analytics','2022-09-27 01:54:16','2022-09-27 01:54:16'),(2045,1,'en','plugins/analytics/analytics','settings.description','Config Credentials for Google Analytics','2022-09-27 01:54:16','2022-09-27 01:54:16'),(2046,1,'en','plugins/analytics/analytics','settings.tracking_code','Tracking ID','2022-09-27 01:54:16','2022-09-27 01:54:16'),(2047,1,'en','plugins/analytics/analytics','settings.tracking_code_placeholder','Example: GA-12586526-8','2022-09-27 01:54:16','2022-09-27 01:54:16'),(2048,1,'en','plugins/analytics/analytics','settings.view_id','View ID','2022-09-27 01:54:16','2022-09-27 01:54:16'),(2049,1,'en','plugins/analytics/analytics','settings.view_id_description','Google Analytics View ID','2022-09-27 01:54:16','2022-09-27 01:54:16'),(2050,1,'en','plugins/analytics/analytics','settings.json_credential','Service Account Credentials','2022-09-27 01:54:16','2022-09-27 01:54:16'),(2051,1,'en','plugins/analytics/analytics','settings.json_credential_description','Service Account Credentials','2022-09-27 01:54:16','2022-09-27 01:54:16'),(2052,1,'en','plugins/analytics/analytics','widget_analytics_page','Top Most Visit Pages','2022-09-27 01:54:16','2022-09-27 01:54:16'),(2053,1,'en','plugins/analytics/analytics','widget_analytics_browser','Top Browsers','2022-09-27 01:54:16','2022-09-27 01:54:16'),(2054,1,'en','plugins/analytics/analytics','widget_analytics_referrer','Top Referrers','2022-09-27 01:54:16','2022-09-27 01:54:16'),(2055,1,'en','plugins/analytics/analytics','widget_analytics_general','Site Analytics','2022-09-27 01:54:16','2022-09-27 01:54:16'),(2056,1,'vi','plugins/analytics/analytics','avg_duration','Trung bình','2022-09-27 01:54:16','2022-09-27 01:54:16'),(2057,1,'vi','plugins/analytics/analytics','bounce_rate','Tỉ lệ thoát','2022-09-27 01:54:16','2022-09-27 01:54:16'),(2058,1,'vi','plugins/analytics/analytics','page_session','Trang/Phiên','2022-09-27 01:54:17','2022-09-27 01:54:17'),(2059,1,'vi','plugins/analytics/analytics','pageviews','Lượt xem','2022-09-27 01:54:17','2022-09-27 01:54:17'),(2060,1,'vi','plugins/analytics/analytics','sessions','Phiên','2022-09-27 01:54:17','2022-09-27 01:54:17'),(2061,1,'vi','plugins/analytics/analytics','views','lượt xem','2022-09-27 01:54:17','2022-09-27 01:54:17'),(2062,1,'vi','plugins/analytics/analytics','visitors','Người truy cập','2022-09-27 01:54:17','2022-09-27 01:54:17'),(2063,1,'vi','plugins/analytics/analytics','visits','lượt ghé thăm','2022-09-27 01:54:17','2022-09-27 01:54:17'),(2064,1,'vi','plugins/analytics/analytics','credential_is_not_valid','Thông tin cài đặt không hợp lệ. Tài liệu hướng dẫn tại đây: <a href=\"https://docs.botble.com/cms/master/plugin-analytics\" target=\"_blank\">https://docs.botble.com/cms/master/plugin-analytics</a>','2022-09-27 01:54:17','2022-09-27 01:54:17'),(2065,1,'vi','plugins/analytics/analytics','new_users','Lượt khách mới','2022-09-27 01:54:17','2022-09-27 01:54:17'),(2066,1,'vi','plugins/analytics/analytics','percent_new_session','Tỉ lệ khách mới','2022-09-27 01:54:17','2022-09-27 01:54:17'),(2067,1,'vi','plugins/analytics/analytics','start_date_can_not_before_end_date','Ngày bắt đầu :start_date không thể sau ngày kết thúc :end_date','2022-09-27 01:54:17','2022-09-27 01:54:17'),(2068,1,'vi','plugins/analytics/analytics','view_id_not_specified','Bạn phải cung cấp View ID hợp lê. Tài liệu hướng dẫn tại đây: <a href=\"https://docs.botble.com/cms/master/plugin-analytics\" target=\"_blank\">https://docs.botble.com/cms/master/plugin-analytics</a>','2022-09-27 01:54:17','2022-09-27 01:54:17'),(2069,1,'vi','plugins/analytics/analytics','wrong_configuration','Để xem dữ liệu thống kê Google Analytics, bạn cần lấy thông tin Client ID và thêm nó vào trong phần cài đặt. Bạn cũng cần thông tin xác thực dạng JSON. Tài liệu hướng dẫn tại đây: <a href=\"https://docs.botble.com/cms/master/plugin-analytics\" target=\"_blank\">https://docs.botble.com/cms/master/plugin-analytics</a>','2022-09-27 01:54:17','2022-09-27 01:54:17'),(2070,1,'vi','plugins/analytics/analytics','settings.title','Google Analytics','2022-09-27 01:54:17','2022-09-27 01:54:17'),(2071,1,'vi','plugins/analytics/analytics','settings.description','Config Credentials for Google Analytics','2022-09-27 01:54:17','2022-09-27 01:54:17'),(2072,1,'vi','plugins/analytics/analytics','settings.tracking_code','Tracking Code','2022-09-27 01:54:17','2022-09-27 01:54:17'),(2073,1,'vi','plugins/analytics/analytics','settings.tracking_code_placeholder','Example: GA-12586526-8','2022-09-27 01:54:17','2022-09-27 01:54:17'),(2074,1,'vi','plugins/analytics/analytics','settings.view_id','View ID','2022-09-27 01:54:17','2022-09-27 01:54:17'),(2075,1,'vi','plugins/analytics/analytics','settings.view_id_description','Google Analytics View ID','2022-09-27 01:54:17','2022-09-27 01:54:17'),(2076,1,'vi','plugins/analytics/analytics','settings.json_credential','Service Account Credentials','2022-09-27 01:54:17','2022-09-27 01:54:17'),(2077,1,'vi','plugins/analytics/analytics','settings.json_credential_description','Service Account Credentials','2022-09-27 01:54:17','2022-09-27 01:54:17'),(2078,1,'vi','plugins/analytics/analytics','widget_analytics_browser','Trình duyệt truy cập nhiều','2022-09-27 01:54:17','2022-09-27 01:54:17'),(2079,1,'vi','plugins/analytics/analytics','widget_analytics_general','Thống kê truy cập','2022-09-27 01:54:17','2022-09-27 01:54:17'),(2080,1,'vi','plugins/analytics/analytics','widget_analytics_page','Trang được xem nhiều nhất','2022-09-27 01:54:17','2022-09-27 01:54:17'),(2081,1,'vi','plugins/analytics/analytics','widget_analytics_referrer','Trang giới thiệu nhiều','2022-09-27 01:54:17','2022-09-27 01:54:17'),(2082,1,'en','plugins/audit-log/history','name','Activities Logs','2022-09-27 01:54:17','2022-09-27 01:54:17'),(2083,1,'en','plugins/audit-log/history','created','created','2022-09-27 01:54:17','2022-09-27 01:54:17'),(2084,1,'en','plugins/audit-log/history','updated','updated','2022-09-27 01:54:17','2022-09-27 01:54:17'),(2085,1,'en','plugins/audit-log/history','deleted','deleted','2022-09-27 01:54:17','2022-09-27 01:54:17'),(2086,1,'en','plugins/audit-log/history','logged in','logged in','2022-09-27 01:54:17','2022-09-27 01:54:17'),(2087,1,'en','plugins/audit-log/history','logged out','logged out','2022-09-27 01:54:17','2022-09-27 01:54:17'),(2088,1,'en','plugins/audit-log/history','changed password','changed password','2022-09-27 01:54:17','2022-09-27 01:54:17'),(2089,1,'en','plugins/audit-log/history','updated profile','updated profile','2022-09-27 01:54:17','2022-09-27 01:54:17'),(2090,1,'en','plugins/audit-log/history','attached','attached','2022-09-27 01:54:17','2022-09-27 01:54:17'),(2091,1,'en','plugins/audit-log/history','shared','shared','2022-09-27 01:54:17','2022-09-27 01:54:17'),(2092,1,'en','plugins/audit-log/history','to the system','to the system','2022-09-27 01:54:17','2022-09-27 01:54:17'),(2093,1,'en','plugins/audit-log/history','of the system','of the system','2022-09-27 01:54:17','2022-09-27 01:54:17'),(2094,1,'en','plugins/audit-log/history','menu','menu','2022-09-27 01:54:17','2022-09-27 01:54:17'),(2095,1,'en','plugins/audit-log/history','post','post','2022-09-27 01:54:17','2022-09-27 01:54:17'),(2096,1,'en','plugins/audit-log/history','page','page','2022-09-27 01:54:17','2022-09-27 01:54:17'),(2097,1,'en','plugins/audit-log/history','category','category','2022-09-27 01:54:17','2022-09-27 01:54:17'),(2098,1,'en','plugins/audit-log/history','tag','tag','2022-09-27 01:54:17','2022-09-27 01:54:17'),(2099,1,'en','plugins/audit-log/history','user','user','2022-09-27 01:54:17','2022-09-27 01:54:17'),(2100,1,'en','plugins/audit-log/history','contact','contact','2022-09-27 01:54:17','2022-09-27 01:54:17'),(2101,1,'en','plugins/audit-log/history','backup','backup','2022-09-27 01:54:17','2022-09-27 01:54:17'),(2102,1,'en','plugins/audit-log/history','custom-field','custom field','2022-09-27 01:54:17','2022-09-27 01:54:17'),(2103,1,'en','plugins/audit-log/history','widget_audit_logs','Activities Logs','2022-09-27 01:54:17','2022-09-27 01:54:17'),(2104,1,'en','plugins/audit-log/history','action','Action','2022-09-27 01:54:17','2022-09-27 01:54:17'),(2105,1,'en','plugins/audit-log/history','user_agent','User Agent','2022-09-27 01:54:17','2022-09-27 01:54:17'),(2106,1,'en','plugins/audit-log/history','system','System','2022-09-27 01:54:17','2022-09-27 01:54:17'),(2107,1,'en','plugins/audit-log/history','delete_all','Delete all records','2022-09-27 01:54:17','2022-09-27 01:54:17'),(2108,1,'vi','plugins/audit-log/history','name','Lịch sử hoạt động','2022-09-27 01:54:17','2022-09-27 01:54:17'),(2109,1,'vi','plugins/audit-log/history','created',' đã tạo','2022-09-27 01:54:17','2022-09-27 01:54:17'),(2110,1,'vi','plugins/audit-log/history','updated',' đã cập nhật','2022-09-27 01:54:17','2022-09-27 01:54:17'),(2111,1,'vi','plugins/audit-log/history','deleted',' đã xóa','2022-09-27 01:54:17','2022-09-27 01:54:17'),(2112,1,'vi','plugins/audit-log/history','attached','đính kèm','2022-09-27 01:54:17','2022-09-27 01:54:17'),(2113,1,'vi','plugins/audit-log/history','backup','sao lưu','2022-09-27 01:54:17','2022-09-27 01:54:17'),(2114,1,'vi','plugins/audit-log/history','category','danh mục','2022-09-27 01:54:17','2022-09-27 01:54:17'),(2115,1,'vi','plugins/audit-log/history','changed password','thay đổi mật khẩu','2022-09-27 01:54:17','2022-09-27 01:54:17'),(2116,1,'vi','plugins/audit-log/history','contact','liên hệ','2022-09-27 01:54:17','2022-09-27 01:54:17'),(2117,1,'vi','plugins/audit-log/history','custom-field','khung mở rộng','2022-09-27 01:54:17','2022-09-27 01:54:17'),(2118,1,'vi','plugins/audit-log/history','logged in','đăng nhập','2022-09-27 01:54:17','2022-09-27 01:54:17'),(2119,1,'vi','plugins/audit-log/history','logged out','đăng xuất','2022-09-27 01:54:17','2022-09-27 01:54:17'),(2120,1,'vi','plugins/audit-log/history','menu','trình đơn','2022-09-27 01:54:17','2022-09-27 01:54:17'),(2121,1,'vi','plugins/audit-log/history','of the system','khỏi hệ thống','2022-09-27 01:54:17','2022-09-27 01:54:17'),(2122,1,'vi','plugins/audit-log/history','page','trang','2022-09-27 01:54:17','2022-09-27 01:54:17'),(2123,1,'vi','plugins/audit-log/history','post','bài viết','2022-09-27 01:54:17','2022-09-27 01:54:17'),(2124,1,'vi','plugins/audit-log/history','shared','đã chia sẻ','2022-09-27 01:54:17','2022-09-27 01:54:17'),(2125,1,'vi','plugins/audit-log/history','tag','thẻ','2022-09-27 01:54:17','2022-09-27 01:54:17'),(2126,1,'vi','plugins/audit-log/history','to the system','vào hệ thống','2022-09-27 01:54:17','2022-09-27 01:54:17'),(2127,1,'vi','plugins/audit-log/history','updated profile','cập nhật tài khoản','2022-09-27 01:54:17','2022-09-27 01:54:17'),(2128,1,'vi','plugins/audit-log/history','user','thành viên','2022-09-27 01:54:17','2022-09-27 01:54:17'),(2129,1,'vi','plugins/audit-log/history','widget_audit_logs','Lịch sử hoạt động','2022-09-27 01:54:17','2022-09-27 01:54:17'),(2130,1,'vi','plugins/audit-log/history','system','Hệ thống','2022-09-27 01:54:17','2022-09-27 01:54:17'),(2131,1,'vi','plugins/audit-log/history','action','Hành động','2022-09-27 01:54:17','2022-09-27 01:54:17'),(2132,1,'vi','plugins/audit-log/history','delete_all','Xóa tất cả bản ghi','2022-09-27 01:54:17','2022-09-27 01:54:17'),(2133,1,'vi','plugins/audit-log/history','user_agent','User Agent','2022-09-27 01:54:17','2022-09-27 01:54:17'),(2134,1,'en','plugins/backup/backup','name','Backup','2022-09-27 01:54:17','2022-09-27 01:54:17'),(2135,1,'en','plugins/backup/backup','backup_description','Backup database and uploads folder.','2022-09-27 01:54:17','2022-09-27 01:54:17'),(2136,1,'en','plugins/backup/backup','create_backup_success','Created backup successfully!','2022-09-27 01:54:17','2022-09-27 01:54:17'),(2137,1,'en','plugins/backup/backup','delete_backup_success','Delete backup successfully!','2022-09-27 01:54:17','2022-09-27 01:54:17'),(2138,1,'en','plugins/backup/backup','restore_backup_success','Restore backup successfully!','2022-09-27 01:54:17','2022-09-27 01:54:17'),(2139,1,'en','plugins/backup/backup','generate_btn','Generate backup','2022-09-27 01:54:17','2022-09-27 01:54:17'),(2140,1,'en','plugins/backup/backup','create','Create a backup','2022-09-27 01:54:17','2022-09-27 01:54:17'),(2141,1,'en','plugins/backup/backup','restore','Restore a backup','2022-09-27 01:54:17','2022-09-27 01:54:17'),(2142,1,'en','plugins/backup/backup','create_btn','Create','2022-09-27 01:54:17','2022-09-27 01:54:17'),(2143,1,'en','plugins/backup/backup','restore_btn','Restore','2022-09-27 01:54:17','2022-09-27 01:54:17'),(2144,1,'en','plugins/backup/backup','restore_confirm_msg','Do you really want to restore this revision?','2022-09-27 01:54:17','2022-09-27 01:54:17'),(2145,1,'en','plugins/backup/backup','download_uploads_folder','Download backup of uploads folder','2022-09-27 01:54:17','2022-09-27 01:54:17'),(2146,1,'en','plugins/backup/backup','download_database','Download backup of database','2022-09-27 01:54:17','2022-09-27 01:54:17'),(2147,1,'en','plugins/backup/backup','restore_tooltip','Restore this backup','2022-09-27 01:54:17','2022-09-27 01:54:17'),(2148,1,'en','plugins/backup/backup','demo_alert','Hi guest, if you see demo site is destroyed, please help me <a href=\":link\">go here</a> and restore demo site to the latest revision! Thank you so much!','2022-09-27 01:54:17','2022-09-27 01:54:17'),(2149,1,'en','plugins/backup/backup','menu_name','Backups','2022-09-27 01:54:17','2022-09-27 01:54:17'),(2150,1,'en','plugins/backup/backup','size','Size','2022-09-27 01:54:17','2022-09-27 01:54:17'),(2151,1,'en','plugins/backup/backup','no_backups','There is no backup now!','2022-09-27 01:54:17','2022-09-27 01:54:17'),(2152,1,'en','plugins/backup/backup','proc_open_disabled_error','Function <strong>proc_open()</strong> has been disabled so the system cannot backup the database. Please contact your hosting provider to enable it.','2022-09-27 01:54:17','2022-09-27 01:54:17'),(2153,1,'en','plugins/backup/backup','database_backup_not_existed','Backup database is not existed!','2022-09-27 01:54:17','2022-09-27 01:54:17'),(2154,1,'en','plugins/backup/backup','uploads_folder_backup_not_existed','Backup uploads folder is not existed!','2022-09-27 01:54:17','2022-09-27 01:54:17'),(2155,1,'en','plugins/backup/backup','important_message1','This is a simple backup feature, it is a solution for you if your site has < 1GB data and can be used for quickly backup your site.','2022-09-27 01:54:17','2022-09-27 01:54:17'),(2156,1,'en','plugins/backup/backup','important_message2','If you have more than 1GB images/files in local storage, you should use backup feature of your hosting or VPS.','2022-09-27 01:54:17','2022-09-27 01:54:17'),(2157,1,'en','plugins/backup/backup','important_message3','To backup your database, function <strong>proc_open()</strong> or <strong>system()</strong> must be enabled. Contact your hosting provider to enable it if it is disabled.','2022-09-27 01:54:17','2022-09-27 01:54:17'),(2158,1,'en','plugins/backup/backup','important_message4','It is not a full backup, it is just back up uploaded files and your database.','2022-09-27 01:54:17','2022-09-27 01:54:17'),(2159,1,'en','plugins/backup/backup','cannot_restore_database','Cannot restore database. The database backup is missing!','2022-09-27 01:54:17','2022-09-27 01:54:17'),(2160,1,'vi','plugins/backup/backup','backup_description','Sao lưu cơ sở dữ liệu và thư mục /uploads','2022-09-27 01:54:17','2022-09-27 01:54:17'),(2161,1,'vi','plugins/backup/backup','create','Tạo bản sao lưu','2022-09-27 01:54:17','2022-09-27 01:54:17'),(2162,1,'vi','plugins/backup/backup','create_backup_success','Tạo bản sao lưu thành công!','2022-09-27 01:54:17','2022-09-27 01:54:17'),(2163,1,'vi','plugins/backup/backup','create_btn','Tạo','2022-09-27 01:54:17','2022-09-27 01:54:17'),(2164,1,'vi','plugins/backup/backup','delete_backup_success','Xóa bản sao lưu thành công!','2022-09-27 01:54:17','2022-09-27 01:54:17'),(2165,1,'vi','plugins/backup/backup','generate_btn','Tạo sao lưu','2022-09-27 01:54:17','2022-09-27 01:54:17'),(2166,1,'vi','plugins/backup/backup','name','Sao lưu','2022-09-27 01:54:17','2022-09-27 01:54:17'),(2167,1,'vi','plugins/backup/backup','restore','Khôi phục bản sao lưu','2022-09-27 01:54:17','2022-09-27 01:54:17'),(2168,1,'vi','plugins/backup/backup','restore_backup_success','Khôi phục bản sao lưu thành công','2022-09-27 01:54:17','2022-09-27 01:54:17'),(2169,1,'vi','plugins/backup/backup','restore_btn','Khôi phục','2022-09-27 01:54:17','2022-09-27 01:54:17'),(2170,1,'vi','plugins/backup/backup','restore_confirm_msg','Bạn có chắc chắn muốn khôi phục hệ thống về thời điểm tạo bản sao lưu này?','2022-09-27 01:54:17','2022-09-27 01:54:17'),(2171,1,'vi','plugins/backup/backup','restore_tooltip','Khôi phục bản sao lưu này','2022-09-27 01:54:17','2022-09-27 01:54:17'),(2172,1,'vi','plugins/backup/backup','download_database','Tải về bản sao lưu CSDL','2022-09-27 01:54:17','2022-09-27 01:54:17'),(2173,1,'vi','plugins/backup/backup','download_uploads_folder','Tải về bản sao lưu thư mục uploads','2022-09-27 01:54:17','2022-09-27 01:54:17'),(2174,1,'vi','plugins/backup/backup','menu_name','Sao lưu','2022-09-27 01:54:17','2022-09-27 01:54:17'),(2175,1,'vi','plugins/backup/backup','demo_alert','Chào khách, nếu bạn thấy trang demo bị phá hoại, hãy tới <a href=\":link\">trang sao lưu</a> và khôi phục bản sao lưu cuối cùng. Cảm ơn bạn nhiều!','2022-09-27 01:54:17','2022-09-27 01:54:17'),(2176,1,'en','plugins/blog/base','menu_name','Blog','2022-09-27 01:54:17','2022-09-27 01:54:17'),(2177,1,'en','plugins/blog/base','blog_page','Blog Page','2022-09-27 01:54:17','2022-09-27 01:54:17'),(2178,1,'en','plugins/blog/base','select','-- Select --','2022-09-27 01:54:17','2022-09-27 01:54:17'),(2179,1,'en','plugins/blog/base','blog_page_id','Blog page','2022-09-27 01:54:17','2022-09-27 01:54:17'),(2180,1,'en','plugins/blog/base','number_posts_per_page','Number posts per page','2022-09-27 01:54:17','2022-09-27 01:54:17'),(2181,1,'en','plugins/blog/base','write_some_tags','Write some tags','2022-09-27 01:54:17','2022-09-27 01:54:17'),(2182,1,'en','plugins/blog/base','short_code_name','Blog posts','2022-09-27 01:54:17','2022-09-27 01:54:17'),(2183,1,'en','plugins/blog/base','short_code_description','Add blog posts','2022-09-27 01:54:17','2022-09-27 01:54:17'),(2184,1,'en','plugins/blog/base','number_posts_per_page_in_category','Number of posts per page in a category','2022-09-27 01:54:17','2022-09-27 01:54:17'),(2185,1,'en','plugins/blog/base','number_posts_per_page_in_tag','Number of posts per page in a tag','2022-09-27 01:54:17','2022-09-27 01:54:17'),(2186,1,'en','plugins/blog/base','settings.title','Blog','2022-09-27 01:54:17','2022-09-27 01:54:17'),(2187,1,'en','plugins/blog/base','settings.description','Settings for Blog','2022-09-27 01:54:17','2022-09-27 01:54:17'),(2188,1,'en','plugins/blog/base','settings.enable_blog_post_schema','Enable Blog Post Schema?','2022-09-27 01:54:17','2022-09-27 01:54:17'),(2189,1,'en','plugins/blog/base','settings.enable_blog_post_schema_description','Learn more: https://schema.org/Article','2022-09-27 01:54:17','2022-09-27 01:54:17'),(2190,1,'en','plugins/blog/base','settings.schema_type','Schema type','2022-09-27 01:54:17','2022-09-27 01:54:17'),(2191,1,'en','plugins/blog/categories','create','Create new category','2022-09-27 01:54:17','2022-09-27 01:54:17'),(2192,1,'en','plugins/blog/categories','edit','Edit category','2022-09-27 01:54:17','2022-09-27 01:54:17'),(2193,1,'en','plugins/blog/categories','menu','Categories','2022-09-27 01:54:17','2022-09-27 01:54:17'),(2194,1,'en','plugins/blog/categories','edit_this_category','Edit this category','2022-09-27 01:54:17','2022-09-27 01:54:17'),(2195,1,'en','plugins/blog/categories','menu_name','Categories','2022-09-27 01:54:17','2022-09-27 01:54:17'),(2196,1,'en','plugins/blog/categories','none','None','2022-09-27 01:54:17','2022-09-27 01:54:17'),(2197,1,'en','plugins/blog/categories','total_posts','Total posts: :total','2022-09-27 01:54:17','2022-09-27 01:54:17'),(2198,1,'en','plugins/blog/member','dob','Born :date','2022-09-27 01:54:17','2022-09-27 01:54:17'),(2199,1,'en','plugins/blog/member','draft_posts','Draft Posts','2022-09-27 01:54:17','2022-09-27 01:54:17'),(2200,1,'en','plugins/blog/member','pending_posts','Pending Posts','2022-09-27 01:54:17','2022-09-27 01:54:17'),(2201,1,'en','plugins/blog/member','published_posts','Published Posts','2022-09-27 01:54:17','2022-09-27 01:54:17'),(2202,1,'en','plugins/blog/member','posts','Posts','2022-09-27 01:54:17','2022-09-27 01:54:17'),(2203,1,'en','plugins/blog/member','write_post','Write a post','2022-09-27 01:54:17','2022-09-27 01:54:17'),(2204,1,'en','plugins/blog/posts','create','Create new post','2022-09-27 01:54:17','2022-09-27 01:54:17'),(2205,1,'en','plugins/blog/posts','edit','Edit post','2022-09-27 01:54:17','2022-09-27 01:54:17'),(2206,1,'en','plugins/blog/posts','form.name','Name','2022-09-27 01:54:17','2022-09-27 01:54:17'),(2207,1,'en','plugins/blog/posts','form.name_placeholder','Post\'s name (Maximum :c characters)','2022-09-27 01:54:17','2022-09-27 01:54:17'),(2208,1,'en','plugins/blog/posts','form.description','Description','2022-09-27 01:54:17','2022-09-27 01:54:17'),(2209,1,'en','plugins/blog/posts','form.description_placeholder','Short description for post (Maximum :c characters)','2022-09-27 01:54:17','2022-09-27 01:54:17'),(2210,1,'en','plugins/blog/posts','form.categories','Categories','2022-09-27 01:54:17','2022-09-27 01:54:17'),(2211,1,'en','plugins/blog/posts','form.tags','Tags','2022-09-27 01:54:17','2022-09-27 01:54:17'),(2212,1,'en','plugins/blog/posts','form.tags_placeholder','Tags','2022-09-27 01:54:17','2022-09-27 01:54:17'),(2213,1,'en','plugins/blog/posts','form.content','Content','2022-09-27 01:54:17','2022-09-27 01:54:17'),(2214,1,'en','plugins/blog/posts','form.is_featured','Is featured?','2022-09-27 01:54:17','2022-09-27 01:54:17'),(2215,1,'en','plugins/blog/posts','form.note','Note content','2022-09-27 01:54:17','2022-09-27 01:54:17'),(2216,1,'en','plugins/blog/posts','form.format_type','Format','2022-09-27 01:54:17','2022-09-27 01:54:17'),(2217,1,'en','plugins/blog/posts','cannot_delete','Post could not be deleted','2022-09-27 01:54:17','2022-09-27 01:54:17'),(2218,1,'en','plugins/blog/posts','post_deleted','Post deleted','2022-09-27 01:54:17','2022-09-27 01:54:17'),(2219,1,'en','plugins/blog/posts','posts','Posts','2022-09-27 01:54:17','2022-09-27 01:54:17'),(2220,1,'en','plugins/blog/posts','post','Post','2022-09-27 01:54:17','2022-09-27 01:54:17'),(2221,1,'en','plugins/blog/posts','edit_this_post','Edit this post','2022-09-27 01:54:17','2022-09-27 01:54:17'),(2222,1,'en','plugins/blog/posts','no_new_post_now','There is no new post now!','2022-09-27 01:54:17','2022-09-27 01:54:17'),(2223,1,'en','plugins/blog/posts','menu_name','Posts','2022-09-27 01:54:17','2022-09-27 01:54:17'),(2224,1,'en','plugins/blog/posts','widget_posts_recent','Recent Posts','2022-09-27 01:54:17','2022-09-27 01:54:17'),(2225,1,'en','plugins/blog/posts','categories','Categories','2022-09-27 01:54:17','2022-09-27 01:54:17'),(2226,1,'en','plugins/blog/posts','category','Category','2022-09-27 01:54:17','2022-09-27 01:54:17'),(2227,1,'en','plugins/blog/posts','author','Author','2022-09-27 01:54:17','2022-09-27 01:54:17'),(2228,1,'en','plugins/blog/settings','select','-- Select --','2022-09-27 01:54:17','2022-09-27 01:54:17'),(2229,1,'en','plugins/blog/settings','blog_page_id','Blog page','2022-09-27 01:54:17','2022-09-27 01:54:17'),(2230,1,'en','plugins/blog/tags','form.name','Name','2022-09-27 01:54:17','2022-09-27 01:54:17'),(2231,1,'en','plugins/blog/tags','form.name_placeholder','Tag\'s name (Maximum 120 characters)','2022-09-27 01:54:17','2022-09-27 01:54:17'),(2232,1,'en','plugins/blog/tags','form.description','Description','2022-09-27 01:54:17','2022-09-27 01:54:17'),(2233,1,'en','plugins/blog/tags','form.description_placeholder','Short description for tag (Maximum 400 characters)','2022-09-27 01:54:17','2022-09-27 01:54:17'),(2234,1,'en','plugins/blog/tags','form.categories','Categories','2022-09-27 01:54:17','2022-09-27 01:54:17'),(2235,1,'en','plugins/blog/tags','notices.no_select','Please select at least one tag to take this action!','2022-09-27 01:54:17','2022-09-27 01:54:17'),(2236,1,'en','plugins/blog/tags','create','Create new tag','2022-09-27 01:54:17','2022-09-27 01:54:17'),(2237,1,'en','plugins/blog/tags','edit','Edit tag','2022-09-27 01:54:17','2022-09-27 01:54:17'),(2238,1,'en','plugins/blog/tags','cannot_delete','Tag could not be deleted','2022-09-27 01:54:17','2022-09-27 01:54:17'),(2239,1,'en','plugins/blog/tags','deleted','Tag deleted','2022-09-27 01:54:17','2022-09-27 01:54:17'),(2240,1,'en','plugins/blog/tags','menu','Tags','2022-09-27 01:54:17','2022-09-27 01:54:17'),(2241,1,'en','plugins/blog/tags','edit_this_tag','Edit this tag','2022-09-27 01:54:17','2022-09-27 01:54:17'),(2242,1,'en','plugins/blog/tags','menu_name','Tags','2022-09-27 01:54:17','2022-09-27 01:54:17'),(2243,1,'vi','plugins/blog/base','menu_name','Blog','2022-09-27 01:54:17','2022-09-27 01:54:17'),(2244,1,'vi','plugins/blog/base','blog_page','Trang Blog','2022-09-27 01:54:17','2022-09-27 01:54:17'),(2245,1,'vi','plugins/blog/base','select','-- Lựa chọn --','2022-09-27 01:54:17','2022-09-27 01:54:17'),(2246,1,'vi','plugins/blog/base','blog_page_id','Trang Blog','2022-09-27 01:54:17','2022-09-27 01:54:17'),(2247,1,'vi','plugins/blog/categories','create','Thêm danh mục mới','2022-09-27 01:54:17','2022-09-27 01:54:17'),(2248,1,'vi','plugins/blog/categories','edit','Sửa danh mục','2022-09-27 01:54:17','2022-09-27 01:54:17'),(2249,1,'vi','plugins/blog/categories','menu','Danh mục','2022-09-27 01:54:17','2022-09-27 01:54:17'),(2250,1,'vi','plugins/blog/categories','edit_this_category','Sửa danh mục này','2022-09-27 01:54:17','2022-09-27 01:54:17'),(2251,1,'vi','plugins/blog/categories','menu_name','Danh mục','2022-09-27 01:54:17','2022-09-27 01:54:17'),(2252,1,'vi','plugins/blog/categories','none','Không','2022-09-27 01:54:17','2022-09-27 01:54:17'),(2253,1,'vi','plugins/blog/member','dob','Born :date','2022-09-27 01:54:17','2022-09-27 01:54:17'),(2254,1,'vi','plugins/blog/member','draft_posts','Draft Posts','2022-09-27 01:54:17','2022-09-27 01:54:17'),(2255,1,'vi','plugins/blog/member','pending_posts','Pending Posts','2022-09-27 01:54:17','2022-09-27 01:54:17'),(2256,1,'vi','plugins/blog/member','published_posts','Published Posts','2022-09-27 01:54:17','2022-09-27 01:54:17'),(2257,1,'vi','plugins/blog/member','posts','Posts','2022-09-27 01:54:17','2022-09-27 01:54:17'),(2258,1,'vi','plugins/blog/member','write_post','Write a post','2022-09-27 01:54:17','2022-09-27 01:54:17'),(2259,1,'vi','plugins/blog/posts','create','Thêm bài viết','2022-09-27 01:54:17','2022-09-27 01:54:17'),(2260,1,'vi','plugins/blog/posts','edit','Sửa bài viết','2022-09-27 01:54:17','2022-09-27 01:54:17'),(2261,1,'vi','plugins/blog/posts','form.name','Tên','2022-09-27 01:54:17','2022-09-27 01:54:17'),(2262,1,'vi','plugins/blog/posts','form.name_placeholder','Tên bài viết (Tối đa 120 kí tự)','2022-09-27 01:54:17','2022-09-27 01:54:17'),(2263,1,'vi','plugins/blog/posts','form.description','Mô tả','2022-09-27 01:54:17','2022-09-27 01:54:17'),(2264,1,'vi','plugins/blog/posts','form.description_placeholder','Mô tả ngắn cho bài viết (Tối đa 400 kí tự)','2022-09-27 01:54:17','2022-09-27 01:54:17'),(2265,1,'vi','plugins/blog/posts','form.categories','Chuyên mục','2022-09-27 01:54:17','2022-09-27 01:54:17'),(2266,1,'vi','plugins/blog/posts','form.tags','Từ khóa','2022-09-27 01:54:17','2022-09-27 01:54:17'),(2267,1,'vi','plugins/blog/posts','form.tags_placeholder','Thêm từ khóa','2022-09-27 01:54:17','2022-09-27 01:54:17'),(2268,1,'vi','plugins/blog/posts','form.content','Nội dung','2022-09-27 01:54:17','2022-09-27 01:54:17'),(2269,1,'vi','plugins/blog/posts','form.is_featured','Bài viết nổi bật?','2022-09-27 01:54:17','2022-09-27 01:54:17'),(2270,1,'vi','plugins/blog/posts','form.note','Nội dung ghi chú','2022-09-27 01:54:17','2022-09-27 01:54:17'),(2271,1,'vi','plugins/blog/posts','form.format_type','Định dạng','2022-09-27 01:54:17','2022-09-27 01:54:17'),(2272,1,'vi','plugins/blog/posts','post_deleted','Xóa bài viết thành công','2022-09-27 01:54:17','2022-09-27 01:54:17'),(2273,1,'vi','plugins/blog/posts','cannot_delete','Không thể xóa bài viết','2022-09-27 01:54:17','2022-09-27 01:54:17'),(2274,1,'vi','plugins/blog/posts','menu_name','Bài viết','2022-09-27 01:54:17','2022-09-27 01:54:17'),(2275,1,'vi','plugins/blog/posts','edit_this_post','Sửa bài viết này','2022-09-27 01:54:17','2022-09-27 01:54:17'),(2276,1,'vi','plugins/blog/posts','no_new_post_now','Hiện tại không có bài viết mới!','2022-09-27 01:54:17','2022-09-27 01:54:17'),(2277,1,'vi','plugins/blog/posts','posts','Bài viết','2022-09-27 01:54:17','2022-09-27 01:54:17'),(2278,1,'vi','plugins/blog/posts','post','Bài viết','2022-09-27 01:54:17','2022-09-27 01:54:17'),(2279,1,'vi','plugins/blog/posts','widget_posts_recent','Bài viết gần đây','2022-09-27 01:54:17','2022-09-27 01:54:17'),(2280,1,'vi','plugins/blog/posts','author','Tác giả','2022-09-27 01:54:17','2022-09-27 01:54:17'),(2281,1,'vi','plugins/blog/posts','categories','Danh mục','2022-09-27 01:54:17','2022-09-27 01:54:17'),(2282,1,'vi','plugins/blog/posts','category','Danh mục','2022-09-27 01:54:17','2022-09-27 01:54:17'),(2283,1,'vi','plugins/blog/tags','create','Thêm thẻ mới','2022-09-27 01:54:17','2022-09-27 01:54:17'),(2284,1,'vi','plugins/blog/tags','edit','Sửa thẻ','2022-09-27 01:54:17','2022-09-27 01:54:17'),(2285,1,'vi','plugins/blog/tags','form.name','Tên','2022-09-27 01:54:17','2022-09-27 01:54:17'),(2286,1,'vi','plugins/blog/tags','form.name_placeholder','Tên thẻ (Tối đa 120 kí tự)','2022-09-27 01:54:17','2022-09-27 01:54:17'),(2287,1,'vi','plugins/blog/tags','form.description','Mô tả','2022-09-27 01:54:17','2022-09-27 01:54:17'),(2288,1,'vi','plugins/blog/tags','form.description_placeholder','Mô tả ngắn cho tag (Tối đa 400 kí tự)','2022-09-27 01:54:17','2022-09-27 01:54:17'),(2289,1,'vi','plugins/blog/tags','form.categories','Chuyên mục','2022-09-27 01:54:17','2022-09-27 01:54:17'),(2290,1,'vi','plugins/blog/tags','notices.no_select','Chọn ít nhất 1 bài viết để thực hiện hành động này!','2022-09-27 01:54:17','2022-09-27 01:54:17'),(2291,1,'vi','plugins/blog/tags','cannot_delete','Không thể xóa thẻ','2022-09-27 01:54:17','2022-09-27 01:54:17'),(2292,1,'vi','plugins/blog/tags','deleted','Xóa thẻ thành công','2022-09-27 01:54:17','2022-09-27 01:54:17'),(2293,1,'vi','plugins/blog/tags','menu_name','Thẻ','2022-09-27 01:54:17','2022-09-27 01:54:17'),(2294,1,'vi','plugins/blog/tags','edit_this_tag','Sửa thẻ này','2022-09-27 01:54:17','2022-09-27 01:54:17'),(2295,1,'vi','plugins/blog/tags','menu','Thẻ','2022-09-27 01:54:17','2022-09-27 01:54:17'),(2296,1,'en','plugins/captcha/captcha','settings.title','Captcha','2022-09-27 01:54:17','2022-09-27 01:54:17'),(2297,1,'en','plugins/captcha/captcha','settings.description','Settings for Google Captcha','2022-09-27 01:54:17','2022-09-27 01:54:17'),(2298,1,'en','plugins/captcha/captcha','settings.captcha_site_key','Captcha Site Key','2022-09-27 01:54:17','2022-09-27 01:54:17'),(2299,1,'en','plugins/captcha/captcha','settings.captcha_secret','Captcha Secret','2022-09-27 01:54:17','2022-09-27 01:54:17'),(2300,1,'en','plugins/captcha/captcha','settings.enable_captcha','Enable Captcha?','2022-09-27 01:54:17','2022-09-27 01:54:17'),(2301,1,'en','plugins/captcha/captcha','settings.helper','Go here to get credentials https://www.google.com/recaptcha/admin#list.','2022-09-27 01:54:17','2022-09-27 01:54:17'),(2302,1,'en','plugins/captcha/captcha','settings.hide_badge','Hide recaptcha badge (for v3)','2022-09-27 01:54:17','2022-09-27 01:54:17'),(2303,1,'en','plugins/captcha/captcha','settings.type','Type','2022-09-27 01:54:17','2022-09-27 01:54:17'),(2304,1,'en','plugins/captcha/captcha','settings.v2_description','V2 (Verify requests with a challenge)','2022-09-27 01:54:17','2022-09-27 01:54:17'),(2305,1,'en','plugins/captcha/captcha','settings.v3_description','V3 (Verify requests with a score)','2022-09-27 01:54:17','2022-09-27 01:54:17'),(2306,1,'en','plugins/captcha/captcha','failed_validate','Failed to validate the captcha.','2022-09-27 01:54:17','2022-09-27 01:54:17'),(2307,1,'en','plugins/captcha/captcha','numbers.0','Zero','2022-09-27 01:54:17','2022-09-27 01:54:17'),(2308,1,'en','plugins/captcha/captcha','numbers.1','One','2022-09-27 01:54:17','2022-09-27 01:54:17'),(2309,1,'en','plugins/captcha/captcha','numbers.2','Two','2022-09-27 01:54:17','2022-09-27 01:54:17'),(2310,1,'en','plugins/captcha/captcha','numbers.3','Three','2022-09-27 01:54:17','2022-09-27 01:54:17'),(2311,1,'en','plugins/captcha/captcha','numbers.4','Four','2022-09-27 01:54:17','2022-09-27 01:54:17'),(2312,1,'en','plugins/captcha/captcha','numbers.5','Five','2022-09-27 01:54:17','2022-09-27 01:54:17'),(2313,1,'en','plugins/captcha/captcha','numbers.6','Six','2022-09-27 01:54:17','2022-09-27 01:54:17'),(2314,1,'en','plugins/captcha/captcha','numbers.7','Seven','2022-09-27 01:54:17','2022-09-27 01:54:17'),(2315,1,'en','plugins/captcha/captcha','numbers.8','Eight','2022-09-27 01:54:17','2022-09-27 01:54:17'),(2316,1,'en','plugins/captcha/captcha','numbers.9','Nine','2022-09-27 01:54:17','2022-09-27 01:54:17'),(2317,1,'en','plugins/captcha/captcha','numbers.10','Ten','2022-09-27 01:54:17','2022-09-27 01:54:17'),(2318,1,'en','plugins/captcha/captcha','numbers.11','Eleven','2022-09-27 01:54:17','2022-09-27 01:54:17'),(2319,1,'en','plugins/captcha/captcha','numbers.12','Twelve','2022-09-27 01:54:17','2022-09-27 01:54:17'),(2320,1,'en','plugins/captcha/captcha','operands.+','plus','2022-09-27 01:54:17','2022-09-27 01:54:17'),(2321,1,'en','plugins/captcha/captcha','operands.-','minus','2022-09-27 01:54:17','2022-09-27 01:54:17'),(2322,1,'en','plugins/captcha/captcha','operands.*','times','2022-09-27 01:54:17','2022-09-27 01:54:17'),(2323,1,'en','plugins/captcha/captcha','operands./','divided by','2022-09-27 01:54:17','2022-09-27 01:54:17'),(2324,1,'vi','plugins/captcha/captcha','settings.title','Captcha','2022-09-27 01:54:17','2022-09-27 01:54:17'),(2325,1,'vi','plugins/captcha/captcha','settings.description','Cài đặt cho Google Captcha','2022-09-27 01:54:17','2022-09-27 01:54:17'),(2326,1,'vi','plugins/captcha/captcha','settings.captcha_site_key','Captcha Site Key','2022-09-27 01:54:17','2022-09-27 01:54:17'),(2327,1,'vi','plugins/captcha/captcha','settings.captcha_secret','Captcha Secret','2022-09-27 01:54:17','2022-09-27 01:54:17'),(2328,1,'vi','plugins/captcha/captcha','settings.enable_captcha','Bật Captcha?','2022-09-27 01:54:17','2022-09-27 01:54:17'),(2329,1,'vi','plugins/captcha/captcha','settings.helper','Truy cập https://www.google.com/recaptcha/admin#list để lấy thông tin về Site key và Secret.','2022-09-27 01:54:17','2022-09-27 01:54:17'),(2330,1,'en','plugins/contact/contact','menu','Contact','2022-09-27 01:54:17','2022-09-27 01:54:17'),(2331,1,'en','plugins/contact/contact','edit','View contact','2022-09-27 01:54:17','2022-09-27 01:54:17'),(2332,1,'en','plugins/contact/contact','tables.phone','Phone','2022-09-27 01:54:17','2022-09-27 01:54:17'),(2333,1,'en','plugins/contact/contact','tables.email','Email','2022-09-27 01:54:17','2022-09-27 01:54:17'),(2334,1,'en','plugins/contact/contact','tables.full_name','Full Name','2022-09-27 01:54:17','2022-09-27 01:54:17'),(2335,1,'en','plugins/contact/contact','tables.time','Time','2022-09-27 01:54:17','2022-09-27 01:54:17'),(2336,1,'en','plugins/contact/contact','tables.address','Address','2022-09-27 01:54:17','2022-09-27 01:54:17'),(2337,1,'en','plugins/contact/contact','tables.subject','Subject','2022-09-27 01:54:17','2022-09-27 01:54:17'),(2338,1,'en','plugins/contact/contact','tables.content','Content','2022-09-27 01:54:17','2022-09-27 01:54:17'),(2339,1,'en','plugins/contact/contact','contact_information','Contact information','2022-09-27 01:54:17','2022-09-27 01:54:17'),(2340,1,'en','plugins/contact/contact','replies','Replies','2022-09-27 01:54:17','2022-09-27 01:54:17'),(2341,1,'en','plugins/contact/contact','email.header','Email','2022-09-27 01:54:17','2022-09-27 01:54:17'),(2342,1,'en','plugins/contact/contact','email.title','New contact from your site','2022-09-27 01:54:17','2022-09-27 01:54:17'),(2343,1,'en','plugins/contact/contact','form.name.required','Name is required','2022-09-27 01:54:17','2022-09-27 01:54:17'),(2344,1,'en','plugins/contact/contact','form.email.required','Email is required','2022-09-27 01:54:18','2022-09-27 01:54:18'),(2345,1,'en','plugins/contact/contact','form.email.email','The email address is not valid','2022-09-27 01:54:18','2022-09-27 01:54:18'),(2346,1,'en','plugins/contact/contact','form.content.required','Content is required','2022-09-27 01:54:18','2022-09-27 01:54:18'),(2347,1,'en','plugins/contact/contact','contact_sent_from','This contact information sent from','2022-09-27 01:54:18','2022-09-27 01:54:18'),(2348,1,'en','plugins/contact/contact','sender','Sender','2022-09-27 01:54:18','2022-09-27 01:54:18'),(2349,1,'en','plugins/contact/contact','sender_email','Email','2022-09-27 01:54:18','2022-09-27 01:54:18'),(2350,1,'en','plugins/contact/contact','sender_address','Address','2022-09-27 01:54:18','2022-09-27 01:54:18'),(2351,1,'en','plugins/contact/contact','sender_phone','Phone','2022-09-27 01:54:18','2022-09-27 01:54:18'),(2352,1,'en','plugins/contact/contact','message_content','Message content','2022-09-27 01:54:18','2022-09-27 01:54:18'),(2353,1,'en','plugins/contact/contact','sent_from','Email sent from','2022-09-27 01:54:18','2022-09-27 01:54:18'),(2354,1,'en','plugins/contact/contact','form_name','Name','2022-09-27 01:54:18','2022-09-27 01:54:18'),(2355,1,'en','plugins/contact/contact','form_email','Email','2022-09-27 01:54:18','2022-09-27 01:54:18'),(2356,1,'en','plugins/contact/contact','form_address','Address','2022-09-27 01:54:18','2022-09-27 01:54:18'),(2357,1,'en','plugins/contact/contact','form_subject','Subject','2022-09-27 01:54:18','2022-09-27 01:54:18'),(2358,1,'en','plugins/contact/contact','form_phone','Phone','2022-09-27 01:54:18','2022-09-27 01:54:18'),(2359,1,'en','plugins/contact/contact','form_message','Message','2022-09-27 01:54:18','2022-09-27 01:54:18'),(2360,1,'en','plugins/contact/contact','required_field','The field with (<span style=\"color: red\">*</span>) is required.','2022-09-27 01:54:18','2022-09-27 01:54:18'),(2361,1,'en','plugins/contact/contact','send_btn','Send message','2022-09-27 01:54:18','2022-09-27 01:54:18'),(2362,1,'en','plugins/contact/contact','new_msg_notice','You have <span class=\"bold\">:count</span> New Messages','2022-09-27 01:54:18','2022-09-27 01:54:18'),(2363,1,'en','plugins/contact/contact','view_all','View all','2022-09-27 01:54:18','2022-09-27 01:54:18'),(2364,1,'en','plugins/contact/contact','statuses.read','Read','2022-09-27 01:54:18','2022-09-27 01:54:18'),(2365,1,'en','plugins/contact/contact','statuses.unread','Unread','2022-09-27 01:54:18','2022-09-27 01:54:18'),(2366,1,'en','plugins/contact/contact','phone','Phone','2022-09-27 01:54:18','2022-09-27 01:54:18'),(2367,1,'en','plugins/contact/contact','address','Address','2022-09-27 01:54:18','2022-09-27 01:54:18'),(2368,1,'en','plugins/contact/contact','message','Message','2022-09-27 01:54:18','2022-09-27 01:54:18'),(2369,1,'en','plugins/contact/contact','settings.email.title','Contact','2022-09-27 01:54:18','2022-09-27 01:54:18'),(2370,1,'en','plugins/contact/contact','settings.email.description','Contact email configuration','2022-09-27 01:54:18','2022-09-27 01:54:18'),(2371,1,'en','plugins/contact/contact','settings.email.templates.notice_title','Send notice to administrator','2022-09-27 01:54:18','2022-09-27 01:54:18'),(2372,1,'en','plugins/contact/contact','settings.email.templates.notice_description','Email template to send notice to administrator when system get new contact','2022-09-27 01:54:18','2022-09-27 01:54:18'),(2373,1,'en','plugins/contact/contact','settings.title','Contact','2022-09-27 01:54:18','2022-09-27 01:54:18'),(2374,1,'en','plugins/contact/contact','settings.description','Settings for contact plugin','2022-09-27 01:54:18','2022-09-27 01:54:18'),(2375,1,'en','plugins/contact/contact','settings.blacklist_keywords','Blacklist keywords','2022-09-27 01:54:18','2022-09-27 01:54:18'),(2376,1,'en','plugins/contact/contact','settings.blacklist_keywords_placeholder','keywords...','2022-09-27 01:54:18','2022-09-27 01:54:18'),(2377,1,'en','plugins/contact/contact','settings.blacklist_keywords_helper','Blacklist contact requests if it includes those keywords in the content field (separate by comma).','2022-09-27 01:54:18','2022-09-27 01:54:18'),(2378,1,'en','plugins/contact/contact','settings.blacklist_email_domains','Blacklist email domains','2022-09-27 01:54:18','2022-09-27 01:54:18'),(2379,1,'en','plugins/contact/contact','settings.blacklist_email_domains_placeholder','domain...','2022-09-27 01:54:18','2022-09-27 01:54:18'),(2380,1,'en','plugins/contact/contact','settings.blacklist_email_domains_helper','Blacklist contact requests if the email domain is in blacklist domains (separate by comma).','2022-09-27 01:54:18','2022-09-27 01:54:18'),(2381,1,'en','plugins/contact/contact','settings.enable_math_captcha','Enable math captcha?','2022-09-27 01:54:18','2022-09-27 01:54:18'),(2382,1,'en','plugins/contact/contact','no_reply','No reply yet!','2022-09-27 01:54:18','2022-09-27 01:54:18'),(2383,1,'en','plugins/contact/contact','reply','Reply','2022-09-27 01:54:18','2022-09-27 01:54:18'),(2384,1,'en','plugins/contact/contact','send','Send','2022-09-27 01:54:18','2022-09-27 01:54:18'),(2385,1,'en','plugins/contact/contact','shortcode_name','Contact form','2022-09-27 01:54:18','2022-09-27 01:54:18'),(2386,1,'en','plugins/contact/contact','shortcode_description','Add a contact form','2022-09-27 01:54:18','2022-09-27 01:54:18'),(2387,1,'en','plugins/contact/contact','shortcode_content_description','Add shortcode [contact-form][/contact-form] to editor?','2022-09-27 01:54:18','2022-09-27 01:54:18'),(2388,1,'en','plugins/contact/contact','message_sent_success','Message sent successfully!','2022-09-27 01:54:18','2022-09-27 01:54:18'),(2389,1,'vi','plugins/contact/contact','menu','Liên hệ','2022-09-27 01:54:18','2022-09-27 01:54:18'),(2390,1,'vi','plugins/contact/contact','edit','Xem liên hệ','2022-09-27 01:54:18','2022-09-27 01:54:18'),(2391,1,'vi','plugins/contact/contact','tables.phone','Điện thoại','2022-09-27 01:54:18','2022-09-27 01:54:18'),(2392,1,'vi','plugins/contact/contact','tables.email','Email','2022-09-27 01:54:18','2022-09-27 01:54:18'),(2393,1,'vi','plugins/contact/contact','tables.full_name','Họ tên','2022-09-27 01:54:18','2022-09-27 01:54:18'),(2394,1,'vi','plugins/contact/contact','tables.time','Thời gian','2022-09-27 01:54:18','2022-09-27 01:54:18'),(2395,1,'vi','plugins/contact/contact','tables.address','Địa địa chỉ','2022-09-27 01:54:18','2022-09-27 01:54:18'),(2396,1,'vi','plugins/contact/contact','tables.subject','Tiêu đề','2022-09-27 01:54:18','2022-09-27 01:54:18'),(2397,1,'vi','plugins/contact/contact','tables.content','Nội dung','2022-09-27 01:54:18','2022-09-27 01:54:18'),(2398,1,'vi','plugins/contact/contact','contact_information','Thông tin liên hệ','2022-09-27 01:54:18','2022-09-27 01:54:18'),(2399,1,'vi','plugins/contact/contact','email.title','Thông tin liên hệ mới','2022-09-27 01:54:18','2022-09-27 01:54:18'),(2400,1,'vi','plugins/contact/contact','email.header','Email','2022-09-27 01:54:18','2022-09-27 01:54:18'),(2401,1,'vi','plugins/contact/contact','form.name.required','Tên là bắt buộc','2022-09-27 01:54:18','2022-09-27 01:54:18'),(2402,1,'vi','plugins/contact/contact','form.email.required','Email là bắt buộc','2022-09-27 01:54:18','2022-09-27 01:54:18'),(2403,1,'vi','plugins/contact/contact','form.email.email','Địa chỉ email không hợp lệ','2022-09-27 01:54:18','2022-09-27 01:54:18'),(2404,1,'vi','plugins/contact/contact','form.content.required','Nội dung là bắt buộc','2022-09-27 01:54:18','2022-09-27 01:54:18'),(2405,1,'vi','plugins/contact/contact','contact_sent_from','Liên hệ này được gửi từ','2022-09-27 01:54:18','2022-09-27 01:54:18'),(2406,1,'vi','plugins/contact/contact','form_address','Địa chỉ','2022-09-27 01:54:18','2022-09-27 01:54:18'),(2407,1,'vi','plugins/contact/contact','form_email','Thư điện tử','2022-09-27 01:54:18','2022-09-27 01:54:18'),(2408,1,'vi','plugins/contact/contact','form_message','Thông điệp','2022-09-27 01:54:18','2022-09-27 01:54:18'),(2409,1,'vi','plugins/contact/contact','form_name','Họ tên','2022-09-27 01:54:18','2022-09-27 01:54:18'),(2410,1,'vi','plugins/contact/contact','form_phone','Số điện thoại','2022-09-27 01:54:18','2022-09-27 01:54:18'),(2411,1,'vi','plugins/contact/contact','message_content','Nội dung thông điệp','2022-09-27 01:54:18','2022-09-27 01:54:18'),(2412,1,'vi','plugins/contact/contact','required_field','Những trường có dấu (<span style=\"color: red\">*</span>) là bắt buộc.','2022-09-27 01:54:18','2022-09-27 01:54:18'),(2413,1,'vi','plugins/contact/contact','send_btn','Gửi tin nhắn','2022-09-27 01:54:18','2022-09-27 01:54:18'),(2414,1,'vi','plugins/contact/contact','sender','Người gửi','2022-09-27 01:54:18','2022-09-27 01:54:18'),(2415,1,'vi','plugins/contact/contact','sender_address','Địa chỉ','2022-09-27 01:54:18','2022-09-27 01:54:18'),(2416,1,'vi','plugins/contact/contact','sender_email','Thư điện tử','2022-09-27 01:54:18','2022-09-27 01:54:18'),(2417,1,'vi','plugins/contact/contact','sender_phone','Số điện thoại','2022-09-27 01:54:18','2022-09-27 01:54:18'),(2418,1,'vi','plugins/contact/contact','sent_from','Thư được gửi từ','2022-09-27 01:54:18','2022-09-27 01:54:18'),(2419,1,'vi','plugins/contact/contact','address','Địa chỉ','2022-09-27 01:54:18','2022-09-27 01:54:18'),(2420,1,'vi','plugins/contact/contact','message','Liên hệ','2022-09-27 01:54:18','2022-09-27 01:54:18'),(2421,1,'vi','plugins/contact/contact','new_msg_notice','Bạn có <span class=\"bold\">:count</span> tin nhắn mới','2022-09-27 01:54:18','2022-09-27 01:54:18'),(2422,1,'vi','plugins/contact/contact','phone','Điện thoại','2022-09-27 01:54:18','2022-09-27 01:54:18'),(2423,1,'vi','plugins/contact/contact','statuses.read','Đã đọc','2022-09-27 01:54:18','2022-09-27 01:54:18'),(2424,1,'vi','plugins/contact/contact','statuses.unread','Chưa đọc','2022-09-27 01:54:18','2022-09-27 01:54:18'),(2425,1,'vi','plugins/contact/contact','view_all','Xem tất cả','2022-09-27 01:54:18','2022-09-27 01:54:18'),(2426,1,'vi','plugins/contact/contact','settings.email.title','Liên hệ','2022-09-27 01:54:18','2022-09-27 01:54:18'),(2427,1,'vi','plugins/contact/contact','settings.email.description','Cấu hình thông tin cho mục liên hệ','2022-09-27 01:54:18','2022-09-27 01:54:18'),(2428,1,'vi','plugins/contact/contact','settings.email.templates.notice_title','Thông báo tới admin','2022-09-27 01:54:18','2022-09-27 01:54:18'),(2429,1,'vi','plugins/contact/contact','settings.email.templates.notice_description','Mẫu nội dung email gửi tới admin khi có liên hệ mới','2022-09-27 01:54:18','2022-09-27 01:54:18'),(2430,1,'vi','plugins/contact/contact','replies','Trả lời','2022-09-27 01:54:18','2022-09-27 01:54:18'),(2431,1,'vi','plugins/contact/contact','form_subject','Tiêu đề','2022-09-27 01:54:18','2022-09-27 01:54:18'),(2432,1,'en','plugins/cookie-consent/cookie-consent','theme_options.name','Cookie Consent','2022-09-27 01:54:18','2022-09-27 01:54:18'),(2433,1,'en','plugins/cookie-consent/cookie-consent','theme_options.description','Cookie consent settings','2022-09-27 01:54:18','2022-09-27 01:54:18'),(2434,1,'en','plugins/cookie-consent/cookie-consent','theme_options.enable','Enable cookie consent?','2022-09-27 01:54:18','2022-09-27 01:54:18'),(2435,1,'en','plugins/cookie-consent/cookie-consent','theme_options.message','Message','2022-09-27 01:54:18','2022-09-27 01:54:18'),(2436,1,'en','plugins/cookie-consent/cookie-consent','theme_options.button_text','Button text','2022-09-27 01:54:18','2022-09-27 01:54:18'),(2437,1,'en','plugins/cookie-consent/cookie-consent','theme_options.max_width','Max width (px)','2022-09-27 01:54:18','2022-09-27 01:54:18'),(2438,1,'en','plugins/cookie-consent/cookie-consent','theme_options.background_color','Background color','2022-09-27 01:54:18','2022-09-27 01:54:18'),(2439,1,'en','plugins/cookie-consent/cookie-consent','theme_options.text_color','Text color','2022-09-27 01:54:18','2022-09-27 01:54:18'),(2440,1,'en','plugins/cookie-consent/cookie-consent','theme_options.learn_more_url','Learn more URL','2022-09-27 01:54:18','2022-09-27 01:54:18'),(2441,1,'en','plugins/cookie-consent/cookie-consent','theme_options.learn_more_text','Learn more text','2022-09-27 01:54:18','2022-09-27 01:54:18'),(2442,1,'en','plugins/cookie-consent/cookie-consent','theme_options.style','Style','2022-09-27 01:54:18','2022-09-27 01:54:18'),(2443,1,'en','plugins/cookie-consent/cookie-consent','theme_options.full_width','Full width','2022-09-27 01:54:18','2022-09-27 01:54:18'),(2444,1,'en','plugins/cookie-consent/cookie-consent','theme_options.minimal','Minimal','2022-09-27 01:54:18','2022-09-27 01:54:18'),(2445,1,'en','plugins/cookie-consent/cookie-consent','message','Your experience on this site will be improved by allowing cookies.','2022-09-27 01:54:18','2022-09-27 01:54:18'),(2446,1,'en','plugins/cookie-consent/cookie-consent','button_text','Allow cookies','2022-09-27 01:54:18','2022-09-27 01:54:18'),(2447,1,'en','plugins/ecommerce/brands','name','Brands','2022-09-27 01:54:18','2022-09-27 01:54:18'),(2448,1,'en','plugins/ecommerce/brands','create','New brand','2022-09-27 01:54:18','2022-09-27 01:54:18'),(2449,1,'en','plugins/ecommerce/brands','edit','Edit brand','2022-09-27 01:54:18','2022-09-27 01:54:18'),(2450,1,'en','plugins/ecommerce/brands','form.name','Name','2022-09-27 01:54:18','2022-09-27 01:54:18'),(2451,1,'en','plugins/ecommerce/brands','form.name_placeholder','Brand\'s name (Maximum 255 characters)','2022-09-27 01:54:18','2022-09-27 01:54:18'),(2452,1,'en','plugins/ecommerce/brands','form.description','Description','2022-09-27 01:54:18','2022-09-27 01:54:18'),(2453,1,'en','plugins/ecommerce/brands','form.description_placeholder','Short description for brand (Maximum 400 characters)','2022-09-27 01:54:18','2022-09-27 01:54:18'),(2454,1,'en','plugins/ecommerce/brands','form.website','Website','2022-09-27 01:54:18','2022-09-27 01:54:18'),(2455,1,'en','plugins/ecommerce/brands','form.logo','Logo','2022-09-27 01:54:18','2022-09-27 01:54:18'),(2456,1,'en','plugins/ecommerce/brands','form.is_featured','Is featured','2022-09-27 01:54:18','2022-09-27 01:54:18'),(2457,1,'en','plugins/ecommerce/brands','logo','Logo','2022-09-27 01:54:18','2022-09-27 01:54:18'),(2458,1,'en','plugins/ecommerce/brands','website','Website','2022-09-27 01:54:18','2022-09-27 01:54:18'),(2459,1,'en','plugins/ecommerce/brands','notices.no_select','Please select at least one record to take this action!','2022-09-27 01:54:18','2022-09-27 01:54:18'),(2460,1,'en','plugins/ecommerce/brands','notices.update_success_message','Update successfully','2022-09-27 01:54:18','2022-09-27 01:54:18'),(2461,1,'en','plugins/ecommerce/brands','cannot_delete','Brand could not be deleted','2022-09-27 01:54:18','2022-09-27 01:54:18'),(2462,1,'en','plugins/ecommerce/brands','brand_deleted','Brand deleted','2022-09-27 01:54:18','2022-09-27 01:54:18'),(2463,1,'en','plugins/ecommerce/brands','menu','Brands','2022-09-27 01:54:18','2022-09-27 01:54:18'),(2464,1,'en','plugins/ecommerce/brands','no_brand','No brand','2022-09-27 01:54:18','2022-09-27 01:54:18'),(2465,1,'en','plugins/ecommerce/brands','intro.title','Manage brands','2022-09-27 01:54:18','2022-09-27 01:54:18'),(2466,1,'en','plugins/ecommerce/brands','intro.description','Manage product brands such as Nike, Adidas, Bitis ...','2022-09-27 01:54:18','2022-09-27 01:54:18'),(2467,1,'en','plugins/ecommerce/brands','intro.button_text','Create brand','2022-09-27 01:54:18','2022-09-27 01:54:18'),(2468,1,'en','plugins/ecommerce/bulk-import','name','Bulk Import','2022-09-27 01:54:18','2022-09-27 01:54:18'),(2469,1,'en','plugins/ecommerce/bulk-import','loading_text','Importing','2022-09-27 01:54:18','2022-09-27 01:54:18'),(2470,1,'en','plugins/ecommerce/bulk-import','imported_successfully','Imported successfully.','2022-09-27 01:54:18','2022-09-27 01:54:18'),(2471,1,'en','plugins/ecommerce/bulk-import','please_choose_the_file_mime','Please choose the file mime :types','2022-09-27 01:54:18','2022-09-27 01:54:18'),(2472,1,'en','plugins/ecommerce/bulk-import','please_choose_the_file','Please choose the file','2022-09-27 01:54:18','2022-09-27 01:54:18'),(2473,1,'en','plugins/ecommerce/bulk-import','start_import','Start Import','2022-09-27 01:54:18','2022-09-27 01:54:18'),(2474,1,'en','plugins/ecommerce/bulk-import','note','Note!','2022-09-27 01:54:18','2022-09-27 01:54:18'),(2475,1,'en','plugins/ecommerce/bulk-import','warning_before_importing','If this is your first time using this feature, please read the documentation or contact the Administrator for access to the correct functionality!','2022-09-27 01:54:18','2022-09-27 01:54:18'),(2476,1,'en','plugins/ecommerce/bulk-import','results','Result: :success successes, :failed failures','2022-09-27 01:54:18','2022-09-27 01:54:18'),(2477,1,'en','plugins/ecommerce/bulk-import','failures','Failures','2022-09-27 01:54:18','2022-09-27 01:54:18'),(2478,1,'en','plugins/ecommerce/bulk-import','tables.import','Import','2022-09-27 01:54:18','2022-09-27 01:54:18'),(2479,1,'en','plugins/ecommerce/bulk-import','template','Template','2022-09-27 01:54:18','2022-09-27 01:54:18'),(2480,1,'en','plugins/ecommerce/bulk-import','rules','Rules','2022-09-27 01:54:18','2022-09-27 01:54:18'),(2481,1,'en','plugins/ecommerce/bulk-import','choose_file_with_mime','Choose file with mime: (:types)','2022-09-27 01:54:18','2022-09-27 01:54:18'),(2482,1,'en','plugins/ecommerce/bulk-import','choose_file','Choose file','2022-09-27 01:54:18','2022-09-27 01:54:18'),(2483,1,'en','plugins/ecommerce/bulk-import','menu','Import products','2022-09-27 01:54:18','2022-09-27 01:54:18'),(2484,1,'en','plugins/ecommerce/bulk-import','download-csv-file','Download CSV template','2022-09-27 01:54:18','2022-09-27 01:54:18'),(2485,1,'en','plugins/ecommerce/bulk-import','download-excel-file','Download Excel template','2022-09-27 01:54:18','2022-09-27 01:54:18'),(2486,1,'en','plugins/ecommerce/bulk-import','downloading','Downloading...','2022-09-27 01:54:18','2022-09-27 01:54:18'),(2487,1,'en','plugins/ecommerce/bulk-import','export.template.input_error','Input error','2022-09-27 01:54:18','2022-09-27 01:54:18'),(2488,1,'en','plugins/ecommerce/bulk-import','export.template.number_not_allowed','Number is not allowed!','2022-09-27 01:54:18','2022-09-27 01:54:18'),(2489,1,'en','plugins/ecommerce/bulk-import','export.template.allowed_input','Allowed input','2022-09-27 01:54:18','2022-09-27 01:54:18'),(2490,1,'en','plugins/ecommerce/bulk-import','export.template.prompt_decimal','Only numbers or decimals are accepted and greater than or equal to :min.','2022-09-27 01:54:18','2022-09-27 01:54:18'),(2491,1,'en','plugins/ecommerce/bulk-import','export.template.prompt_whole_number','Only numbers are accepted and greater than or equal to :min.','2022-09-27 01:54:18','2022-09-27 01:54:18'),(2492,1,'en','plugins/ecommerce/bulk-import','export.template.prompt_list','Please pick a value from the drop-down list.','2022-09-27 01:54:18','2022-09-27 01:54:18'),(2493,1,'en','plugins/ecommerce/bulk-import','export.template.pick_from_list','Pick from list','2022-09-27 01:54:18','2022-09-27 01:54:18'),(2494,1,'en','plugins/ecommerce/bulk-import','export.template.value_not_in_list','Value is not in list.','2022-09-27 01:54:18','2022-09-27 01:54:18'),(2495,1,'en','plugins/ecommerce/bulk-import','import_failed_description','Import failed, please check the errors below!','2022-09-27 01:54:18','2022-09-27 01:54:18'),(2496,1,'en','plugins/ecommerce/currency','currencies','Currencies','2022-09-27 01:54:18','2022-09-27 01:54:18'),(2497,1,'en','plugins/ecommerce/currency','setting_description','List of currencies using on website','2022-09-27 01:54:18','2022-09-27 01:54:18'),(2498,1,'en','plugins/ecommerce/currency','name','Name','2022-09-27 01:54:18','2022-09-27 01:54:18'),(2499,1,'en','plugins/ecommerce/currency','symbol','Symbol','2022-09-27 01:54:18','2022-09-27 01:54:18'),(2500,1,'en','plugins/ecommerce/currency','number_of_decimals','Number of decimals','2022-09-27 01:54:18','2022-09-27 01:54:18'),(2501,1,'en','plugins/ecommerce/currency','exchange_rate','Exchange rate','2022-09-27 01:54:18','2022-09-27 01:54:18'),(2502,1,'en','plugins/ecommerce/currency','is_prefix_symbol','Position of symbol','2022-09-27 01:54:18','2022-09-27 01:54:18'),(2503,1,'en','plugins/ecommerce/currency','is_default','Is default?','2022-09-27 01:54:18','2022-09-27 01:54:18'),(2504,1,'en','plugins/ecommerce/currency','remove','Remove','2022-09-27 01:54:18','2022-09-27 01:54:18'),(2505,1,'en','plugins/ecommerce/currency','new_currency','Add a new currency','2022-09-27 01:54:18','2022-09-27 01:54:18'),(2506,1,'en','plugins/ecommerce/currency','save_settings','Save settings','2022-09-27 01:54:18','2022-09-27 01:54:18'),(2507,1,'en','plugins/ecommerce/currency','before_number','Before number','2022-09-27 01:54:18','2022-09-27 01:54:18'),(2508,1,'en','plugins/ecommerce/currency','after_number','After number','2022-09-27 01:54:18','2022-09-27 01:54:18'),(2509,1,'en','plugins/ecommerce/currency','require_at_least_one_currency','The system requires at least one currency!','2022-09-27 01:54:18','2022-09-27 01:54:18'),(2510,1,'en','plugins/ecommerce/currency','enable_auto_detect_visitor_currency','Enable auto-detect visitor currency?','2022-09-27 01:54:18','2022-09-27 01:54:18'),(2511,1,'en','plugins/ecommerce/currency','add_space_between_price_and_currency','Add a space between price and currency?','2022-09-27 01:54:18','2022-09-27 01:54:18'),(2512,1,'en','plugins/ecommerce/currency','invalid_currency_name','Invalid currency code, it must be in :currencies.','2022-09-27 01:54:18','2022-09-27 01:54:18'),(2513,1,'en','plugins/ecommerce/currency','instruction','Please check list currency code here: https://en.wikipedia.org/wiki/ISO_4217','2022-09-27 01:54:18','2022-09-27 01:54:18'),(2514,1,'en','plugins/ecommerce/currency','code','Code','2022-09-27 01:54:18','2022-09-27 01:54:18'),(2515,1,'en','plugins/ecommerce/customer','name','Customers','2022-09-27 01:54:18','2022-09-27 01:54:18'),(2516,1,'en','plugins/ecommerce/customer','create','Create a customer','2022-09-27 01:54:18','2022-09-27 01:54:18'),(2517,1,'en','plugins/ecommerce/customer','edit','Edit customer \":name\"','2022-09-27 01:54:18','2022-09-27 01:54:18'),(2518,1,'en','plugins/ecommerce/customer','email','Email','2022-09-27 01:54:18','2022-09-27 01:54:18'),(2519,1,'en','plugins/ecommerce/customer','email_placeholder','Ex: example@gmail.com','2022-09-27 01:54:18','2022-09-27 01:54:18'),(2520,1,'en','plugins/ecommerce/customer','password','Password','2022-09-27 01:54:18','2022-09-27 01:54:18'),(2521,1,'en','plugins/ecommerce/customer','change_password','Change password?','2022-09-27 01:54:18','2022-09-27 01:54:18'),(2522,1,'en','plugins/ecommerce/customer','password_confirmation','Password confirmation','2022-09-27 01:54:18','2022-09-27 01:54:18'),(2523,1,'en','plugins/ecommerce/customer','intro.title','Manage customers','2022-09-27 01:54:18','2022-09-27 01:54:18'),(2524,1,'en','plugins/ecommerce/customer','intro.description','When a customer buy your product(s), you will know their order histories.','2022-09-27 01:54:18','2022-09-27 01:54:18'),(2525,1,'en','plugins/ecommerce/customer','intro.button_text','Create customer','2022-09-27 01:54:18','2022-09-27 01:54:18'),(2526,1,'en','plugins/ecommerce/customer','phone','Phone','2022-09-27 01:54:18','2022-09-27 01:54:18'),(2527,1,'en','plugins/ecommerce/customer','phone_placeholder','Phone','2022-09-27 01:54:18','2022-09-27 01:54:18'),(2528,1,'en','plugins/ecommerce/customer','avatar','Avatar','2022-09-27 01:54:18','2022-09-27 01:54:18'),(2529,1,'en','plugins/ecommerce/customer','dob','Date of birth','2022-09-27 01:54:18','2022-09-27 01:54:18'),(2530,1,'en','plugins/ecommerce/customer','statuses.activated','Activated','2022-09-27 01:54:18','2022-09-27 01:54:18'),(2531,1,'en','plugins/ecommerce/customer','statuses.locked','Locked','2022-09-27 01:54:18','2022-09-27 01:54:18'),(2532,1,'en','plugins/ecommerce/customer','email_verified','Email verified?','2022-09-27 01:54:18','2022-09-27 01:54:18'),(2533,1,'en','plugins/ecommerce/discount','name','Discounts','2022-09-27 01:54:18','2022-09-27 01:54:18'),(2534,1,'en','plugins/ecommerce/discount','create','Create discount','2022-09-27 01:54:18','2022-09-27 01:54:18'),(2535,1,'en','plugins/ecommerce/discount','invalid_coupon','This coupon is invalid or expired!','2022-09-27 01:54:18','2022-09-27 01:54:18'),(2536,1,'en','plugins/ecommerce/discount','cannot_use_same_time_with_other_discount_program','Cannot use this coupon in the same time with other discount program!','2022-09-27 01:54:18','2022-09-27 01:54:18'),(2537,1,'en','plugins/ecommerce/discount','not_used','This coupon is not used yet!','2022-09-27 01:54:18','2022-09-27 01:54:18'),(2538,1,'en','plugins/ecommerce/discount','detail','Detail','2022-09-27 01:54:18','2022-09-27 01:54:18'),(2539,1,'en','plugins/ecommerce/discount','used','Used','2022-09-27 01:54:18','2022-09-27 01:54:18'),(2540,1,'en','plugins/ecommerce/discount','intro.title','Manage discount/coupon code','2022-09-27 01:54:18','2022-09-27 01:54:18'),(2541,1,'en','plugins/ecommerce/discount','intro.description','Create coupon code or promotion for your products.','2022-09-27 01:54:18','2022-09-27 01:54:18'),(2542,1,'en','plugins/ecommerce/discount','intro.button_text','Create discount','2022-09-27 01:54:18','2022-09-27 01:54:18'),(2543,1,'en','plugins/ecommerce/discount','expired','Expired','2022-09-27 01:54:18','2022-09-27 01:54:18'),(2544,1,'en','plugins/ecommerce/discount','discount_promotion','Discount promotion','2022-09-27 01:54:18','2022-09-27 01:54:18'),(2545,1,'en','plugins/ecommerce/discount','can','can','2022-09-27 01:54:18','2022-09-27 01:54:18'),(2546,1,'en','plugins/ecommerce/discount','cannot','cannot','2022-09-27 01:54:18','2022-09-27 01:54:18'),(2547,1,'en','plugins/ecommerce/discount','use_with_promotion','be used with promotion','2022-09-27 01:54:18','2022-09-27 01:54:18'),(2548,1,'en','plugins/ecommerce/discount','create_discount_validate_title_required_if','Please enter the name of the promotion','2022-09-27 01:54:18','2022-09-27 01:54:18'),(2549,1,'en','plugins/ecommerce/discount','create_discount_validate_code_required_if','Please enter the promotion code','2022-09-27 01:54:18','2022-09-27 01:54:18'),(2550,1,'en','plugins/ecommerce/discount','create_discount_validate_value_required','Amount must be greater than 0','2022-09-27 01:54:18','2022-09-27 01:54:18'),(2551,1,'en','plugins/ecommerce/discount','create_discount_validate_target_required','No object selected for promotion','2022-09-27 01:54:18','2022-09-27 01:54:18'),(2552,1,'en','plugins/ecommerce/discount','enums.type-options.amount','Amount - Fixed','2022-09-27 01:54:18','2022-09-27 01:54:18'),(2553,1,'en','plugins/ecommerce/discount','enums.type-options.percentage','Discount %','2022-09-27 01:54:18','2022-09-27 01:54:18'),(2554,1,'en','plugins/ecommerce/discount','enums.type-options.shipping','Free shipping','2022-09-27 01:54:18','2022-09-27 01:54:18'),(2555,1,'en','plugins/ecommerce/discount','enums.type-options.same-price','Same price','2022-09-27 01:54:18','2022-09-27 01:54:18'),(2556,1,'en','plugins/ecommerce/discount','discount','Discount','2022-09-27 01:54:18','2022-09-27 01:54:18'),(2557,1,'en','plugins/ecommerce/discount','create_coupon_code','Create coupon code','2022-09-27 01:54:18','2022-09-27 01:54:18'),(2558,1,'en','plugins/ecommerce/discount','create_discount_promotion','Create discount promotion','2022-09-27 01:54:18','2022-09-27 01:54:18'),(2559,1,'en','plugins/ecommerce/discount','generate_coupon_code','Generate coupon code','2022-09-27 01:54:18','2022-09-27 01:54:18'),(2560,1,'en','plugins/ecommerce/discount','customers_will_enter_this_coupon_code_when_they_checkout','Customers will enter this coupon code when they checkout','2022-09-27 01:54:18','2022-09-27 01:54:18'),(2561,1,'en','plugins/ecommerce/discount','select_type_of_discount','Select type of discount','2022-09-27 01:54:18','2022-09-27 01:54:18'),(2562,1,'en','plugins/ecommerce/discount','coupon_code','Coupon code','2022-09-27 01:54:18','2022-09-27 01:54:18'),(2563,1,'en','plugins/ecommerce/discount','promotion','Promotion','2022-09-27 01:54:18','2022-09-27 01:54:18'),(2564,1,'en','plugins/ecommerce/discount','can_be_used_with_promotion','Can be used with promotion','2022-09-27 01:54:18','2022-09-27 01:54:18'),(2565,1,'en','plugins/ecommerce/discount','unlimited_coupon','Unlimited coupon','2022-09-27 01:54:18','2022-09-27 01:54:18'),(2566,1,'en','plugins/ecommerce/discount','enter_number','Enter number','2022-09-27 01:54:18','2022-09-27 01:54:18'),(2567,1,'en','plugins/ecommerce/discount','coupon_type','Coupon type','2022-09-27 01:54:18','2022-09-27 01:54:18'),(2568,1,'en','plugins/ecommerce/discount','percentage_discount','Percentage discount (%)','2022-09-27 01:54:18','2022-09-27 01:54:18'),(2569,1,'en','plugins/ecommerce/discount','free_shipping','Free shipping','2022-09-27 01:54:18','2022-09-27 01:54:18'),(2570,1,'en','plugins/ecommerce/discount','same_price','Same price','2022-09-27 01:54:18','2022-09-27 01:54:18'),(2571,1,'en','plugins/ecommerce/discount','apply_for','apply for','2022-09-27 01:54:18','2022-09-27 01:54:18'),(2572,1,'en','plugins/ecommerce/discount','all_orders','All orders','2022-09-27 01:54:18','2022-09-27 01:54:18'),(2573,1,'en','plugins/ecommerce/discount','order_amount_from','Order amount from','2022-09-27 01:54:18','2022-09-27 01:54:18'),(2574,1,'en','plugins/ecommerce/discount','product_collection','Product collection','2022-09-27 01:54:18','2022-09-27 01:54:18'),(2575,1,'en','plugins/ecommerce/discount','product','Product','2022-09-27 01:54:18','2022-09-27 01:54:18'),(2576,1,'en','plugins/ecommerce/discount','customer','Customer','2022-09-27 01:54:18','2022-09-27 01:54:18'),(2577,1,'en','plugins/ecommerce/discount','variant','Variant','2022-09-27 01:54:18','2022-09-27 01:54:18'),(2578,1,'en','plugins/ecommerce/discount','search_product','Search product','2022-09-27 01:54:18','2022-09-27 01:54:18'),(2579,1,'en','plugins/ecommerce/discount','no_products_found','No products found!','2022-09-27 01:54:18','2022-09-27 01:54:18'),(2580,1,'en','plugins/ecommerce/discount','search_customer','Search customer','2022-09-27 01:54:18','2022-09-27 01:54:18'),(2581,1,'en','plugins/ecommerce/discount','no_customer_found','No customer found!','2022-09-27 01:54:18','2022-09-27 01:54:18'),(2582,1,'en','plugins/ecommerce/discount','one_time_per_order','One time per order','2022-09-27 01:54:18','2022-09-27 01:54:18'),(2583,1,'en','plugins/ecommerce/discount','one_time_per_product_in_cart','One time per product in cart','2022-09-27 01:54:18','2022-09-27 01:54:18'),(2584,1,'en','plugins/ecommerce/discount','number_of_products','Number of products required to apply','2022-09-27 01:54:18','2022-09-27 01:54:18'),(2585,1,'en','plugins/ecommerce/discount','selected_products','Selected products','2022-09-27 01:54:19','2022-09-27 01:54:19'),(2586,1,'en','plugins/ecommerce/discount','selected_customers','Selected customers','2022-09-27 01:54:19','2022-09-27 01:54:19'),(2587,1,'en','plugins/ecommerce/discount','time','Time','2022-09-27 01:54:19','2022-09-27 01:54:19'),(2588,1,'en','plugins/ecommerce/discount','start_date','Start date','2022-09-27 01:54:19','2022-09-27 01:54:19'),(2589,1,'en','plugins/ecommerce/discount','end_date','End date','2022-09-27 01:54:19','2022-09-27 01:54:19'),(2590,1,'en','plugins/ecommerce/discount','never_expired','Never expired','2022-09-27 01:54:19','2022-09-27 01:54:19'),(2591,1,'en','plugins/ecommerce/discount','save','Save','2022-09-27 01:54:19','2022-09-27 01:54:19'),(2592,1,'en','plugins/ecommerce/discount','enter_promotion_name','Enter promotion name','2022-09-27 01:54:19','2022-09-27 01:54:19'),(2593,1,'en','plugins/ecommerce/discount','enter_coupon_name','Enter coupon name','2022-09-27 01:54:19','2022-09-27 01:54:19'),(2594,1,'en','plugins/ecommerce/discount','cancel','Cancel','2022-09-27 01:54:19','2022-09-27 01:54:19'),(2595,1,'en','plugins/ecommerce/discount','is','Is','2022-09-27 01:54:19','2022-09-27 01:54:19'),(2596,1,'en','plugins/ecommerce/discount','when_shipping_fee_less_than','when shipping fee less than','2022-09-27 01:54:19','2022-09-27 01:54:19'),(2597,1,'en','plugins/ecommerce/discount','minimum_order_amount_error','You are under :minimum_amount to apply the coupon, you must add :add_more more items to your cart','2022-09-27 01:54:19','2022-09-27 01:54:19'),(2598,1,'en','plugins/ecommerce/ecommerce','settings','Settings','2022-09-27 01:54:19','2022-09-27 01:54:19'),(2599,1,'en','plugins/ecommerce/ecommerce','name','Ecommerce','2022-09-27 01:54:19','2022-09-27 01:54:19'),(2600,1,'en','plugins/ecommerce/ecommerce','setting.email.title','E-commerce','2022-09-27 01:54:19','2022-09-27 01:54:19'),(2601,1,'en','plugins/ecommerce/ecommerce','setting.email.description','Ecommerce email config','2022-09-27 01:54:19','2022-09-27 01:54:19'),(2602,1,'en','plugins/ecommerce/ecommerce','setting.email.order_confirm_subject','Subject of order confirmation email','2022-09-27 01:54:19','2022-09-27 01:54:19'),(2603,1,'en','plugins/ecommerce/ecommerce','setting.email.order_confirm_subject_placeholder','The subject of email confirmation send to the customer','2022-09-27 01:54:19','2022-09-27 01:54:19'),(2604,1,'en','plugins/ecommerce/ecommerce','setting.email.order_confirm_content','Content of order confirmation email','2022-09-27 01:54:19','2022-09-27 01:54:19'),(2605,1,'en','plugins/ecommerce/ecommerce','setting.email.order_status_change_subject','Subject of email when changing order\'s status','2022-09-27 01:54:19','2022-09-27 01:54:19'),(2606,1,'en','plugins/ecommerce/ecommerce','setting.email.order_status_change_subject_placeholder','Subject of email when changing order\'s status send to customer','2022-09-27 01:54:19','2022-09-27 01:54:19'),(2607,1,'en','plugins/ecommerce/ecommerce','setting.email.order_status_change_content','Content of email when changing order\'s status','2022-09-27 01:54:19','2022-09-27 01:54:19'),(2608,1,'en','plugins/ecommerce/ecommerce','setting.email.from_email','Email from','2022-09-27 01:54:19','2022-09-27 01:54:19'),(2609,1,'en','plugins/ecommerce/ecommerce','setting.email.from_email_placeholder','Email from address to display in mail. Ex: example@gmail.com','2022-09-27 01:54:19','2022-09-27 01:54:19'),(2610,1,'en','plugins/ecommerce/ecommerce','setting.title','Basic information','2022-09-27 01:54:19','2022-09-27 01:54:19'),(2611,1,'en','plugins/ecommerce/ecommerce','setting.state','State','2022-09-27 01:54:19','2022-09-27 01:54:19'),(2612,1,'en','plugins/ecommerce/ecommerce','setting.city','City','2022-09-27 01:54:19','2022-09-27 01:54:19'),(2613,1,'en','plugins/ecommerce/ecommerce','setting.country','Country','2022-09-27 01:54:19','2022-09-27 01:54:19'),(2614,1,'en','plugins/ecommerce/ecommerce','setting.weight_unit_gram','Gram (g)','2022-09-27 01:54:19','2022-09-27 01:54:19'),(2615,1,'en','plugins/ecommerce/ecommerce','setting.weight_unit_kilogram','Kilogram (kg)','2022-09-27 01:54:19','2022-09-27 01:54:19'),(2616,1,'en','plugins/ecommerce/ecommerce','setting.weight_unit_lb','Pound (lb)','2022-09-27 01:54:19','2022-09-27 01:54:19'),(2617,1,'en','plugins/ecommerce/ecommerce','setting.weight_unit_oz','Ounce (oz)','2022-09-27 01:54:19','2022-09-27 01:54:19'),(2618,1,'en','plugins/ecommerce/ecommerce','setting.height_unit_cm','Centimeter (cm)','2022-09-27 01:54:19','2022-09-27 01:54:19'),(2619,1,'en','plugins/ecommerce/ecommerce','setting.height_unit_m','Meter (m)','2022-09-27 01:54:19','2022-09-27 01:54:19'),(2620,1,'en','plugins/ecommerce/ecommerce','setting.height_unit_inch','Inch','2022-09-27 01:54:19','2022-09-27 01:54:19'),(2621,1,'en','plugins/ecommerce/ecommerce','setting.store_locator_title','Store locators','2022-09-27 01:54:19','2022-09-27 01:54:19'),(2622,1,'en','plugins/ecommerce/ecommerce','setting.store_locator_description','All the lists of your chains, main stores, branches, etc. The locations can be used to track sales and to help us configure tax rates to charge when selling products.','2022-09-27 01:54:19','2022-09-27 01:54:19'),(2623,1,'en','plugins/ecommerce/ecommerce','setting.phone','Phone','2022-09-27 01:54:19','2022-09-27 01:54:19'),(2624,1,'en','plugins/ecommerce/ecommerce','setting.address','Address','2022-09-27 01:54:19','2022-09-27 01:54:19'),(2625,1,'en','plugins/ecommerce/ecommerce','setting.is_primary','Primary?','2022-09-27 01:54:19','2022-09-27 01:54:19'),(2626,1,'en','plugins/ecommerce/ecommerce','setting.add_new','Add new','2022-09-27 01:54:19','2022-09-27 01:54:19'),(2627,1,'en','plugins/ecommerce/ecommerce','setting.or','Or','2022-09-27 01:54:19','2022-09-27 01:54:19'),(2628,1,'en','plugins/ecommerce/ecommerce','setting.change_primary_store','change default store locator','2022-09-27 01:54:19','2022-09-27 01:54:19'),(2629,1,'en','plugins/ecommerce/ecommerce','setting.other_settings','Other settings','2022-09-27 01:54:19','2022-09-27 01:54:19'),(2630,1,'en','plugins/ecommerce/ecommerce','setting.other_settings_description','Settings for cart, review...','2022-09-27 01:54:19','2022-09-27 01:54:19'),(2631,1,'en','plugins/ecommerce/ecommerce','setting.enable_cart','Enable shopping cart?','2022-09-27 01:54:19','2022-09-27 01:54:19'),(2632,1,'en','plugins/ecommerce/ecommerce','setting.enable_tax','Enable tax?','2022-09-27 01:54:19','2022-09-27 01:54:19'),(2633,1,'en','plugins/ecommerce/ecommerce','setting.display_product_price_including_taxes','Display product price including taxes?','2022-09-27 01:54:19','2022-09-27 01:54:19'),(2634,1,'en','plugins/ecommerce/ecommerce','setting.enable_review','Enable review?','2022-09-27 01:54:19','2022-09-27 01:54:19'),(2635,1,'en','plugins/ecommerce/ecommerce','setting.enable_quick_buy_button','Enable quick buy button?','2022-09-27 01:54:19','2022-09-27 01:54:19'),(2636,1,'en','plugins/ecommerce/ecommerce','setting.quick_buy_target','Quick buy target page?','2022-09-27 01:54:19','2022-09-27 01:54:19'),(2637,1,'en','plugins/ecommerce/ecommerce','setting.checkout_page','Checkout page','2022-09-27 01:54:19','2022-09-27 01:54:19'),(2638,1,'en','plugins/ecommerce/ecommerce','setting.cart_page','Cart page','2022-09-27 01:54:19','2022-09-27 01:54:19'),(2639,1,'en','plugins/ecommerce/ecommerce','setting.add_location','Add location','2022-09-27 01:54:19','2022-09-27 01:54:19'),(2640,1,'en','plugins/ecommerce/ecommerce','setting.edit_location','Edit location','2022-09-27 01:54:19','2022-09-27 01:54:19'),(2641,1,'en','plugins/ecommerce/ecommerce','setting.delete_location','Delete location','2022-09-27 01:54:19','2022-09-27 01:54:19'),(2642,1,'en','plugins/ecommerce/ecommerce','setting.change_primary_location','Change primary location','2022-09-27 01:54:19','2022-09-27 01:54:19'),(2643,1,'en','plugins/ecommerce/ecommerce','setting.delete_location_confirmation','Are you sure you want to delete this location? This action cannot be undo.','2022-09-27 01:54:19','2022-09-27 01:54:19'),(2644,1,'en','plugins/ecommerce/ecommerce','setting.save_location','Save location','2022-09-27 01:54:19','2022-09-27 01:54:19'),(2645,1,'en','plugins/ecommerce/ecommerce','setting.accept','Accept','2022-09-27 01:54:19','2022-09-27 01:54:19'),(2646,1,'en','plugins/ecommerce/ecommerce','setting.select_country','Select country...','2022-09-27 01:54:19','2022-09-27 01:54:19'),(2647,1,'en','plugins/ecommerce/ecommerce','setting.zip_code_enabled','Enable Zip Code?','2022-09-27 01:54:19','2022-09-27 01:54:19'),(2648,1,'en','plugins/ecommerce/ecommerce','setting.thousands_separator','Thousands separator','2022-09-27 01:54:19','2022-09-27 01:54:19'),(2649,1,'en','plugins/ecommerce/ecommerce','setting.decimal_separator','Decimal separator','2022-09-27 01:54:19','2022-09-27 01:54:19'),(2650,1,'en','plugins/ecommerce/ecommerce','setting.separator_period','Period (.)','2022-09-27 01:54:19','2022-09-27 01:54:19'),(2651,1,'en','plugins/ecommerce/ecommerce','setting.separator_comma','Comma (,)','2022-09-27 01:54:19','2022-09-27 01:54:19'),(2652,1,'en','plugins/ecommerce/ecommerce','setting.separator_space','Space ( )','2022-09-27 01:54:19','2022-09-27 01:54:19'),(2653,1,'en','plugins/ecommerce/ecommerce','setting.available_countries','Available countries','2022-09-27 01:54:19','2022-09-27 01:54:19'),(2654,1,'en','plugins/ecommerce/ecommerce','setting.all','All','2022-09-27 01:54:19','2022-09-27 01:54:19'),(2655,1,'en','plugins/ecommerce/ecommerce','setting.verify_customer_email','Verify customer\'s email?','2022-09-27 01:54:19','2022-09-27 01:54:19'),(2656,1,'en','plugins/ecommerce/ecommerce','setting.minimum_order_amount','Minimum order amount to place an order (:currency).','2022-09-27 01:54:19','2022-09-27 01:54:19'),(2657,1,'en','plugins/ecommerce/ecommerce','setting.enable_guest_checkout','Enable guest checkout?','2022-09-27 01:54:19','2022-09-27 01:54:19'),(2658,1,'en','plugins/ecommerce/ecommerce','setting.show_number_of_products','Show number of products in the product single','2022-09-27 01:54:19','2022-09-27 01:54:19'),(2659,1,'en','plugins/ecommerce/ecommerce','setting.payment_method_cod_minimum_amount','Minimum order amount - :currency (Optional)','2022-09-27 01:54:19','2022-09-27 01:54:19'),(2660,1,'en','plugins/ecommerce/ecommerce','setting.review.max_file_size','Review max file size (MB)','2022-09-27 01:54:19','2022-09-27 01:54:19'),(2661,1,'en','plugins/ecommerce/ecommerce','setting.review.max_file_number','Review max file number','2022-09-27 01:54:19','2022-09-27 01:54:19'),(2662,1,'en','plugins/ecommerce/ecommerce','setting.using_custom_font_for_invoice','Using custom font for invoice?','2022-09-27 01:54:19','2022-09-27 01:54:19'),(2663,1,'en','plugins/ecommerce/ecommerce','setting.invoice_font_family','Invoice font family (Only work for Latin language)','2022-09-27 01:54:19','2022-09-27 01:54:19'),(2664,1,'en','plugins/ecommerce/ecommerce','setting.enable_invoice_stamp','Enable invoice stamp?','2022-09-27 01:54:19','2022-09-27 01:54:19'),(2665,1,'en','plugins/ecommerce/ecommerce','setting.invoice_support_arabic_language','Support Arabic language in invoice?','2022-09-27 01:54:19','2022-09-27 01:54:19'),(2666,1,'en','plugins/ecommerce/ecommerce','setting.make_phone_field_at_the_checkout_optional','Make phone field at the checkout optional?','2022-09-27 01:54:19','2022-09-27 01:54:19'),(2667,1,'en','plugins/ecommerce/ecommerce','setting.disable_order_invoice_until_order_confirmed','Disable order invoice until order confirmed?','2022-09-27 01:54:19','2022-09-27 01:54:19'),(2668,1,'en','plugins/ecommerce/ecommerce','setting.vat_number','VAT number','2022-09-27 01:54:19','2022-09-27 01:54:19'),(2669,1,'en','plugins/ecommerce/ecommerce','setting.enable_recaptcha_in_register_page','Enable Recaptcha in the registration page?','2022-09-27 01:54:19','2022-09-27 01:54:19'),(2670,1,'en','plugins/ecommerce/ecommerce','setting.enable_recaptcha_in_register_page_description','Need to setup Captcha in Admin -> Settings -> General first.','2022-09-27 01:54:19','2022-09-27 01:54:19'),(2671,1,'en','plugins/ecommerce/ecommerce','setting.show_out_of_stock_products','Show out of stock products?','2022-09-27 01:54:19','2022-09-27 01:54:19'),(2672,1,'en','plugins/ecommerce/ecommerce','setting.default_tax_rate','Default tax rate','2022-09-27 01:54:19','2022-09-27 01:54:19'),(2673,1,'en','plugins/ecommerce/ecommerce','setting.default_tax_rate_description','Important: it will be applied if no tax selected in product.','2022-09-27 01:54:19','2022-09-27 01:54:19'),(2674,1,'en','plugins/ecommerce/ecommerce','setting.how_to_display_product_variation_images','How to display product variation images?','2022-09-27 01:54:19','2022-09-27 01:54:19'),(2675,1,'en','plugins/ecommerce/ecommerce','setting.only_variation_images','Only variation images','2022-09-27 01:54:19','2022-09-27 01:54:19'),(2676,1,'en','plugins/ecommerce/ecommerce','setting.variation_images_and_main_product_images','Variation images + main product images','2022-09-27 01:54:19','2022-09-27 01:54:19'),(2677,1,'en','plugins/ecommerce/ecommerce','setting.load_countries_states_cities_from_location_plugin','Load countries, states, cities from plugin location?','2022-09-27 01:54:19','2022-09-27 01:54:19'),(2678,1,'en','plugins/ecommerce/ecommerce','setting.enable_wishlist','Enable wishlist?','2022-09-27 01:54:19','2022-09-27 01:54:19'),(2679,1,'en','plugins/ecommerce/ecommerce','setting.enable_compare','Enable compare?','2022-09-27 01:54:19','2022-09-27 01:54:19'),(2680,1,'en','plugins/ecommerce/ecommerce','setting.enable_order_tracking','Enable order tracking?','2022-09-27 01:54:19','2022-09-27 01:54:19'),(2681,1,'en','plugins/ecommerce/ecommerce','setting.recently_viewed.enable','Enable customer recently viewed products?','2022-09-27 01:54:19','2022-09-27 01:54:19'),(2682,1,'en','plugins/ecommerce/ecommerce','setting.recently_viewed.max','Maximum number of customer recently viewed products','2022-09-27 01:54:19','2022-09-27 01:54:19'),(2683,1,'en','plugins/ecommerce/ecommerce','setting.recently_viewed.max_helper','If you set 0, it will save all products.','2022-09-27 01:54:19','2022-09-27 01:54:19'),(2684,1,'en','plugins/ecommerce/ecommerce','setting.search_products','Search products','2022-09-27 01:54:19','2022-09-27 01:54:19'),(2685,1,'en','plugins/ecommerce/ecommerce','setting.search_products_description','Config rules to search products','2022-09-27 01:54:19','2022-09-27 01:54:19'),(2686,1,'en','plugins/ecommerce/ecommerce','setting.search_for_an_exact_phrase','Search for an exact phrase?','2022-09-27 01:54:19','2022-09-27 01:54:19'),(2687,1,'en','plugins/ecommerce/ecommerce','setting.search_products_by','Search products by:','2022-09-27 01:54:19','2022-09-27 01:54:19'),(2688,1,'en','plugins/ecommerce/ecommerce','setting.tracking_settings','Tracking settings','2022-09-27 01:54:19','2022-09-27 01:54:19'),(2689,1,'en','plugins/ecommerce/ecommerce','setting.tracking_settings_description','Manage tracking: UTM, Facebook, Google Tag Manager...','2022-09-27 01:54:19','2022-09-27 01:54:19'),(2690,1,'en','plugins/ecommerce/ecommerce','setting.enable_facebook_pixel','Enable Facebook Pixel (Meta Pixel)?','2022-09-27 01:54:19','2022-09-27 01:54:19'),(2691,1,'en','plugins/ecommerce/ecommerce','setting.facebook_pixel_id','Facebook Pixel ID','2022-09-27 01:54:19','2022-09-27 01:54:19'),(2692,1,'en','plugins/ecommerce/ecommerce','setting.facebook_pixel_helper','Go to https://developers.facebook.com/docs/meta-pixel to create Facebook Pixel.','2022-09-27 01:54:19','2022-09-27 01:54:19'),(2693,1,'en','plugins/ecommerce/ecommerce','setting.enable_google_tag_manager','Enable Google Tag Manager?','2022-09-27 01:54:19','2022-09-27 01:54:19'),(2694,1,'en','plugins/ecommerce/ecommerce','setting.google_tag_manager_code','Google Tag Manager code','2022-09-27 01:54:19','2022-09-27 01:54:19'),(2695,1,'en','plugins/ecommerce/ecommerce','setting.google_tag_manager_helper','Go to https://ads.google.com/aw/conversions to create Google Ads Conversions.','2022-09-27 01:54:19','2022-09-27 01:54:19'),(2696,1,'en','plugins/ecommerce/ecommerce','setting.webhook','Webhook','2022-09-27 01:54:19','2022-09-27 01:54:19'),(2697,1,'en','plugins/ecommerce/ecommerce','setting.webhook_description','Send webhook when order placed.','2022-09-27 01:54:19','2022-09-27 01:54:19'),(2698,1,'en','plugins/ecommerce/ecommerce','setting.order_placed_webhook_url','Order placed webhook URL (method: POST)','2022-09-27 01:54:19','2022-09-27 01:54:19'),(2699,1,'en','plugins/ecommerce/ecommerce','setting.return_request','Return Request','2022-09-27 01:54:19','2022-09-27 01:54:19'),(2700,1,'en','plugins/ecommerce/ecommerce','setting.return_request_description','Number of days a customer can request a return after the order is completed.','2022-09-27 01:54:19','2022-09-27 01:54:19'),(2701,1,'en','plugins/ecommerce/ecommerce','setting.returnable_days','Refundable days','2022-09-27 01:54:19','2022-09-27 01:54:19'),(2702,1,'en','plugins/ecommerce/ecommerce','setting.billing_address_enabled','Enable billing address?','2022-09-27 01:54:19','2022-09-27 01:54:19'),(2703,1,'en','plugins/ecommerce/ecommerce','setting.activate_custom_return_product_quantity','Activate custom return product quantity?','2022-09-27 01:54:19','2022-09-27 01:54:19'),(2704,1,'en','plugins/ecommerce/ecommerce','setting.activate_custom_return_product_quantity_description','Allow customer to change the quantity of the product they want to return.','2022-09-27 01:54:19','2022-09-27 01:54:19'),(2705,1,'en','plugins/ecommerce/ecommerce','setting.digital_product','Digital product','2022-09-27 01:54:19','2022-09-27 01:54:19'),(2706,1,'en','plugins/ecommerce/ecommerce','setting.digital_product_title','Is enabled to support the digital products?','2022-09-27 01:54:19','2022-09-27 01:54:19'),(2707,1,'en','plugins/ecommerce/ecommerce','store_address','Store address','2022-09-27 01:54:19','2022-09-27 01:54:19'),(2708,1,'en','plugins/ecommerce/ecommerce','store_phone','Store phone','2022-09-27 01:54:19','2022-09-27 01:54:19'),(2709,1,'en','plugins/ecommerce/ecommerce','order_id','Order ID','2022-09-27 01:54:19','2022-09-27 01:54:19'),(2710,1,'en','plugins/ecommerce/ecommerce','order_token','Order token','2022-09-27 01:54:19','2022-09-27 01:54:19'),(2711,1,'en','plugins/ecommerce/ecommerce','customer_name','Customer name','2022-09-27 01:54:19','2022-09-27 01:54:19'),(2712,1,'en','plugins/ecommerce/ecommerce','customer_email','Customer email','2022-09-27 01:54:19','2022-09-27 01:54:19'),(2713,1,'en','plugins/ecommerce/ecommerce','customer_phone','Customer phone','2022-09-27 01:54:19','2022-09-27 01:54:19'),(2714,1,'en','plugins/ecommerce/ecommerce','customer_address','Customer address','2022-09-27 01:54:19','2022-09-27 01:54:19'),(2715,1,'en','plugins/ecommerce/ecommerce','product_list','List products in order','2022-09-27 01:54:19','2022-09-27 01:54:19'),(2716,1,'en','plugins/ecommerce/ecommerce','payment_detail','Payment detail','2022-09-27 01:54:19','2022-09-27 01:54:19'),(2717,1,'en','plugins/ecommerce/ecommerce','shipping_method','Shipping method','2022-09-27 01:54:19','2022-09-27 01:54:19'),(2718,1,'en','plugins/ecommerce/ecommerce','payment_method','Payment method','2022-09-27 01:54:19','2022-09-27 01:54:19'),(2719,1,'en','plugins/ecommerce/ecommerce','standard_and_format','Standard & Format','2022-09-27 01:54:19','2022-09-27 01:54:19'),(2720,1,'en','plugins/ecommerce/ecommerce','standard_and_format_description','Standards and formats are used to calculate things like product prices, shipping weights, and order times.','2022-09-27 01:54:19','2022-09-27 01:54:19'),(2721,1,'en','plugins/ecommerce/ecommerce','change_order_format','Edit order code format (optional)','2022-09-27 01:54:19','2022-09-27 01:54:19'),(2722,1,'en','plugins/ecommerce/ecommerce','change_order_format_description','The default order code starts at: number. You can change the start or end string to create the order code you want, for example \"DH-: number\" or \": number-A\"','2022-09-27 01:54:19','2022-09-27 01:54:19'),(2723,1,'en','plugins/ecommerce/ecommerce','start_with','Start with','2022-09-27 01:54:19','2022-09-27 01:54:19'),(2724,1,'en','plugins/ecommerce/ecommerce','end_with','End with','2022-09-27 01:54:19','2022-09-27 01:54:19'),(2725,1,'en','plugins/ecommerce/ecommerce','order_will_be_shown','Your order code will be shown','2022-09-27 01:54:19','2022-09-27 01:54:19'),(2726,1,'en','plugins/ecommerce/ecommerce','weight_unit','Unit of weight','2022-09-27 01:54:19','2022-09-27 01:54:19'),(2727,1,'en','plugins/ecommerce/ecommerce','height_unit','Unit length / height','2022-09-27 01:54:19','2022-09-27 01:54:19'),(2728,1,'en','plugins/ecommerce/ecommerce','theme_options.name','Ecommerce','2022-09-27 01:54:19','2022-09-27 01:54:19'),(2729,1,'en','plugins/ecommerce/ecommerce','theme_options.description','Theme options for Ecommerce','2022-09-27 01:54:19','2022-09-27 01:54:19'),(2730,1,'en','plugins/ecommerce/ecommerce','theme_options.number_products_per_page','Number of products per page','2022-09-27 01:54:19','2022-09-27 01:54:19'),(2731,1,'en','plugins/ecommerce/ecommerce','theme_options.number_of_cross_sale_product','Number of cross sale products in product detail page','2022-09-27 01:54:19','2022-09-27 01:54:19'),(2732,1,'en','plugins/ecommerce/ecommerce','theme_options.max_price_filter','Maximum price to filter','2022-09-27 01:54:19','2022-09-27 01:54:19'),(2733,1,'en','plugins/ecommerce/ecommerce','theme_options.logo_in_the_checkout_page','Logo in the checkout page (Default is the main logo)','2022-09-27 01:54:19','2022-09-27 01:54:19'),(2734,1,'en','plugins/ecommerce/ecommerce','theme_options.logo_in_invoices','Logo in invoices (Default is the main logo)','2022-09-27 01:54:19','2022-09-27 01:54:19'),(2735,1,'en','plugins/ecommerce/ecommerce','basic_settings','Basic settings','2022-09-27 01:54:19','2022-09-27 01:54:19'),(2736,1,'en','plugins/ecommerce/ecommerce','advanced_settings','Advanced settings','2022-09-27 01:54:19','2022-09-27 01:54:19'),(2737,1,'en','plugins/ecommerce/email','customer_new_order_title','Order confirmation','2022-09-27 01:54:19','2022-09-27 01:54:19'),(2738,1,'en','plugins/ecommerce/email','customer_new_order_description','Send email confirmation to customer when an order placed','2022-09-27 01:54:19','2022-09-27 01:54:19'),(2739,1,'en','plugins/ecommerce/email','order_cancellation_title','Order cancellation','2022-09-27 01:54:19','2022-09-27 01:54:19'),(2740,1,'en','plugins/ecommerce/email','order_cancellation_description','Send to custom when they cancelled order','2022-09-27 01:54:19','2022-09-27 01:54:19'),(2741,1,'en','plugins/ecommerce/email','delivery_confirmation_title','Delivering confirmation','2022-09-27 01:54:19','2022-09-27 01:54:19'),(2742,1,'en','plugins/ecommerce/email','delivery_confirmation_description','Send to customer when order is delivering','2022-09-27 01:54:19','2022-09-27 01:54:19'),(2743,1,'en','plugins/ecommerce/email','admin_new_order_title','Notice about new order','2022-09-27 01:54:19','2022-09-27 01:54:19'),(2744,1,'en','plugins/ecommerce/email','admin_new_order_description','Send to administrators when an order placed','2022-09-27 01:54:19','2022-09-27 01:54:19'),(2745,1,'en','plugins/ecommerce/email','order_confirmation_title','Order confirmation','2022-09-27 01:54:19','2022-09-27 01:54:19'),(2746,1,'en','plugins/ecommerce/email','order_confirmation_description','Send to customer when they order was confirmed by admins','2022-09-27 01:54:19','2022-09-27 01:54:19'),(2747,1,'en','plugins/ecommerce/email','payment_confirmation_title','Payment confirmation','2022-09-27 01:54:19','2022-09-27 01:54:19'),(2748,1,'en','plugins/ecommerce/email','payment_confirmation_description','Send to customer when their payment was confirmed','2022-09-27 01:54:19','2022-09-27 01:54:19'),(2749,1,'en','plugins/ecommerce/email','order_recover_title','Incomplete order','2022-09-27 01:54:19','2022-09-27 01:54:19'),(2750,1,'en','plugins/ecommerce/email','order_recover_description','Send to custom to remind them about incomplete orders','2022-09-27 01:54:19','2022-09-27 01:54:19'),(2751,1,'en','plugins/ecommerce/email','view_order','View order','2022-09-27 01:54:19','2022-09-27 01:54:19'),(2752,1,'en','plugins/ecommerce/email','link_go_to_our_shop','or <a href=\":link\">Go to our shop</a>','2022-09-27 01:54:19','2022-09-27 01:54:19'),(2753,1,'en','plugins/ecommerce/email','order_number','Order number: <strong>:order_id</strong>','2022-09-27 01:54:19','2022-09-27 01:54:19'),(2754,1,'en','plugins/ecommerce/email','order_information','Order information:','2022-09-27 01:54:19','2022-09-27 01:54:19'),(2755,1,'en','plugins/ecommerce/email','order_return_request_title','Order return request','2022-09-27 01:54:19','2022-09-27 01:54:19'),(2756,1,'en','plugins/ecommerce/email','order_return_request_description','Send to customer when they return order','2022-09-27 01:54:19','2022-09-27 01:54:19'),(2757,1,'en','plugins/ecommerce/export','products.name','Export products','2022-09-27 01:54:19','2022-09-27 01:54:19'),(2758,1,'en','plugins/ecommerce/export','products.title','Export Products (CSV)','2022-09-27 01:54:19','2022-09-27 01:54:19'),(2759,1,'en','plugins/ecommerce/export','products.total_products','Total products','2022-09-27 01:54:19','2022-09-27 01:54:19'),(2760,1,'en','plugins/ecommerce/export','products.total_variations','Total variations','2022-09-27 01:54:19','2022-09-27 01:54:19'),(2761,1,'en','plugins/ecommerce/export','start_export','Start export','2022-09-27 01:54:19','2022-09-27 01:54:19'),(2762,1,'en','plugins/ecommerce/export','exporting','Exporting...','2022-09-27 01:54:19','2022-09-27 01:54:19'),(2763,1,'en','plugins/ecommerce/export','export','Export','2022-09-27 01:54:19','2022-09-27 01:54:19'),(2764,1,'en','plugins/ecommerce/flash-sale','name','Flash sales','2022-09-27 01:54:19','2022-09-27 01:54:19'),(2765,1,'en','plugins/ecommerce/flash-sale','create','New flash sale','2022-09-27 01:54:19','2022-09-27 01:54:19'),(2766,1,'en','plugins/ecommerce/flash-sale','edit','Edit flash sale','2022-09-27 01:54:19','2022-09-27 01:54:19'),(2767,1,'en','plugins/ecommerce/flash-sale','products','Products','2022-09-27 01:54:19','2022-09-27 01:54:19'),(2768,1,'en','plugins/ecommerce/order','statuses.pending','Pending','2022-09-27 01:54:19','2022-09-27 01:54:19'),(2769,1,'en','plugins/ecommerce/order','statuses.processing','Processing','2022-09-27 01:54:19','2022-09-27 01:54:19'),(2770,1,'en','plugins/ecommerce/order','statuses.completed','Completed','2022-09-27 01:54:19','2022-09-27 01:54:19'),(2771,1,'en','plugins/ecommerce/order','statuses.canceled','Canceled','2022-09-27 01:54:19','2022-09-27 01:54:19'),(2772,1,'en','plugins/ecommerce/order','menu','Orders','2022-09-27 01:54:19','2022-09-27 01:54:19'),(2773,1,'en','plugins/ecommerce/order','create','Create an order','2022-09-27 01:54:19','2022-09-27 01:54:19'),(2774,1,'en','plugins/ecommerce/order','cancel_error','The order is delivering or not completed','2022-09-27 01:54:19','2022-09-27 01:54:19'),(2775,1,'en','plugins/ecommerce/order','cancel_success','You do cancel the order successful','2022-09-27 01:54:19','2022-09-27 01:54:19'),(2776,1,'en','plugins/ecommerce/order','return_error','The order is delivering or not completed','2022-09-27 01:54:19','2022-09-27 01:54:19'),(2777,1,'en','plugins/ecommerce/order','return_success','Requested product(s) return successfully!','2022-09-27 01:54:19','2022-09-27 01:54:19'),(2778,1,'en','plugins/ecommerce/order','incomplete_order','Incomplete orders','2022-09-27 01:54:19','2022-09-27 01:54:19'),(2779,1,'en','plugins/ecommerce/order','order_id','Order ID','2022-09-27 01:54:19','2022-09-27 01:54:19'),(2780,1,'en','plugins/ecommerce/order','product_id','Product ID','2022-09-27 01:54:19','2022-09-27 01:54:19'),(2781,1,'en','plugins/ecommerce/order','customer_label','Customer','2022-09-27 01:54:19','2022-09-27 01:54:19'),(2782,1,'en','plugins/ecommerce/order','tax_amount','Tax Amount','2022-09-27 01:54:19','2022-09-27 01:54:19'),(2783,1,'en','plugins/ecommerce/order','shipping_amount','Shipping amount','2022-09-27 01:54:19','2022-09-27 01:54:19'),(2784,1,'en','plugins/ecommerce/order','payment_method','Payment method','2022-09-27 01:54:19','2022-09-27 01:54:19'),(2785,1,'en','plugins/ecommerce/order','payment_status_label','Payment status','2022-09-27 01:54:19','2022-09-27 01:54:19'),(2786,1,'en','plugins/ecommerce/order','manage_orders','Manage orders','2022-09-27 01:54:19','2022-09-27 01:54:19'),(2787,1,'en','plugins/ecommerce/order','order_intro_description','Once your store has orders, this is where you will process and track those orders.','2022-09-27 01:54:19','2022-09-27 01:54:19'),(2788,1,'en','plugins/ecommerce/order','create_new_order','Create a new order','2022-09-27 01:54:19','2022-09-27 01:54:19'),(2789,1,'en','plugins/ecommerce/order','manage_incomplete_orders','Manage incomplete orders','2022-09-27 01:54:19','2022-09-27 01:54:19'),(2790,1,'en','plugins/ecommerce/order','incomplete_orders_intro_description','Incomplete order is an order created when a customer adds a product to the cart, proceeds to fill out the purchase information but does not complete the checkout process.','2022-09-27 01:54:19','2022-09-27 01:54:19'),(2791,1,'en','plugins/ecommerce/order','invoice_for_order','Invoice for order','2022-09-27 01:54:19','2022-09-27 01:54:19'),(2792,1,'en','plugins/ecommerce/order','created','Created','2022-09-27 01:54:19','2022-09-27 01:54:19'),(2793,1,'en','plugins/ecommerce/order','invoice','Invoice','2022-09-27 01:54:19','2022-09-27 01:54:19'),(2794,1,'en','plugins/ecommerce/order','return','Order Return Request','2022-09-27 01:54:19','2022-09-27 01:54:19'),(2795,1,'en','plugins/ecommerce/order','is_return','Return checkbox','2022-09-27 01:54:19','2022-09-27 01:54:19'),(2796,1,'en','plugins/ecommerce/order','total_refund_amount','Total refund amount','2022-09-27 01:54:19','2022-09-27 01:54:19'),(2797,1,'en','plugins/ecommerce/order','total_amount_can_be_refunded','Total amount can be refunded','2022-09-27 01:54:19','2022-09-27 01:54:19'),(2798,1,'en','plugins/ecommerce/order','refund_reason','Refund reason','2022-09-27 01:54:19','2022-09-27 01:54:19'),(2799,1,'en','plugins/ecommerce/order','products','product(s)','2022-09-27 01:54:19','2022-09-27 01:54:19'),(2800,1,'en','plugins/ecommerce/order','default','Default','2022-09-27 01:54:19','2022-09-27 01:54:19'),(2801,1,'en','plugins/ecommerce/order','system','System','2022-09-27 01:54:19','2022-09-27 01:54:19'),(2802,1,'en','plugins/ecommerce/order','new_order_from','New order :order_id from :customer','2022-09-27 01:54:20','2022-09-27 01:54:20'),(2803,1,'en','plugins/ecommerce/order','confirmation_email_was_sent_to_customer','The email confirmation was sent to customer','2022-09-27 01:54:20','2022-09-27 01:54:20'),(2804,1,'en','plugins/ecommerce/order','address_name_required','The name field is required.','2022-09-27 01:54:20','2022-09-27 01:54:20'),(2805,1,'en','plugins/ecommerce/order','address_phone_required','The phone field is required.','2022-09-27 01:54:20','2022-09-27 01:54:20'),(2806,1,'en','plugins/ecommerce/order','address_email_required','The email field is required.','2022-09-27 01:54:20','2022-09-27 01:54:20'),(2807,1,'en','plugins/ecommerce/order','address_email_unique','The customer with that email is existed, please choose other email or login with this email!','2022-09-27 01:54:20','2022-09-27 01:54:20'),(2808,1,'en','plugins/ecommerce/order','address_state_required','The state field is required.','2022-09-27 01:54:20','2022-09-27 01:54:20'),(2809,1,'en','plugins/ecommerce/order','address_city_required','The city field is required.','2022-09-27 01:54:20','2022-09-27 01:54:20'),(2810,1,'en','plugins/ecommerce/order','address_country_required','The country field is required.','2022-09-27 01:54:20','2022-09-27 01:54:20'),(2811,1,'en','plugins/ecommerce/order','address_address_required','The address field is required.','2022-09-27 01:54:20','2022-09-27 01:54:20'),(2812,1,'en','plugins/ecommerce/order','create_order_from_payment_page','Order was created from checkout page','2022-09-27 01:54:20','2022-09-27 01:54:20'),(2813,1,'en','plugins/ecommerce/order','order_was_verified_by','Order was verified by %user_name%','2022-09-27 01:54:20','2022-09-27 01:54:20'),(2814,1,'en','plugins/ecommerce/order','new_order','New order :order_id','2022-09-27 01:54:20','2022-09-27 01:54:20'),(2815,1,'en','plugins/ecommerce/order','payment_was_confirmed_by','Payment was confirmed (amount :money) by %user_name%','2022-09-27 01:54:20','2022-09-27 01:54:20'),(2816,1,'en','plugins/ecommerce/order','edit_order','Edit order :code','2022-09-27 01:54:20','2022-09-27 01:54:20'),(2817,1,'en','plugins/ecommerce/order','confirm_order_success','Confirm order successfully!','2022-09-27 01:54:20','2022-09-27 01:54:20'),(2818,1,'en','plugins/ecommerce/order','error_when_sending_email','There is an error when sending email','2022-09-27 01:54:20','2022-09-27 01:54:20'),(2819,1,'en','plugins/ecommerce/order','sent_confirmation_email_success','Sent confirmation email successfully!','2022-09-27 01:54:20','2022-09-27 01:54:20'),(2820,1,'en','plugins/ecommerce/order','order_was_sent_to_shipping_team','Order was sent to shipping team','2022-09-27 01:54:20','2022-09-27 01:54:20'),(2821,1,'en','plugins/ecommerce/order','by_username','by %user_name%','2022-09-27 01:54:20','2022-09-27 01:54:20'),(2822,1,'en','plugins/ecommerce/order','shipping_was_created_from','Shipping was created from order %order_id%','2022-09-27 01:54:20','2022-09-27 01:54:20'),(2823,1,'en','plugins/ecommerce/order','shipping_was_canceled_success','Shipping was cancelled successfully!','2022-09-27 01:54:20','2022-09-27 01:54:20'),(2824,1,'en','plugins/ecommerce/order','shipping_was_canceled_by','Shipping was cancelled by %user_name%','2022-09-27 01:54:20','2022-09-27 01:54:20'),(2825,1,'en','plugins/ecommerce/order','update_shipping_address_success','Update shipping address successfully!','2022-09-27 01:54:20','2022-09-27 01:54:20'),(2826,1,'en','plugins/ecommerce/order','order_was_canceled_by','Order was cancelled by %user_name%','2022-09-27 01:54:20','2022-09-27 01:54:20'),(2827,1,'en','plugins/ecommerce/order','order_was_returned_by','Order was returned by %user_name%','2022-09-27 01:54:20','2022-09-27 01:54:20'),(2828,1,'en','plugins/ecommerce/order','confirm_payment_success','Confirm payment successfully!','2022-09-27 01:54:20','2022-09-27 01:54:20'),(2829,1,'en','plugins/ecommerce/order','refund_amount_invalid','Refund amount must be lower or equal :price','2022-09-27 01:54:20','2022-09-27 01:54:20'),(2830,1,'en','plugins/ecommerce/order','number_of_products_invalid','Number of products refund is not valid!','2022-09-27 01:54:20','2022-09-27 01:54:20'),(2831,1,'en','plugins/ecommerce/order','cannot_found_payment_for_this_order','Cannot found payment for this order!','2022-09-27 01:54:20','2022-09-27 01:54:20'),(2832,1,'en','plugins/ecommerce/order','refund_success_with_price','Refund success :price','2022-09-27 01:54:20','2022-09-27 01:54:20'),(2833,1,'en','plugins/ecommerce/order','refund_success','Refund successfully!','2022-09-27 01:54:20','2022-09-27 01:54:20'),(2834,1,'en','plugins/ecommerce/order','order_is_not_existed','Order is not existed!','2022-09-27 01:54:20','2022-09-27 01:54:20'),(2835,1,'en','plugins/ecommerce/order','reorder','Reorder','2022-09-27 01:54:20','2022-09-27 01:54:20'),(2836,1,'en','plugins/ecommerce/order','sent_email_incomplete_order_success','Sent email to remind about incomplete order successfully!','2022-09-27 01:54:20','2022-09-27 01:54:20'),(2837,1,'en','plugins/ecommerce/order','applied_coupon_success','Applied coupon \":code\" successfully!','2022-09-27 01:54:20','2022-09-27 01:54:20'),(2838,1,'en','plugins/ecommerce/order','new_order_notice','You have <span class=\"bold\">:count</span> New Order(s)','2022-09-27 01:54:20','2022-09-27 01:54:20'),(2839,1,'en','plugins/ecommerce/order','view_all','View all','2022-09-27 01:54:20','2022-09-27 01:54:20'),(2840,1,'en','plugins/ecommerce/order','cancel_order','Cancel order','2022-09-27 01:54:20','2022-09-27 01:54:20'),(2841,1,'en','plugins/ecommerce/order','order_canceled','Order canceled','2022-09-27 01:54:20','2022-09-27 01:54:20'),(2842,1,'en','plugins/ecommerce/order','order_was_canceled_at','Order was canceled at','2022-09-27 01:54:20','2022-09-27 01:54:20'),(2843,1,'en','plugins/ecommerce/order','return_order','Return order','2022-09-27 01:54:20','2022-09-27 01:54:20'),(2844,1,'en','plugins/ecommerce/order','order_returned','Order returned','2022-09-27 01:54:20','2022-09-27 01:54:20'),(2845,1,'en','plugins/ecommerce/order','order_was_returned_at','Order was returned at','2022-09-27 01:54:20','2022-09-27 01:54:20'),(2846,1,'en','plugins/ecommerce/order','completed','Completed','2022-09-27 01:54:20','2022-09-27 01:54:20'),(2847,1,'en','plugins/ecommerce/order','uncompleted','Uncompleted','2022-09-27 01:54:20','2022-09-27 01:54:20'),(2848,1,'en','plugins/ecommerce/order','sku','SKU','2022-09-27 01:54:20','2022-09-27 01:54:20'),(2849,1,'en','plugins/ecommerce/order','warehouse','Warehouse','2022-09-27 01:54:20','2022-09-27 01:54:20'),(2850,1,'en','plugins/ecommerce/order','sub_amount','Sub amount','2022-09-27 01:54:20','2022-09-27 01:54:20'),(2851,1,'en','plugins/ecommerce/order','coupon_code','Coupon code: \":code\"','2022-09-27 01:54:20','2022-09-27 01:54:20'),(2852,1,'en','plugins/ecommerce/order','shipping_fee','Shipping fee','2022-09-27 01:54:20','2022-09-27 01:54:20'),(2853,1,'en','plugins/ecommerce/order','tax','Tax','2022-09-27 01:54:20','2022-09-27 01:54:20'),(2854,1,'en','plugins/ecommerce/order','refunded_amount','Refunded amount','2022-09-27 01:54:20','2022-09-27 01:54:20'),(2855,1,'en','plugins/ecommerce/order','amount_received','The amount actually received','2022-09-27 01:54:20','2022-09-27 01:54:20'),(2856,1,'en','plugins/ecommerce/order','download_invoice','Download invoice','2022-09-27 01:54:20','2022-09-27 01:54:20'),(2857,1,'en','plugins/ecommerce/order','print_invoice','Print invoice','2022-09-27 01:54:20','2022-09-27 01:54:20'),(2858,1,'en','plugins/ecommerce/order','add_note','Add note...','2022-09-27 01:54:20','2022-09-27 01:54:20'),(2859,1,'en','plugins/ecommerce/order','order_was_confirmed','Order was confirmed','2022-09-27 01:54:20','2022-09-27 01:54:20'),(2860,1,'en','plugins/ecommerce/order','confirm_order','Confirm order','2022-09-27 01:54:20','2022-09-27 01:54:20'),(2861,1,'en','plugins/ecommerce/order','confirm','Confirm','2022-09-27 01:54:20','2022-09-27 01:54:20'),(2862,1,'en','plugins/ecommerce/order','order_was_canceled','Order was canceled','2022-09-27 01:54:20','2022-09-27 01:54:20'),(2863,1,'en','plugins/ecommerce/order','order_was_returned','Order was returned','2022-09-27 01:54:20','2022-09-27 01:54:20'),(2864,1,'en','plugins/ecommerce/order','pending_payment','Pending payment','2022-09-27 01:54:20','2022-09-27 01:54:20'),(2865,1,'en','plugins/ecommerce/order','payment_was_accepted','Payment :money was accepted','2022-09-27 01:54:20','2022-09-27 01:54:20'),(2866,1,'en','plugins/ecommerce/order','payment_was_refunded','Payment was refunded','2022-09-27 01:54:20','2022-09-27 01:54:20'),(2867,1,'en','plugins/ecommerce/order','confirm_payment','Confirm payment','2022-09-27 01:54:20','2022-09-27 01:54:20'),(2868,1,'en','plugins/ecommerce/order','refund','Refund','2022-09-27 01:54:20','2022-09-27 01:54:20'),(2869,1,'en','plugins/ecommerce/order','all_products_are_not_delivered','All products are not delivered','2022-09-27 01:54:20','2022-09-27 01:54:20'),(2870,1,'en','plugins/ecommerce/order','delivery','Delivery','2022-09-27 01:54:20','2022-09-27 01:54:20'),(2871,1,'en','plugins/ecommerce/order','history','History','2022-09-27 01:54:20','2022-09-27 01:54:20'),(2872,1,'en','plugins/ecommerce/order','order_number','Order number','2022-09-27 01:54:20','2022-09-27 01:54:20'),(2873,1,'en','plugins/ecommerce/order','from','from','2022-09-27 01:54:20','2022-09-27 01:54:20'),(2874,1,'en','plugins/ecommerce/order','status','Status','2022-09-27 01:54:20','2022-09-27 01:54:20'),(2875,1,'en','plugins/ecommerce/order','successfully','Successfully','2022-09-27 01:54:20','2022-09-27 01:54:20'),(2876,1,'en','plugins/ecommerce/order','transaction_type','Transaction\'s type','2022-09-27 01:54:20','2022-09-27 01:54:20'),(2877,1,'en','plugins/ecommerce/order','staff','Staff','2022-09-27 01:54:20','2022-09-27 01:54:20'),(2878,1,'en','plugins/ecommerce/order','refund_date','Refund date','2022-09-27 01:54:20','2022-09-27 01:54:20'),(2879,1,'en','plugins/ecommerce/order','n_a','N\\A','2022-09-27 01:54:20','2022-09-27 01:54:20'),(2880,1,'en','plugins/ecommerce/order','payment_date','Payment date','2022-09-27 01:54:20','2022-09-27 01:54:20'),(2881,1,'en','plugins/ecommerce/order','payment_gateway','Payment gateway','2022-09-27 01:54:20','2022-09-27 01:54:20'),(2882,1,'en','plugins/ecommerce/order','transaction_amount','Transaction amount','2022-09-27 01:54:20','2022-09-27 01:54:20'),(2883,1,'en','plugins/ecommerce/order','resend','Resend','2022-09-27 01:54:20','2022-09-27 01:54:20'),(2884,1,'en','plugins/ecommerce/order','default_store','Default store','2022-09-27 01:54:20','2022-09-27 01:54:20'),(2885,1,'en','plugins/ecommerce/order','update_address','Update address','2022-09-27 01:54:20','2022-09-27 01:54:20'),(2886,1,'en','plugins/ecommerce/order','have_an_account_already','Have an account already','2022-09-27 01:54:20','2022-09-27 01:54:20'),(2887,1,'en','plugins/ecommerce/order','dont_have_an_account_yet','Don\'t have an account yet','2022-09-27 01:54:20','2022-09-27 01:54:20'),(2888,1,'en','plugins/ecommerce/order','mark_payment_as_confirmed','Mark <span>:method</span> as confirmed','2022-09-27 01:54:20','2022-09-27 01:54:20'),(2889,1,'en','plugins/ecommerce/order','resend_order_confirmation','Resend order confirmation','2022-09-27 01:54:20','2022-09-27 01:54:20'),(2890,1,'en','plugins/ecommerce/order','resend_order_confirmation_description','Confirmation email will be sent to <strong>:email</strong>?','2022-09-27 01:54:20','2022-09-27 01:54:20'),(2891,1,'en','plugins/ecommerce/order','send','Send','2022-09-27 01:54:20','2022-09-27 01:54:20'),(2892,1,'en','plugins/ecommerce/order','update','Update','2022-09-27 01:54:20','2022-09-27 01:54:20'),(2893,1,'en','plugins/ecommerce/order','cancel_shipping_confirmation','Cancel shipping confirmation?','2022-09-27 01:54:20','2022-09-27 01:54:20'),(2894,1,'en','plugins/ecommerce/order','cancel_shipping_confirmation_description','Cancel shipping confirmation?','2022-09-27 01:54:20','2022-09-27 01:54:20'),(2895,1,'en','plugins/ecommerce/order','cancel_order_confirmation','Cancel order confirmation?','2022-09-27 01:54:20','2022-09-27 01:54:20'),(2896,1,'en','plugins/ecommerce/order','cancel_order_confirmation_description','Are you sure you want to cancel this order? This action cannot rollback','2022-09-27 01:54:20','2022-09-27 01:54:20'),(2897,1,'en','plugins/ecommerce/order','return_order_confirmation','Return order confirmation?','2022-09-27 01:54:20','2022-09-27 01:54:20'),(2898,1,'en','plugins/ecommerce/order','return_order_confirmation_description','Are you sure you want to return this order? This action cannot rollback','2022-09-27 01:54:20','2022-09-27 01:54:20'),(2899,1,'en','plugins/ecommerce/order','confirm_payment_confirmation_description','Processed by <strong>:method</strong>. Did you receive payment outside the system? This payment won\'t be saved into system and cannot be refunded','2022-09-27 01:54:20','2022-09-27 01:54:20'),(2900,1,'en','plugins/ecommerce/order','save_note','Save note','2022-09-27 01:54:20','2022-09-27 01:54:20'),(2901,1,'en','plugins/ecommerce/order','order_note','Order note','2022-09-27 01:54:20','2022-09-27 01:54:20'),(2902,1,'en','plugins/ecommerce/order','order_note_placeholder','Note about order, ex: time or shipping instruction.','2022-09-27 01:54:20','2022-09-27 01:54:20'),(2903,1,'en','plugins/ecommerce/order','order_amount','Order amount','2022-09-27 01:54:20','2022-09-27 01:54:20'),(2904,1,'en','plugins/ecommerce/order','additional_information','Additional information','2022-09-27 01:54:20','2022-09-27 01:54:20'),(2905,1,'en','plugins/ecommerce/order','notice_about_incomplete_order','Notice about incomplete order','2022-09-27 01:54:20','2022-09-27 01:54:20'),(2906,1,'en','plugins/ecommerce/order','notice_about_incomplete_order_description','Remind email about uncompleted order will be send to <strong>:email</strong>?','2022-09-27 01:54:20','2022-09-27 01:54:20'),(2907,1,'en','plugins/ecommerce/order','incomplete_order_description_1','An incomplete order is when a potential customer places items in their shopping cart, and goes all the way through to the payment page, but then doesn\'t complete the transaction.','2022-09-27 01:54:20','2022-09-27 01:54:20'),(2908,1,'en','plugins/ecommerce/order','incomplete_order_description_2','If you have contacted customers and they want to continue buying, you can help them complete their order by following the link:','2022-09-27 01:54:20','2022-09-27 01:54:20'),(2909,1,'en','plugins/ecommerce/order','send_an_email_to_recover_this_order','Send an email to customer to recover this order','2022-09-27 01:54:20','2022-09-27 01:54:20'),(2910,1,'en','plugins/ecommerce/order','see_maps','See maps','2022-09-27 01:54:20','2022-09-27 01:54:20'),(2911,1,'en','plugins/ecommerce/order','one_or_more_products_dont_have_enough_quantity','One or more products don\'t have enough quantity!','2022-09-27 01:54:20','2022-09-27 01:54:20'),(2912,1,'en','plugins/ecommerce/order','cannot_send_order_recover_to_mail','The email could not be found so it can\'t send a recovery email to the customer.','2022-09-27 01:54:20','2022-09-27 01:54:20'),(2913,1,'en','plugins/ecommerce/order','payment_info','Payment Info','2022-09-27 01:54:20','2022-09-27 01:54:20'),(2914,1,'en','plugins/ecommerce/order','payment_method_refund_automatic','Your customer will be refunded using :method automatically.','2022-09-27 01:54:20','2022-09-27 01:54:20'),(2915,1,'en','plugins/ecommerce/order','order','Order','2022-09-27 01:54:20','2022-09-27 01:54:20'),(2916,1,'en','plugins/ecommerce/order','order_information','Order information','2022-09-27 01:54:20','2022-09-27 01:54:20'),(2917,1,'en','plugins/ecommerce/order','create_a_new_product','Create a new product','2022-09-27 01:54:20','2022-09-27 01:54:20'),(2918,1,'en','plugins/ecommerce/order','out_of_stock','Out of stock','2022-09-27 01:54:20','2022-09-27 01:54:20'),(2919,1,'en','plugins/ecommerce/order','products_available','product(s) available','2022-09-27 01:54:20','2022-09-27 01:54:20'),(2920,1,'en','plugins/ecommerce/order','no_products_found','No products found!','2022-09-27 01:54:20','2022-09-27 01:54:20'),(2921,1,'en','plugins/ecommerce/order','note','Note','2022-09-27 01:54:20','2022-09-27 01:54:20'),(2922,1,'en','plugins/ecommerce/order','note_for_order','Note for order...','2022-09-27 01:54:20','2022-09-27 01:54:20'),(2923,1,'en','plugins/ecommerce/order','amount','Amount','2022-09-27 01:54:20','2022-09-27 01:54:20'),(2924,1,'en','plugins/ecommerce/order','add_discount','Add discount','2022-09-27 01:54:20','2022-09-27 01:54:20'),(2925,1,'en','plugins/ecommerce/order','discount','Discount','2022-09-27 01:54:20','2022-09-27 01:54:20'),(2926,1,'en','plugins/ecommerce/order','add_shipping_fee','Add shipping fee','2022-09-27 01:54:20','2022-09-27 01:54:20'),(2927,1,'en','plugins/ecommerce/order','shipping','Shipping','2022-09-27 01:54:20','2022-09-27 01:54:20'),(2928,1,'en','plugins/ecommerce/order','total_amount','Total amount','2022-09-27 01:54:20','2022-09-27 01:54:20'),(2929,1,'en','plugins/ecommerce/order','confirm_payment_and_create_order','Confirm payment and create order','2022-09-27 01:54:20','2022-09-27 01:54:20'),(2930,1,'en','plugins/ecommerce/order','paid','Paid','2022-09-27 01:54:20','2022-09-27 01:54:20'),(2931,1,'en','plugins/ecommerce/order','pay_later','Pay later','2022-09-27 01:54:20','2022-09-27 01:54:20'),(2932,1,'en','plugins/ecommerce/order','customer_information','Customer information','2022-09-27 01:54:20','2022-09-27 01:54:20'),(2933,1,'en','plugins/ecommerce/order','create_new_customer','Create new customer','2022-09-27 01:54:20','2022-09-27 01:54:20'),(2934,1,'en','plugins/ecommerce/order','no_customer_found','No customer found!','2022-09-27 01:54:20','2022-09-27 01:54:20'),(2935,1,'en','plugins/ecommerce/order','customer','Customer','2022-09-27 01:54:20','2022-09-27 01:54:20'),(2936,1,'en','plugins/ecommerce/order','orders','order(s)','2022-09-27 01:54:20','2022-09-27 01:54:20'),(2937,1,'en','plugins/ecommerce/order','shipping_address','Shipping Address','2022-09-27 01:54:20','2022-09-27 01:54:20'),(2938,1,'en','plugins/ecommerce/order','billing_address','Billing Address','2022-09-27 01:54:20','2022-09-27 01:54:20'),(2939,1,'en','plugins/ecommerce/order','see_on_maps','See on maps','2022-09-27 01:54:20','2022-09-27 01:54:20'),(2940,1,'en','plugins/ecommerce/order','name','Name','2022-09-27 01:54:20','2022-09-27 01:54:20'),(2941,1,'en','plugins/ecommerce/order','price','Price','2022-09-27 01:54:20','2022-09-27 01:54:20'),(2942,1,'en','plugins/ecommerce/order','sku_optional','SKU (optional)','2022-09-27 01:54:20','2022-09-27 01:54:20'),(2943,1,'en','plugins/ecommerce/order','with_storehouse_management','With storehouse management?','2022-09-27 01:54:20','2022-09-27 01:54:20'),(2944,1,'en','plugins/ecommerce/order','quantity','Quantity','2022-09-27 01:54:20','2022-09-27 01:54:20'),(2945,1,'en','plugins/ecommerce/order','allow_customer_checkout_when_this_product_out_of_stock','Allow customer checkout when this product out of stock?','2022-09-27 01:54:20','2022-09-27 01:54:20'),(2946,1,'en','plugins/ecommerce/order','address','Address','2022-09-27 01:54:20','2022-09-27 01:54:20'),(2947,1,'en','plugins/ecommerce/order','phone','Phone','2022-09-27 01:54:20','2022-09-27 01:54:20'),(2948,1,'en','plugins/ecommerce/order','country','Country','2022-09-27 01:54:20','2022-09-27 01:54:20'),(2949,1,'en','plugins/ecommerce/order','state','State','2022-09-27 01:54:20','2022-09-27 01:54:20'),(2950,1,'en','plugins/ecommerce/order','city','City','2022-09-27 01:54:20','2022-09-27 01:54:20'),(2951,1,'en','plugins/ecommerce/order','zip_code','Zip code','2022-09-27 01:54:20','2022-09-27 01:54:20'),(2952,1,'en','plugins/ecommerce/order','discount_based_on','Discount based on','2022-09-27 01:54:20','2022-09-27 01:54:20'),(2953,1,'en','plugins/ecommerce/order','or_coupon_code','Or coupon code','2022-09-27 01:54:20','2022-09-27 01:54:20'),(2954,1,'en','plugins/ecommerce/order','description','Description','2022-09-27 01:54:20','2022-09-27 01:54:20'),(2955,1,'en','plugins/ecommerce/order','how_to_select_configured_shipping','How to select configured shipping?','2022-09-27 01:54:20','2022-09-27 01:54:20'),(2956,1,'en','plugins/ecommerce/order','please_add_customer_information_with_the_complete_shipping_address_to_see_the_configured_shipping_rates','Please add customer information with the complete shipping address to see the configured shipping rates','2022-09-27 01:54:20','2022-09-27 01:54:20'),(2957,1,'en','plugins/ecommerce/order','free_shipping','Free shipping','2022-09-27 01:54:20','2022-09-27 01:54:20'),(2958,1,'en','plugins/ecommerce/order','custom','Custom','2022-09-27 01:54:20','2022-09-27 01:54:20'),(2959,1,'en','plugins/ecommerce/order','email','Email','2022-09-27 01:54:20','2022-09-27 01:54:20'),(2960,1,'en','plugins/ecommerce/order','create_order','Create order','2022-09-27 01:54:20','2022-09-27 01:54:20'),(2961,1,'en','plugins/ecommerce/order','close','Close','2022-09-27 01:54:20','2022-09-27 01:54:20'),(2962,1,'en','plugins/ecommerce/order','confirm_payment_is_paid_for_this_order','Confirm payment is paid for this order','2022-09-27 01:54:20','2022-09-27 01:54:20'),(2963,1,'en','plugins/ecommerce/order','payment_status_of_the_order_is_paid_once_the_order_has_been_created_you_cannot_change_the_payment_method_or_status','Payment status of the order is Paid. Once the order has been created, you cannot change the payment method or status','2022-09-27 01:54:20','2022-09-27 01:54:20'),(2964,1,'en','plugins/ecommerce/order','select_payment_method','Select payment method','2022-09-27 01:54:20','2022-09-27 01:54:20'),(2965,1,'en','plugins/ecommerce/order','cash_on_delivery_cod','Cash on delivery (COD)','2022-09-27 01:54:20','2022-09-27 01:54:20'),(2966,1,'en','plugins/ecommerce/order','bank_transfer','Bank transfer','2022-09-27 01:54:20','2022-09-27 01:54:20'),(2967,1,'en','plugins/ecommerce/order','paid_amount','Paid amount','2022-09-27 01:54:20','2022-09-27 01:54:20'),(2968,1,'en','plugins/ecommerce/order','confirm_that_payment_for_this_order_will_be_paid_later','Confirm that payment for this order will be paid later','2022-09-27 01:54:20','2022-09-27 01:54:20'),(2969,1,'en','plugins/ecommerce/order','payment_status_of_the_order_is_pending_once_the_order_has_been_created_you_cannot_change_the_payment_method_or_status','Payment status of the order is Pending. Once the order has been created, you cannot change the payment method or status','2022-09-27 01:54:20','2022-09-27 01:54:20'),(2970,1,'en','plugins/ecommerce/order','pending_amount','Pending amount','2022-09-27 01:54:20','2022-09-27 01:54:20'),(2971,1,'en','plugins/ecommerce/order','update_email','Update email','2022-09-27 01:54:20','2022-09-27 01:54:20'),(2972,1,'en','plugins/ecommerce/order','save','Save','2022-09-27 01:54:20','2022-09-27 01:54:20'),(2973,1,'en','plugins/ecommerce/order','cancel','Cancel','2022-09-27 01:54:20','2022-09-27 01:54:20'),(2974,1,'en','plugins/ecommerce/order','create_a_new_order','Create a new order','2022-09-27 01:54:20','2022-09-27 01:54:20'),(2975,1,'en','plugins/ecommerce/order','search_or_create_new_product','Search or create a new product','2022-09-27 01:54:20','2022-09-27 01:54:20'),(2976,1,'en','plugins/ecommerce/order','search_or_create_new_customer','Search or create a new customer','2022-09-27 01:54:20','2022-09-27 01:54:20'),(2977,1,'en','plugins/ecommerce/order','discount_description','Discount description','2022-09-27 01:54:20','2022-09-27 01:54:20'),(2978,1,'en','plugins/ecommerce/order','cant_select_out_of_stock_product','Cannot select out of stock product!','2022-09-27 01:54:20','2022-09-27 01:54:20'),(2979,1,'en','plugins/ecommerce/order','referral','Referral','2022-09-27 01:54:20','2022-09-27 01:54:20'),(2980,1,'en','plugins/ecommerce/order','return_order_unique','Same :attribute already exists in a previous return request.','2022-09-27 01:54:20','2022-09-27 01:54:20'),(2981,1,'en','plugins/ecommerce/order','total_return_amount','Total return amount','2022-09-27 01:54:20','2022-09-27 01:54:20'),(2982,1,'en','plugins/ecommerce/order','change_return_order_status','Change return order status','2022-09-27 01:54:20','2022-09-27 01:54:20'),(2983,1,'en','plugins/ecommerce/order','return_reason','Return reason','2022-09-27 01:54:20','2022-09-27 01:54:20'),(2984,1,'en','plugins/ecommerce/order','referral_data.ip','IP','2022-09-27 01:54:20','2022-09-27 01:54:20'),(2985,1,'en','plugins/ecommerce/order','referral_data.landing_domain','Landing domain','2022-09-27 01:54:20','2022-09-27 01:54:20'),(2986,1,'en','plugins/ecommerce/order','referral_data.landing_page','Landing page','2022-09-27 01:54:20','2022-09-27 01:54:20'),(2987,1,'en','plugins/ecommerce/order','referral_data.landing_params','Landing params','2022-09-27 01:54:20','2022-09-27 01:54:20'),(2988,1,'en','plugins/ecommerce/order','referral_data.gclid','Gclid','2022-09-27 01:54:20','2022-09-27 01:54:20'),(2989,1,'en','plugins/ecommerce/order','referral_data.fclid','Fclid','2022-09-27 01:54:20','2022-09-27 01:54:20'),(2990,1,'en','plugins/ecommerce/order','referral_data.utm_source','UTM source','2022-09-27 01:54:20','2022-09-27 01:54:20'),(2991,1,'en','plugins/ecommerce/order','referral_data.utm_campaign','UTM campaign','2022-09-27 01:54:20','2022-09-27 01:54:20'),(2992,1,'en','plugins/ecommerce/order','referral_data.utm_medium','UTM medium','2022-09-27 01:54:20','2022-09-27 01:54:20'),(2993,1,'en','plugins/ecommerce/order','referral_data.utm_term','UTM term','2022-09-27 01:54:20','2022-09-27 01:54:20'),(2994,1,'en','plugins/ecommerce/order','referral_data.utm_content','UTM content','2022-09-27 01:54:20','2022-09-27 01:54:20'),(2995,1,'en','plugins/ecommerce/order','referral_data.referral','Referral','2022-09-27 01:54:20','2022-09-27 01:54:20'),(2996,1,'en','plugins/ecommerce/order','referral_data.referrer_url','Referral URL','2022-09-27 01:54:20','2022-09-27 01:54:20'),(2997,1,'en','plugins/ecommerce/order','referral_data.referrer_domain','Referral domain','2022-09-27 01:54:20','2022-09-27 01:54:20'),(2998,1,'en','plugins/ecommerce/order','order_address_types.shipping_address','Shipping address','2022-09-27 01:54:20','2022-09-27 01:54:20'),(2999,1,'en','plugins/ecommerce/order','order_address_types.billing_address','Billing address','2022-09-27 01:54:20','2022-09-27 01:54:20'),(3000,1,'en','plugins/ecommerce/order','order_return_reasons.damaged','Damaged product','2022-09-27 01:54:20','2022-09-27 01:54:20'),(3001,1,'en','plugins/ecommerce/order','order_return_reasons.defective','Defective','2022-09-27 01:54:20','2022-09-27 01:54:20'),(3002,1,'en','plugins/ecommerce/order','order_return_reasons.incorrect_item','Incorrect item','2022-09-27 01:54:20','2022-09-27 01:54:20'),(3003,1,'en','plugins/ecommerce/order','order_return_reasons.arrived_late','Arrived late','2022-09-27 01:54:20','2022-09-27 01:54:20'),(3004,1,'en','plugins/ecommerce/order','order_return_reasons.not_as_described','Not as described','2022-09-27 01:54:20','2022-09-27 01:54:20'),(3005,1,'en','plugins/ecommerce/order','order_return_reasons.no_longer_want','No longer want','2022-09-27 01:54:20','2022-09-27 01:54:20'),(3006,1,'en','plugins/ecommerce/order','order_return_reasons.other','Other','2022-09-27 01:54:20','2022-09-27 01:54:20'),(3007,1,'en','plugins/ecommerce/order','notices.update_return_order_status_error','Cannot update return order status! Maybe the return order status is not valid.','2022-09-27 01:54:20','2022-09-27 01:54:20'),(3008,1,'en','plugins/ecommerce/order','notices.update_return_order_status_success','Update return order status successfully!','2022-09-27 01:54:20','2022-09-27 01:54:20'),(3009,1,'en','plugins/ecommerce/order','order_return','Order returns','2022-09-27 01:54:20','2022-09-27 01:54:20'),(3010,1,'en','plugins/ecommerce/order','order_return_items_count','Product item(s)','2022-09-27 01:54:21','2022-09-27 01:54:21'),(3011,1,'en','plugins/ecommerce/payment','name','Payments','2022-09-27 01:54:21','2022-09-27 01:54:21'),(3012,1,'en','plugins/ecommerce/payment','payment_method','Payment methods','2022-09-27 01:54:21','2022-09-27 01:54:21'),(3013,1,'en','plugins/ecommerce/payment','view_payment','View payment #','2022-09-27 01:54:21','2022-09-27 01:54:21'),(3014,1,'en','plugins/ecommerce/payment','charge_id','Charge ID','2022-09-27 01:54:21','2022-09-27 01:54:21'),(3015,1,'en','plugins/ecommerce/payment','amount','Amount','2022-09-27 01:54:21','2022-09-27 01:54:21'),(3016,1,'en','plugins/ecommerce/payment','currency','Currency','2022-09-27 01:54:21','2022-09-27 01:54:21'),(3017,1,'en','plugins/ecommerce/payment','user','User','2022-09-27 01:54:21','2022-09-27 01:54:21'),(3018,1,'en','plugins/ecommerce/payment','paypal_name_required','PayPal\'s name is required!','2022-09-27 01:54:21','2022-09-27 01:54:21'),(3019,1,'en','plugins/ecommerce/payment','paypal_name_max','PayPal\'s name is too long!','2022-09-27 01:54:21','2022-09-27 01:54:21'),(3020,1,'en','plugins/ecommerce/payment','status','Status','2022-09-27 01:54:21','2022-09-27 01:54:21'),(3021,1,'en','plugins/ecommerce/payment','enabled','Enabled','2022-09-27 01:54:21','2022-09-27 01:54:21'),(3022,1,'en','plugins/ecommerce/payment','disabled','Disabled','2022-09-27 01:54:21','2022-09-27 01:54:21'),(3023,1,'en','plugins/ecommerce/payment','client_id','Client ID','2022-09-27 01:54:21','2022-09-27 01:54:21'),(3024,1,'en','plugins/ecommerce/payment','client_secret','Client Secret','2022-09-27 01:54:21','2022-09-27 01:54:21'),(3025,1,'en','plugins/ecommerce/payment','mode','Mode','2022-09-27 01:54:21','2022-09-27 01:54:21'),(3026,1,'en','plugins/ecommerce/payment','sandbox','Sandbox','2022-09-27 01:54:21','2022-09-27 01:54:21'),(3027,1,'en','plugins/ecommerce/payment','live','Live','2022-09-27 01:54:21','2022-09-27 01:54:21'),(3028,1,'en','plugins/ecommerce/payment','enable_payment_log','Enable Payment Log','2022-09-27 01:54:21','2022-09-27 01:54:21'),(3029,1,'en','plugins/ecommerce/payment','yes','Yes','2022-09-27 01:54:21','2022-09-27 01:54:21'),(3030,1,'en','plugins/ecommerce/payment','no','No','2022-09-27 01:54:21','2022-09-27 01:54:21'),(3031,1,'en','plugins/ecommerce/payment','client_key','Client Key','2022-09-27 01:54:21','2022-09-27 01:54:21'),(3032,1,'en','plugins/ecommerce/payment','paypal','PayPal','2022-09-27 01:54:21','2022-09-27 01:54:21'),(3033,1,'en','plugins/ecommerce/payment','action','Action','2022-09-27 01:54:21','2022-09-27 01:54:21'),(3034,1,'en','plugins/ecommerce/payment','go_back','Go back','2022-09-27 01:54:21','2022-09-27 01:54:21'),(3035,1,'en','plugins/ecommerce/payment','view','View','2022-09-27 01:54:21','2022-09-27 01:54:21'),(3036,1,'en','plugins/ecommerce/payment','cash_on_delivery','Cash on delivery (COD)','2022-09-27 01:54:21','2022-09-27 01:54:21'),(3037,1,'en','plugins/ecommerce/payment','via_bank_transfer','Via bank transfer','2022-09-27 01:54:21','2022-09-27 01:54:21'),(3038,1,'en','plugins/ecommerce/payment','payment_via_cart','Payment via card','2022-09-27 01:54:21','2022-09-27 01:54:21'),(3039,1,'en','plugins/ecommerce/payment','card_number','Card number','2022-09-27 01:54:21','2022-09-27 01:54:21'),(3040,1,'en','plugins/ecommerce/payment','full_name','Full name','2022-09-27 01:54:21','2022-09-27 01:54:21'),(3041,1,'en','plugins/ecommerce/payment','payment_via_paypal','Payment via PayPal','2022-09-27 01:54:21','2022-09-27 01:54:21'),(3042,1,'en','plugins/ecommerce/payment','mm_yy','MM/YY','2022-09-27 01:54:21','2022-09-27 01:54:21'),(3043,1,'en','plugins/ecommerce/payment','cvc','CVC','2022-09-27 01:54:21','2022-09-27 01:54:21'),(3044,1,'en','plugins/ecommerce/payment','details','Details','2022-09-27 01:54:21','2022-09-27 01:54:21'),(3045,1,'en','plugins/ecommerce/payment','payer_name','Payer Name','2022-09-27 01:54:21','2022-09-27 01:54:21'),(3046,1,'en','plugins/ecommerce/payment','email','Email','2022-09-27 01:54:21','2022-09-27 01:54:21'),(3047,1,'en','plugins/ecommerce/payment','phone','Phone','2022-09-27 01:54:21','2022-09-27 01:54:21'),(3048,1,'en','plugins/ecommerce/payment','country','Country','2022-09-27 01:54:21','2022-09-27 01:54:21'),(3049,1,'en','plugins/ecommerce/payment','shipping_address','Shipping Address','2022-09-27 01:54:21','2022-09-27 01:54:21'),(3050,1,'en','plugins/ecommerce/payment','payment_details','Payment Details','2022-09-27 01:54:21','2022-09-27 01:54:21'),(3051,1,'en','plugins/ecommerce/payment','card','Card','2022-09-27 01:54:21','2022-09-27 01:54:21'),(3052,1,'en','plugins/ecommerce/payment','address','Address','2022-09-27 01:54:21','2022-09-27 01:54:21'),(3053,1,'en','plugins/ecommerce/payment','new_payment','Payment for order :id','2022-09-27 01:54:21','2022-09-27 01:54:21'),(3054,1,'en','plugins/ecommerce/payment','payment_id','Payment ID','2022-09-27 01:54:21','2022-09-27 01:54:21'),(3055,1,'en','plugins/ecommerce/prices','name','Price','2022-09-27 01:54:21','2022-09-27 01:54:21'),(3056,1,'en','plugins/ecommerce/prices','create','New price','2022-09-27 01:54:21','2022-09-27 01:54:21'),(3057,1,'en','plugins/ecommerce/prices','edit','Edit price','2022-09-27 01:54:21','2022-09-27 01:54:21'),(3058,1,'en','plugins/ecommerce/prices','list','List price','2022-09-27 01:54:21','2022-09-27 01:54:21'),(3059,1,'en','plugins/ecommerce/product-attribute-sets','name','Product attribute sets','2022-09-27 01:54:21','2022-09-27 01:54:21'),(3060,1,'en','plugins/ecommerce/product-attribute-sets','create','New product attribute set','2022-09-27 01:54:21','2022-09-27 01:54:21'),(3061,1,'en','plugins/ecommerce/product-attribute-sets','edit','Edit product attribute set','2022-09-27 01:54:21','2022-09-27 01:54:21'),(3062,1,'en','plugins/ecommerce/product-attribute-sets','visible_in_categories','Visible in categories','2022-09-27 01:54:21','2022-09-27 01:54:21'),(3063,1,'en','plugins/ecommerce/product-attribute-sets','product_with_more_version','Product with more version','2022-09-27 01:54:21','2022-09-27 01:54:21'),(3064,1,'en','plugins/ecommerce/product-attribute-sets','create_a_version','Create a version','2022-09-27 01:54:21','2022-09-27 01:54:21'),(3065,1,'en','plugins/ecommerce/product-attribute-sets','enabled','Enabled','2022-09-27 01:54:21','2022-09-27 01:54:21'),(3066,1,'en','plugins/ecommerce/product-attribute-sets','attributes','Attributes','2022-09-27 01:54:21','2022-09-27 01:54:21'),(3067,1,'en','plugins/ecommerce/product-attribute-sets','price','Price','2022-09-27 01:54:21','2022-09-27 01:54:21'),(3068,1,'en','plugins/ecommerce/product-attribute-sets','edit_btn','Edit','2022-09-27 01:54:21','2022-09-27 01:54:21'),(3069,1,'en','plugins/ecommerce/product-attribute-sets','remove_btn','Remove','2022-09-27 01:54:21','2022-09-27 01:54:21'),(3070,1,'en','plugins/ecommerce/product-attribute-sets','product','Product','2022-09-27 01:54:21','2022-09-27 01:54:21'),(3071,1,'en','plugins/ecommerce/product-attribute-sets','back_to_product','Back to product','2022-09-27 01:54:21','2022-09-27 01:54:21'),(3072,1,'en','plugins/ecommerce/product-attribute-sets','save','Save','2022-09-27 01:54:21','2022-09-27 01:54:21'),(3073,1,'en','plugins/ecommerce/product-attribute-sets','other_existing_versions','Other existing versions','2022-09-27 01:54:21','2022-09-27 01:54:21'),(3074,1,'en','plugins/ecommerce/product-attribute-sets','version_information','Version information','2022-09-27 01:54:21','2022-09-27 01:54:21'),(3075,1,'en','plugins/ecommerce/product-attribute-sets','add_rule','Add rule','2022-09-27 01:54:21','2022-09-27 01:54:21'),(3076,1,'en','plugins/ecommerce/product-attribute-sets','rules','Rules','2022-09-27 01:54:21','2022-09-27 01:54:21'),(3077,1,'en','plugins/ecommerce/product-attribute-sets','pricing','Pricing','2022-09-27 01:54:21','2022-09-27 01:54:21'),(3078,1,'en','plugins/ecommerce/product-attribute-sets','sale_price','Sale price','2022-09-27 01:54:21','2022-09-27 01:54:21'),(3079,1,'en','plugins/ecommerce/product-attribute-sets','sale_type','Sale type','2022-09-27 01:54:21','2022-09-27 01:54:21'),(3080,1,'en','plugins/ecommerce/product-attribute-sets','no_sale_price','No sale price','2022-09-27 01:54:21','2022-09-27 01:54:21'),(3081,1,'en','plugins/ecommerce/product-attribute-sets','always_on_sale','Always on sale','2022-09-27 01:54:21','2022-09-27 01:54:21'),(3082,1,'en','plugins/ecommerce/product-attribute-sets','limited_time','Limited time','2022-09-27 01:54:21','2022-09-27 01:54:21'),(3083,1,'en','plugins/ecommerce/product-attribute-sets','from','From','2022-09-27 01:54:21','2022-09-27 01:54:21'),(3084,1,'en','plugins/ecommerce/product-attribute-sets','to','To','2022-09-27 01:54:21','2022-09-27 01:54:21'),(3085,1,'en','plugins/ecommerce/product-attribute-sets','storehouse','Storehouse','2022-09-27 01:54:21','2022-09-27 01:54:21'),(3086,1,'en','plugins/ecommerce/product-attribute-sets','no_storehouse_management','No storehouse management','2022-09-27 01:54:21','2022-09-27 01:54:21'),(3087,1,'en','plugins/ecommerce/product-attribute-sets','with_storehouse_management','With storehouse management','2022-09-27 01:54:21','2022-09-27 01:54:21'),(3088,1,'en','plugins/ecommerce/product-attribute-sets','quantity','Quantity','2022-09-27 01:54:21','2022-09-27 01:54:21'),(3089,1,'en','plugins/ecommerce/product-attribute-sets','allow_customer_checkout_out_of_stock','Allow customer checkout when this product out of stock','2022-09-27 01:54:21','2022-09-27 01:54:21'),(3090,1,'en','plugins/ecommerce/product-attribute-sets','shipping','Shipping','2022-09-27 01:54:21','2022-09-27 01:54:21'),(3091,1,'en','plugins/ecommerce/product-attribute-sets','length','Length','2022-09-27 01:54:21','2022-09-27 01:54:21'),(3092,1,'en','plugins/ecommerce/product-attribute-sets','wide','Wide','2022-09-27 01:54:21','2022-09-27 01:54:21'),(3093,1,'en','plugins/ecommerce/product-attribute-sets','height','Height','2022-09-27 01:54:21','2022-09-27 01:54:21'),(3094,1,'en','plugins/ecommerce/product-attribute-sets','weight','Weight','2022-09-27 01:54:21','2022-09-27 01:54:21'),(3095,1,'en','plugins/ecommerce/product-attribute-sets','version_images','Version images','2022-09-27 01:54:21','2022-09-27 01:54:21'),(3096,1,'en','plugins/ecommerce/product-attribute-sets','add_new_image','Add new image','2022-09-27 01:54:21','2022-09-27 01:54:21'),(3097,1,'en','plugins/ecommerce/product-attribute-sets','attribute_set','Attribute set','2022-09-27 01:54:21','2022-09-27 01:54:21'),(3098,1,'en','plugins/ecommerce/product-attribute-sets','value','Value','2022-09-27 01:54:21','2022-09-27 01:54:21'),(3099,1,'en','plugins/ecommerce/product-attribute-sets','dropdown_swatch','Dropdown Swatch','2022-09-27 01:54:21','2022-09-27 01:54:21'),(3100,1,'en','plugins/ecommerce/product-attribute-sets','visual_swatch','Visual Swatch','2022-09-27 01:54:21','2022-09-27 01:54:21'),(3101,1,'en','plugins/ecommerce/product-attribute-sets','text_swatch','Text Swatch','2022-09-27 01:54:21','2022-09-27 01:54:21'),(3102,1,'en','plugins/ecommerce/product-attribute-sets','display_layout','Display Layout','2022-09-27 01:54:21','2022-09-27 01:54:21'),(3103,1,'en','plugins/ecommerce/product-attribute-sets','searchable','Searchable','2022-09-27 01:54:21','2022-09-27 01:54:21'),(3104,1,'en','plugins/ecommerce/product-attribute-sets','comparable','Comparable','2022-09-27 01:54:21','2022-09-27 01:54:21'),(3105,1,'en','plugins/ecommerce/product-attribute-sets','use_in_product_listing','Used in product listing','2022-09-27 01:54:21','2022-09-27 01:54:21'),(3106,1,'en','plugins/ecommerce/product-attribute-sets','attributes_list','Attributes list','2022-09-27 01:54:21','2022-09-27 01:54:21'),(3107,1,'en','plugins/ecommerce/product-attribute-sets','is_default','Is default?','2022-09-27 01:54:21','2022-09-27 01:54:21'),(3108,1,'en','plugins/ecommerce/product-attribute-sets','title','Title','2022-09-27 01:54:21','2022-09-27 01:54:21'),(3109,1,'en','plugins/ecommerce/product-attribute-sets','slug','Slug','2022-09-27 01:54:21','2022-09-27 01:54:21'),(3110,1,'en','plugins/ecommerce/product-attribute-sets','color','Color','2022-09-27 01:54:21','2022-09-27 01:54:21'),(3111,1,'en','plugins/ecommerce/product-attribute-sets','image','Image','2022-09-27 01:54:21','2022-09-27 01:54:21'),(3112,1,'en','plugins/ecommerce/product-attribute-sets','remove','Remove','2022-09-27 01:54:21','2022-09-27 01:54:21'),(3113,1,'en','plugins/ecommerce/product-attribute-sets','add_new_attribute','Add new attribute','2022-09-27 01:54:21','2022-09-27 01:54:21'),(3114,1,'en','plugins/ecommerce/product-attribute-sets','use_image_from_product_variation','Use image from product variation (for Visual Swatch only)','2022-09-27 01:54:21','2022-09-27 01:54:21'),(3115,1,'en','plugins/ecommerce/product-attributes','name','Product attributes','2022-09-27 01:54:21','2022-09-27 01:54:21'),(3116,1,'en','plugins/ecommerce/product-attributes','create','New product attribute','2022-09-27 01:54:21','2022-09-27 01:54:21'),(3117,1,'en','plugins/ecommerce/product-attributes','edit','Edit product attribute','2022-09-27 01:54:21','2022-09-27 01:54:21'),(3118,1,'en','plugins/ecommerce/product-attributes','intro.title','Manage product attributes','2022-09-27 01:54:21','2022-09-27 01:54:21'),(3119,1,'en','plugins/ecommerce/product-attributes','intro.description','Product attribute such as color, width, height ...','2022-09-27 01:54:21','2022-09-27 01:54:21'),(3120,1,'en','plugins/ecommerce/product-attributes','intro.button_text','Create product attribute','2022-09-27 01:54:21','2022-09-27 01:54:21'),(3121,1,'en','plugins/ecommerce/product-categories','name','Product categories','2022-09-27 01:54:21','2022-09-27 01:54:21'),(3122,1,'en','plugins/ecommerce/product-categories','create','Create new product category','2022-09-27 01:54:21','2022-09-27 01:54:21'),(3123,1,'en','plugins/ecommerce/product-categories','edit','Edit product category','2022-09-27 01:54:21','2022-09-27 01:54:21'),(3124,1,'en','plugins/ecommerce/product-categories','list','List product categories','2022-09-27 01:54:21','2022-09-27 01:54:21'),(3125,1,'en','plugins/ecommerce/product-categories','none','None','2022-09-27 01:54:21','2022-09-27 01:54:21'),(3126,1,'en','plugins/ecommerce/product-categories','menu','Product categories','2022-09-27 01:54:21','2022-09-27 01:54:21'),(3127,1,'en','plugins/ecommerce/product-categories','intro.title','Manage product categories','2022-09-27 01:54:21','2022-09-27 01:54:21'),(3128,1,'en','plugins/ecommerce/product-categories','intro.description','Such as clothes, shoes, bags, jewelry ...','2022-09-27 01:54:21','2022-09-27 01:54:21'),(3129,1,'en','plugins/ecommerce/product-categories','intro.button_text','Create product category','2022-09-27 01:54:21','2022-09-27 01:54:21'),(3130,1,'en','plugins/ecommerce/product-categories','total_products','Total products: :total','2022-09-27 01:54:21','2022-09-27 01:54:21'),(3131,1,'en','plugins/ecommerce/product-collections','name','Product collections','2022-09-27 01:54:21','2022-09-27 01:54:21'),(3132,1,'en','plugins/ecommerce/product-collections','create','New product collection','2022-09-27 01:54:21','2022-09-27 01:54:21'),(3133,1,'en','plugins/ecommerce/product-collections','edit','Edit product collection','2022-09-27 01:54:21','2022-09-27 01:54:21'),(3134,1,'en','plugins/ecommerce/product-collections','slug_help_block','Label key: <code>:slug</code>. We will use this key for filter.','2022-09-27 01:54:21','2022-09-27 01:54:21'),(3135,1,'en','plugins/ecommerce/product-collections','intro.title','Manage product collections','2022-09-27 01:54:21','2022-09-27 01:54:21'),(3136,1,'en','plugins/ecommerce/product-collections','intro.description','Group your products into collections to make it easier for customers to find them by category.','2022-09-27 01:54:21','2022-09-27 01:54:21'),(3137,1,'en','plugins/ecommerce/product-collections','intro.button_text','Create product collection','2022-09-27 01:54:21','2022-09-27 01:54:21'),(3138,1,'en','plugins/ecommerce/product-label','name','Product labels','2022-09-27 01:54:21','2022-09-27 01:54:21'),(3139,1,'en','plugins/ecommerce/product-label','create','New product label','2022-09-27 01:54:21','2022-09-27 01:54:21'),(3140,1,'en','plugins/ecommerce/product-label','edit','Edit product label','2022-09-27 01:54:21','2022-09-27 01:54:21'),(3141,1,'en','plugins/ecommerce/product-label','color','Color','2022-09-27 01:54:21','2022-09-27 01:54:21'),(3142,1,'en','plugins/ecommerce/product-label','color_placeholder','Example: #f0f0f0','2022-09-27 01:54:21','2022-09-27 01:54:21'),(3143,1,'en','plugins/ecommerce/product-tag','name','Product tags','2022-09-27 01:54:21','2022-09-27 01:54:21'),(3144,1,'en','plugins/ecommerce/product-tag','create','New product tag','2022-09-27 01:54:21','2022-09-27 01:54:21'),(3145,1,'en','plugins/ecommerce/product-tag','edit','Edit product tag','2022-09-27 01:54:21','2022-09-27 01:54:21'),(3146,1,'en','plugins/ecommerce/products','name','Products','2022-09-27 01:54:21','2022-09-27 01:54:21'),(3147,1,'en','plugins/ecommerce/products','create','New product','2022-09-27 01:54:21','2022-09-27 01:54:21'),(3148,1,'en','plugins/ecommerce/products','create_product_type.physical','New physical product','2022-09-27 01:54:21','2022-09-27 01:54:21'),(3149,1,'en','plugins/ecommerce/products','create_product_type.digital','New digital product','2022-09-27 01:54:21','2022-09-27 01:54:21'),(3150,1,'en','plugins/ecommerce/products','edit','Edit product - :name','2022-09-27 01:54:21','2022-09-27 01:54:21'),(3151,1,'en','plugins/ecommerce/products','form.name','Name','2022-09-27 01:54:21','2022-09-27 01:54:21'),(3152,1,'en','plugins/ecommerce/products','form.name_placeholder','Product\'s name (Maximum 120 characters)','2022-09-27 01:54:21','2022-09-27 01:54:21'),(3153,1,'en','plugins/ecommerce/products','form.description','Description','2022-09-27 01:54:21','2022-09-27 01:54:21'),(3154,1,'en','plugins/ecommerce/products','form.description_placeholder','Short description for product (Maximum 400 characters)','2022-09-27 01:54:21','2022-09-27 01:54:21'),(3155,1,'en','plugins/ecommerce/products','form.categories','Categories','2022-09-27 01:54:21','2022-09-27 01:54:21'),(3156,1,'en','plugins/ecommerce/products','form.content','Content','2022-09-27 01:54:21','2022-09-27 01:54:21'),(3157,1,'en','plugins/ecommerce/products','form.price','Price','2022-09-27 01:54:21','2022-09-27 01:54:21'),(3158,1,'en','plugins/ecommerce/products','form.quantity','Quantity','2022-09-27 01:54:21','2022-09-27 01:54:21'),(3159,1,'en','plugins/ecommerce/products','form.brand','Brand','2022-09-27 01:54:21','2022-09-27 01:54:21'),(3160,1,'en','plugins/ecommerce/products','form.width','Width','2022-09-27 01:54:21','2022-09-27 01:54:21'),(3161,1,'en','plugins/ecommerce/products','form.height','Height','2022-09-27 01:54:21','2022-09-27 01:54:21'),(3162,1,'en','plugins/ecommerce/products','form.weight','Weight','2022-09-27 01:54:21','2022-09-27 01:54:21'),(3163,1,'en','plugins/ecommerce/products','form.date.end','From date','2022-09-27 01:54:21','2022-09-27 01:54:21'),(3164,1,'en','plugins/ecommerce/products','form.date.start','To date','2022-09-27 01:54:21','2022-09-27 01:54:21'),(3165,1,'en','plugins/ecommerce/products','form.image','Images','2022-09-27 01:54:21','2022-09-27 01:54:21'),(3166,1,'en','plugins/ecommerce/products','form.collections','Product collections','2022-09-27 01:54:21','2022-09-27 01:54:21'),(3167,1,'en','plugins/ecommerce/products','form.labels','Labels','2022-09-27 01:54:21','2022-09-27 01:54:21'),(3168,1,'en','plugins/ecommerce/products','form.price_sale','Price sale','2022-09-27 01:54:21','2022-09-27 01:54:21'),(3169,1,'en','plugins/ecommerce/products','form.product_type.title','Product type','2022-09-27 01:54:21','2022-09-27 01:54:21'),(3170,1,'en','plugins/ecommerce/products','form.product','Product','2022-09-27 01:54:21','2022-09-27 01:54:21'),(3171,1,'en','plugins/ecommerce/products','form.total','Total','2022-09-27 01:54:21','2022-09-27 01:54:21'),(3172,1,'en','plugins/ecommerce/products','form.sub_total','Subtotal','2022-09-27 01:54:21','2022-09-27 01:54:21'),(3173,1,'en','plugins/ecommerce/products','form.shipping_fee','Shipping fee','2022-09-27 01:54:21','2022-09-27 01:54:21'),(3174,1,'en','plugins/ecommerce/products','form.discount','Discount','2022-09-27 01:54:21','2022-09-27 01:54:21'),(3175,1,'en','plugins/ecommerce/products','form.options','Options','2022-09-27 01:54:21','2022-09-27 01:54:21'),(3176,1,'en','plugins/ecommerce/products','form.shipping.height','Height','2022-09-27 01:54:21','2022-09-27 01:54:21'),(3177,1,'en','plugins/ecommerce/products','form.shipping.length','Length','2022-09-27 01:54:21','2022-09-27 01:54:21'),(3178,1,'en','plugins/ecommerce/products','form.shipping.title','Shipping','2022-09-27 01:54:21','2022-09-27 01:54:21'),(3179,1,'en','plugins/ecommerce/products','form.shipping.weight','Weight','2022-09-27 01:54:21','2022-09-27 01:54:21'),(3180,1,'en','plugins/ecommerce/products','form.shipping.wide','Wide','2022-09-27 01:54:21','2022-09-27 01:54:21'),(3181,1,'en','plugins/ecommerce/products','form.stock.allow_order_when_out','Allow customer checkout when this product out of stock','2022-09-27 01:54:21','2022-09-27 01:54:21'),(3182,1,'en','plugins/ecommerce/products','form.stock.in_stock','In stock','2022-09-27 01:54:21','2022-09-27 01:54:21'),(3183,1,'en','plugins/ecommerce/products','form.stock.out_stock','Out stock','2022-09-27 01:54:21','2022-09-27 01:54:21'),(3184,1,'en','plugins/ecommerce/products','form.stock.title','Stock status','2022-09-27 01:54:21','2022-09-27 01:54:21'),(3185,1,'en','plugins/ecommerce/products','form.storehouse.no_storehouse','No storehouse management','2022-09-27 01:54:21','2022-09-27 01:54:21'),(3186,1,'en','plugins/ecommerce/products','form.storehouse.storehouse','With storehouse management','2022-09-27 01:54:21','2022-09-27 01:54:21'),(3187,1,'en','plugins/ecommerce/products','form.storehouse.title','Storehouse','2022-09-27 01:54:21','2022-09-27 01:54:21'),(3188,1,'en','plugins/ecommerce/products','form.storehouse.quantity','Quantity','2022-09-27 01:54:21','2022-09-27 01:54:21'),(3189,1,'en','plugins/ecommerce/products','form.tax','Tax','2022-09-27 01:54:21','2022-09-27 01:54:21'),(3190,1,'en','plugins/ecommerce/products','form.is_default','Is default','2022-09-27 01:54:21','2022-09-27 01:54:21'),(3191,1,'en','plugins/ecommerce/products','form.action','Action','2022-09-27 01:54:21','2022-09-27 01:54:21'),(3192,1,'en','plugins/ecommerce/products','form.restock_quantity','Restock quantity','2022-09-27 01:54:21','2022-09-27 01:54:21'),(3193,1,'en','plugins/ecommerce/products','form.remain','Remain','2022-09-27 01:54:21','2022-09-27 01:54:21'),(3194,1,'en','plugins/ecommerce/products','form.choose_discount_period','Choose Discount Period','2022-09-27 01:54:21','2022-09-27 01:54:21'),(3195,1,'en','plugins/ecommerce/products','form.cancel','Cancel','2022-09-27 01:54:21','2022-09-27 01:54:21'),(3196,1,'en','plugins/ecommerce/products','form.no_results','No results!','2022-09-27 01:54:21','2022-09-27 01:54:21'),(3197,1,'en','plugins/ecommerce/products','form.value','Value','2022-09-27 01:54:21','2022-09-27 01:54:21'),(3198,1,'en','plugins/ecommerce/products','form.attribute_name','Attribute name','2022-09-27 01:54:21','2022-09-27 01:54:21'),(3199,1,'en','plugins/ecommerce/products','form.add_more_attribute','Add more attribute','2022-09-27 01:54:21','2022-09-27 01:54:21'),(3200,1,'en','plugins/ecommerce/products','form.continue','Continue','2022-09-27 01:54:21','2022-09-27 01:54:21'),(3201,1,'en','plugins/ecommerce/products','form.add_new_attributes','Add new attributes','2022-09-27 01:54:21','2022-09-27 01:54:21'),(3202,1,'en','plugins/ecommerce/products','form.add_new_attributes_description','Adding new attributes helps the product to have many options, such as size or color.','2022-09-27 01:54:21','2022-09-27 01:54:21'),(3203,1,'en','plugins/ecommerce/products','form.create_product_variations',':link to create product variations!','2022-09-27 01:54:21','2022-09-27 01:54:21'),(3204,1,'en','plugins/ecommerce/products','form.tags','Tags','2022-09-27 01:54:21','2022-09-27 01:54:21'),(3205,1,'en','plugins/ecommerce/products','form.write_some_tags','Write some tags','2022-09-27 01:54:21','2022-09-27 01:54:21'),(3206,1,'en','plugins/ecommerce/products','form.variation_existed','This variation is existed.','2022-09-27 01:54:21','2022-09-27 01:54:21'),(3207,1,'en','plugins/ecommerce/products','form.no_attributes_selected','No attributes selected!','2022-09-27 01:54:21','2022-09-27 01:54:21'),(3208,1,'en','plugins/ecommerce/products','form.added_variation_success','Added variation successfully!','2022-09-27 01:54:21','2022-09-27 01:54:21'),(3209,1,'en','plugins/ecommerce/products','form.updated_variation_success','Updated variation successfully!','2022-09-27 01:54:21','2022-09-27 01:54:21'),(3210,1,'en','plugins/ecommerce/products','form.created_all_variation_success','Created all variations successfully!','2022-09-27 01:54:21','2022-09-27 01:54:21'),(3211,1,'en','plugins/ecommerce/products','form.updated_product_attributes_success','Updated product attributes successfully!','2022-09-27 01:54:21','2022-09-27 01:54:21'),(3212,1,'en','plugins/ecommerce/products','form.stock_status','Stock status','2022-09-27 01:54:21','2022-09-27 01:54:21'),(3213,1,'en','plugins/ecommerce/products','form.auto_generate_sku','Auto generate SKU?','2022-09-27 01:54:21','2022-09-27 01:54:21'),(3214,1,'en','plugins/ecommerce/products','form.featured_image','Featured image (optional)','2022-09-27 01:54:21','2022-09-27 01:54:21'),(3215,1,'en','plugins/ecommerce/products','form.product_id','Product ID','2022-09-27 01:54:22','2022-09-27 01:54:22'),(3216,1,'en','plugins/ecommerce/products','price','Price','2022-09-27 01:54:22','2022-09-27 01:54:22'),(3217,1,'en','plugins/ecommerce/products','quantity','Quantity','2022-09-27 01:54:22','2022-09-27 01:54:22'),(3218,1,'en','plugins/ecommerce/products','type','Type','2022-09-27 01:54:22','2022-09-27 01:54:22'),(3219,1,'en','plugins/ecommerce/products','image','Thumbnail','2022-09-27 01:54:22','2022-09-27 01:54:22'),(3220,1,'en','plugins/ecommerce/products','sku','SKU','2022-09-27 01:54:22','2022-09-27 01:54:22'),(3221,1,'en','plugins/ecommerce/products','variation_sku','Variation SKU','2022-09-27 01:54:22','2022-09-27 01:54:22'),(3222,1,'en','plugins/ecommerce/products','brand','Brand','2022-09-27 01:54:22','2022-09-27 01:54:22'),(3223,1,'en','plugins/ecommerce/products','cannot_delete','Product could not be deleted','2022-09-27 01:54:22','2022-09-27 01:54:22'),(3224,1,'en','plugins/ecommerce/products','product_deleted','Product deleted','2022-09-27 01:54:22','2022-09-27 01:54:22'),(3225,1,'en','plugins/ecommerce/products','product_collections','Product collections','2022-09-27 01:54:22','2022-09-27 01:54:22'),(3226,1,'en','plugins/ecommerce/products','products','Products','2022-09-27 01:54:22','2022-09-27 01:54:22'),(3227,1,'en','plugins/ecommerce/products','menu','Products','2022-09-27 01:54:22','2022-09-27 01:54:22'),(3228,1,'en','plugins/ecommerce/products','control.button_add_image','Add image','2022-09-27 01:54:22','2022-09-27 01:54:22'),(3229,1,'en','plugins/ecommerce/products','price_sale','Sale price','2022-09-27 01:54:22','2022-09-27 01:54:22'),(3230,1,'en','plugins/ecommerce/products','price_group_title','Manager product price','2022-09-27 01:54:22','2022-09-27 01:54:22'),(3231,1,'en','plugins/ecommerce/products','store_house_group_title','Manager store house','2022-09-27 01:54:22','2022-09-27 01:54:22'),(3232,1,'en','plugins/ecommerce/products','shipping_group_title','Manager shipping','2022-09-27 01:54:22','2022-09-27 01:54:22'),(3233,1,'en','plugins/ecommerce/products','overview','Overview','2022-09-27 01:54:22','2022-09-27 01:54:22'),(3234,1,'en','plugins/ecommerce/products','attributes','Attributes','2022-09-27 01:54:22','2022-09-27 01:54:22'),(3235,1,'en','plugins/ecommerce/products','product_has_variations','Product has variations','2022-09-27 01:54:22','2022-09-27 01:54:22'),(3236,1,'en','plugins/ecommerce/products','manage_products','Manage products','2022-09-27 01:54:22','2022-09-27 01:54:22'),(3237,1,'en','plugins/ecommerce/products','add_new_product','Add a new product','2022-09-27 01:54:22','2022-09-27 01:54:22'),(3238,1,'en','plugins/ecommerce/products','start_by_adding_new_product','Start by adding new products.','2022-09-27 01:54:22','2022-09-27 01:54:22'),(3239,1,'en','plugins/ecommerce/products','edit_this_product','Edit this product','2022-09-27 01:54:22','2022-09-27 01:54:22'),(3240,1,'en','plugins/ecommerce/products','delete','Delete','2022-09-27 01:54:22','2022-09-27 01:54:22'),(3241,1,'en','plugins/ecommerce/products','related_products','Related products','2022-09-27 01:54:22','2022-09-27 01:54:22'),(3242,1,'en','plugins/ecommerce/products','cross_selling_products','Cross-selling products','2022-09-27 01:54:22','2022-09-27 01:54:22'),(3243,1,'en','plugins/ecommerce/products','up_selling_products','Up-selling products','2022-09-27 01:54:22','2022-09-27 01:54:22'),(3244,1,'en','plugins/ecommerce/products','grouped_products','Grouped products','2022-09-27 01:54:22','2022-09-27 01:54:22'),(3245,1,'en','plugins/ecommerce/products','search_products','Search products','2022-09-27 01:54:22','2022-09-27 01:54:22'),(3246,1,'en','plugins/ecommerce/products','selected_products','Selected products','2022-09-27 01:54:22','2022-09-27 01:54:22'),(3247,1,'en','plugins/ecommerce/products','edit_variation_item','Edit','2022-09-27 01:54:22','2022-09-27 01:54:22'),(3248,1,'en','plugins/ecommerce/products','variations_box_description','Click on \"Edit attribute\" to add/remove attributes of variation or click on \"Add new variation\" to add variation.','2022-09-27 01:54:22','2022-09-27 01:54:22'),(3249,1,'en','plugins/ecommerce/products','save_changes','Save changes','2022-09-27 01:54:22','2022-09-27 01:54:22'),(3250,1,'en','plugins/ecommerce/products','continue','Continue','2022-09-27 01:54:22','2022-09-27 01:54:22'),(3251,1,'en','plugins/ecommerce/products','edit_attribute','Edit attribute','2022-09-27 01:54:22','2022-09-27 01:54:22'),(3252,1,'en','plugins/ecommerce/products','select_attribute','Select attribute','2022-09-27 01:54:22','2022-09-27 01:54:22'),(3253,1,'en','plugins/ecommerce/products','add_new_variation','Add new variation','2022-09-27 01:54:22','2022-09-27 01:54:22'),(3254,1,'en','plugins/ecommerce/products','edit_variation','Edit variation','2022-09-27 01:54:22','2022-09-27 01:54:22'),(3255,1,'en','plugins/ecommerce/products','generate_all_variations','Generate all variations','2022-09-27 01:54:22','2022-09-27 01:54:22'),(3256,1,'en','plugins/ecommerce/products','generate_all_variations_confirmation','Are you sure you want to generate all variations for this product?','2022-09-27 01:54:22','2022-09-27 01:54:22'),(3257,1,'en','plugins/ecommerce/products','delete_variation','Delete variation?','2022-09-27 01:54:22','2022-09-27 01:54:22'),(3258,1,'en','plugins/ecommerce/products','delete_variation_confirmation','Are you sure you want to delete this variation? This action cannot be undo.','2022-09-27 01:54:22','2022-09-27 01:54:22'),(3259,1,'en','plugins/ecommerce/products','delete_variations_confirmation','Are you sure you want to delete those variations? This action cannot be undo.','2022-09-27 01:54:22','2022-09-27 01:54:22'),(3260,1,'en','plugins/ecommerce/products','product_create_validate_name_required','Please enter product\'s name','2022-09-27 01:54:22','2022-09-27 01:54:22'),(3261,1,'en','plugins/ecommerce/products','product_create_validate_sale_price_max','The discount must be less than the original price','2022-09-27 01:54:22','2022-09-27 01:54:22'),(3262,1,'en','plugins/ecommerce/products','product_create_validate_sale_price_required_if','Must enter a discount when you want to schedule a promotion','2022-09-27 01:54:22','2022-09-27 01:54:22'),(3263,1,'en','plugins/ecommerce/products','product_create_validate_end_date_after','End date must be after start date','2022-09-27 01:54:22','2022-09-27 01:54:22'),(3264,1,'en','plugins/ecommerce/products','product_create_validate_start_date_required_if','Discount start date cannot be left blank when scheduling is selected','2022-09-27 01:54:22','2022-09-27 01:54:22'),(3265,1,'en','plugins/ecommerce/products','product_create_validate_sale_price','Discounts cannot be left blank when scheduling is selected','2022-09-27 01:54:22','2022-09-27 01:54:22'),(3266,1,'en','plugins/ecommerce/products','stock_statuses.in_stock','In stock','2022-09-27 01:54:22','2022-09-27 01:54:22'),(3267,1,'en','plugins/ecommerce/products','stock_statuses.out_of_stock','Out of stock','2022-09-27 01:54:22','2022-09-27 01:54:22'),(3268,1,'en','plugins/ecommerce/products','stock_statuses.on_backorder','On backorder','2022-09-27 01:54:22','2022-09-27 01:54:22'),(3269,1,'en','plugins/ecommerce/products','stock_status','Stock status','2022-09-27 01:54:22','2022-09-27 01:54:22'),(3270,1,'en','plugins/ecommerce/products','processing','Processing...','2022-09-27 01:54:22','2022-09-27 01:54:22'),(3271,1,'en','plugins/ecommerce/products','delete_selected_variations','Delete selected variations','2022-09-27 01:54:22','2022-09-27 01:54:22'),(3272,1,'en','plugins/ecommerce/products','delete_variations','Delete variations','2022-09-27 01:54:22','2022-09-27 01:54:22'),(3273,1,'en','plugins/ecommerce/products','category','Category','2022-09-27 01:54:22','2022-09-27 01:54:22'),(3274,1,'en','plugins/ecommerce/products','product_price_flash_sale_warning','This product is in flash sale <strong>:name</strong> so its price is <strong>:price</strong>.','2022-09-27 01:54:22','2022-09-27 01:54:22'),(3275,1,'en','plugins/ecommerce/products','product_price_discount_warning','This product is in discount <strong>:name</strong> so its price is <strong>:price</strong>.','2022-09-27 01:54:22','2022-09-27 01:54:22'),(3276,1,'en','plugins/ecommerce/products','product_image','Product image','2022-09-27 01:54:22','2022-09-27 01:54:22'),(3277,1,'en','plugins/ecommerce/products','product_name','Product name','2022-09-27 01:54:22','2022-09-27 01:54:22'),(3278,1,'en','plugins/ecommerce/products','types.physical','Physical','2022-09-27 01:54:22','2022-09-27 01:54:22'),(3279,1,'en','plugins/ecommerce/products','types.digital','Digital','2022-09-27 01:54:22','2022-09-27 01:54:22'),(3280,1,'en','plugins/ecommerce/products','digital_attachments.title','Digital attachments','2022-09-27 01:54:22','2022-09-27 01:54:22'),(3281,1,'en','plugins/ecommerce/products','digital_attachments.add','Add Attachment','2022-09-27 01:54:22','2022-09-27 01:54:22'),(3282,1,'en','plugins/ecommerce/products','digital_attachments.file_name','File name','2022-09-27 01:54:22','2022-09-27 01:54:22'),(3283,1,'en','plugins/ecommerce/products','digital_attachments.file_size','File size','2022-09-27 01:54:22','2022-09-27 01:54:22'),(3284,1,'en','plugins/ecommerce/products','digital_attachments.unsaved','Unsaved','2022-09-27 01:54:22','2022-09-27 01:54:22'),(3285,1,'en','plugins/ecommerce/reports','name','Report','2022-09-27 01:54:22','2022-09-27 01:54:22'),(3286,1,'en','plugins/ecommerce/reports','widget.order.title','Orders','2022-09-27 01:54:22','2022-09-27 01:54:22'),(3287,1,'en','plugins/ecommerce/reports','count.revenue','Today revenue','2022-09-27 01:54:22','2022-09-27 01:54:22'),(3288,1,'en','plugins/ecommerce/reports','count.orders','Today orders','2022-09-27 01:54:22','2022-09-27 01:54:22'),(3289,1,'en','plugins/ecommerce/reports','count.products','Total products','2022-09-27 01:54:22','2022-09-27 01:54:22'),(3290,1,'en','plugins/ecommerce/reports','count.customers','Total customers','2022-09-27 01:54:22','2022-09-27 01:54:22'),(3291,1,'en','plugins/ecommerce/reports','product_name','Product name','2022-09-27 01:54:22','2022-09-27 01:54:22'),(3292,1,'en','plugins/ecommerce/reports','quantity','Quantity','2022-09-27 01:54:22','2022-09-27 01:54:22'),(3293,1,'en','plugins/ecommerce/reports','revenue_statistics','Revenue statistics','2022-09-27 01:54:22','2022-09-27 01:54:22'),(3294,1,'en','plugins/ecommerce/reports','top_selling_products','Top Selling Products','2022-09-27 01:54:22','2022-09-27 01:54:22'),(3295,1,'en','plugins/ecommerce/reports','ranges.today','Today','2022-09-27 01:54:22','2022-09-27 01:54:22'),(3296,1,'en','plugins/ecommerce/reports','ranges.this_week','This week','2022-09-27 01:54:22','2022-09-27 01:54:22'),(3297,1,'en','plugins/ecommerce/reports','ranges.last_7_days','Last 7 days','2022-09-27 01:54:22','2022-09-27 01:54:22'),(3298,1,'en','plugins/ecommerce/reports','ranges.last_30_days','Last 30 days','2022-09-27 01:54:22','2022-09-27 01:54:22'),(3299,1,'en','plugins/ecommerce/reports','ranges.this_month','This month','2022-09-27 01:54:22','2022-09-27 01:54:22'),(3300,1,'en','plugins/ecommerce/reports','ranges.this_year','This year','2022-09-27 01:54:22','2022-09-27 01:54:22'),(3301,1,'en','plugins/ecommerce/reports','revenue_this_month','Revenue this month','2022-09-27 01:54:22','2022-09-27 01:54:22'),(3302,1,'en','plugins/ecommerce/reports','order_processing_this_month','order(s) processing in this month','2022-09-27 01:54:22','2022-09-27 01:54:22'),(3303,1,'en','plugins/ecommerce/reports','order_completed_this_month','order(s) completed in this month','2022-09-27 01:54:22','2022-09-27 01:54:22'),(3304,1,'en','plugins/ecommerce/reports','product_will_be_out_of_stock','product(s) will be out of stock soon','2022-09-27 01:54:22','2022-09-27 01:54:22'),(3305,1,'en','plugins/ecommerce/reports','product_out_of_stock','product(s) out of stock','2022-09-27 01:54:22','2022-09-27 01:54:22'),(3306,1,'en','plugins/ecommerce/reports','sales_reports','Sales Reports','2022-09-27 01:54:22','2022-09-27 01:54:22'),(3307,1,'en','plugins/ecommerce/reports','total_earnings','Total Earnings','2022-09-27 01:54:22','2022-09-27 01:54:22'),(3308,1,'en','plugins/ecommerce/reports','recent_orders','Recent Orders','2022-09-27 01:54:22','2022-09-27 01:54:22'),(3309,1,'en','plugins/ecommerce/reports','statistics','Statistics','2022-09-27 01:54:22','2022-09-27 01:54:22'),(3310,1,'en','plugins/ecommerce/reports','items_earning_sales','Items Earning Sales: :value','2022-09-27 01:54:22','2022-09-27 01:54:22'),(3311,1,'en','plugins/ecommerce/reports','revenue','Revenue','2022-09-27 01:54:22','2022-09-27 01:54:22'),(3312,1,'en','plugins/ecommerce/reports','orders','Orders','2022-09-27 01:54:22','2022-09-27 01:54:22'),(3313,1,'en','plugins/ecommerce/reports','products','Products','2022-09-27 01:54:22','2022-09-27 01:54:22'),(3314,1,'en','plugins/ecommerce/reports','customers','Customers','2022-09-27 01:54:22','2022-09-27 01:54:22'),(3315,1,'en','plugins/ecommerce/reports','earnings','Earnings','2022-09-27 01:54:22','2022-09-27 01:54:22'),(3316,1,'en','plugins/ecommerce/reports','date_range_format_value','From :from to :to','2022-09-27 01:54:22','2022-09-27 01:54:22'),(3317,1,'en','plugins/ecommerce/reports','select_range','Select Range','2022-09-27 01:54:22','2022-09-27 01:54:22'),(3318,1,'en','plugins/ecommerce/review','name','Reviews','2022-09-27 01:54:22','2022-09-27 01:54:22'),(3319,1,'en','plugins/ecommerce/review','add_review','Add review','2022-09-27 01:54:22','2022-09-27 01:54:22'),(3320,1,'en','plugins/ecommerce/review','delete_review','Delete review','2022-09-27 01:54:22','2022-09-27 01:54:22'),(3321,1,'en','plugins/ecommerce/review','create_review','Create Review','2022-09-27 01:54:22','2022-09-27 01:54:22'),(3322,1,'en','plugins/ecommerce/review','please_select_rating','Please select rating','2022-09-27 01:54:22','2022-09-27 01:54:22'),(3323,1,'en','plugins/ecommerce/review','comment','Comment','2022-09-27 01:54:22','2022-09-27 01:54:22'),(3324,1,'en','plugins/ecommerce/review','approve','Approve','2022-09-27 01:54:22','2022-09-27 01:54:22'),(3325,1,'en','plugins/ecommerce/review','approved','Approved','2022-09-27 01:54:22','2022-09-27 01:54:22'),(3326,1,'en','plugins/ecommerce/review','disapprove','Disapprove','2022-09-27 01:54:22','2022-09-27 01:54:22'),(3327,1,'en','plugins/ecommerce/review','disapproved','Disapproved','2022-09-27 01:54:22','2022-09-27 01:54:22'),(3328,1,'en','plugins/ecommerce/review','product','Product','2022-09-27 01:54:22','2022-09-27 01:54:22'),(3329,1,'en','plugins/ecommerce/review','user','User','2022-09-27 01:54:22','2022-09-27 01:54:22'),(3330,1,'en','plugins/ecommerce/review','star','Star','2022-09-27 01:54:22','2022-09-27 01:54:22'),(3331,1,'en','plugins/ecommerce/review','status','Status','2022-09-27 01:54:22','2022-09-27 01:54:22'),(3332,1,'en','plugins/ecommerce/review','list_review','Customer reviews','2022-09-27 01:54:22','2022-09-27 01:54:22'),(3333,1,'en','plugins/ecommerce/review','intro.title','Manage customer reviews','2022-09-27 01:54:22','2022-09-27 01:54:22'),(3334,1,'en','plugins/ecommerce/review','intro.description','Customer reviews will be shown here and you can manage it to show/hide in product detail page.','2022-09-27 01:54:22','2022-09-27 01:54:22'),(3335,1,'en','plugins/ecommerce/review','images','Images','2022-09-27 01:54:22','2022-09-27 01:54:22'),(3336,1,'en','plugins/ecommerce/shipping','name','Shipping Rules','2022-09-27 01:54:22','2022-09-27 01:54:22'),(3337,1,'en','plugins/ecommerce/shipping','shipping','Shipping','2022-09-27 01:54:22','2022-09-27 01:54:22'),(3338,1,'en','plugins/ecommerce/shipping','title','Title','2022-09-27 01:54:22','2022-09-27 01:54:22'),(3339,1,'en','plugins/ecommerce/shipping','amount','Amount','2022-09-27 01:54:22','2022-09-27 01:54:22'),(3340,1,'en','plugins/ecommerce/shipping','enable','Enable','2022-09-27 01:54:22','2022-09-27 01:54:22'),(3341,1,'en','plugins/ecommerce/shipping','enabled','Enabled','2022-09-27 01:54:22','2022-09-27 01:54:22'),(3342,1,'en','plugins/ecommerce/shipping','disable','Disable','2022-09-27 01:54:22','2022-09-27 01:54:22'),(3343,1,'en','plugins/ecommerce/shipping','disabled','Disabled','2022-09-27 01:54:22','2022-09-27 01:54:22'),(3344,1,'en','plugins/ecommerce/shipping','create_shipping','Create a shipping','2022-09-27 01:54:22','2022-09-27 01:54:22'),(3345,1,'en','plugins/ecommerce/shipping','edit_shipping','Edit shipping :code','2022-09-27 01:54:22','2022-09-27 01:54:22'),(3346,1,'en','plugins/ecommerce/shipping','status','Status','2022-09-27 01:54:22','2022-09-27 01:54:22'),(3347,1,'en','plugins/ecommerce/shipping','shipping_methods','Shipping methods','2022-09-27 01:54:22','2022-09-27 01:54:22'),(3348,1,'en','plugins/ecommerce/shipping','create_shipping_method','Create shipping method','2022-09-27 01:54:22','2022-09-27 01:54:22'),(3349,1,'en','plugins/ecommerce/shipping','edit_shipping_method','Edit shipping method','2022-09-27 01:54:22','2022-09-27 01:54:22'),(3350,1,'en','plugins/ecommerce/shipping','add_shipping_region','Add shipping region','2022-09-27 01:54:22','2022-09-27 01:54:22'),(3351,1,'en','plugins/ecommerce/shipping','country','Country','2022-09-27 01:54:22','2022-09-27 01:54:22'),(3352,1,'en','plugins/ecommerce/shipping','state','State','2022-09-27 01:54:22','2022-09-27 01:54:22'),(3353,1,'en','plugins/ecommerce/shipping','city','City','2022-09-27 01:54:22','2022-09-27 01:54:22'),(3354,1,'en','plugins/ecommerce/shipping','address','Address','2022-09-27 01:54:22','2022-09-27 01:54:22'),(3355,1,'en','plugins/ecommerce/shipping','phone','Phone','2022-09-27 01:54:22','2022-09-27 01:54:22'),(3356,1,'en','plugins/ecommerce/shipping','email','Email','2022-09-27 01:54:22','2022-09-27 01:54:22'),(3357,1,'en','plugins/ecommerce/shipping','zip_code','Zip code','2022-09-27 01:54:22','2022-09-27 01:54:22'),(3358,1,'en','plugins/ecommerce/shipping','methods.default','Default','2022-09-27 01:54:22','2022-09-27 01:54:22'),(3359,1,'en','plugins/ecommerce/shipping','statuses.not_approved','Not approved','2022-09-27 01:54:22','2022-09-27 01:54:22'),(3360,1,'en','plugins/ecommerce/shipping','statuses.approved','Approved','2022-09-27 01:54:22','2022-09-27 01:54:22'),(3361,1,'en','plugins/ecommerce/shipping','statuses.pending','Pending','2022-09-27 01:54:22','2022-09-27 01:54:22'),(3362,1,'en','plugins/ecommerce/shipping','statuses.arrange_shipment','Arrange shipment','2022-09-27 01:54:22','2022-09-27 01:54:22'),(3363,1,'en','plugins/ecommerce/shipping','statuses.ready_to_be_shipped_out','Ready to be shipped out','2022-09-27 01:54:22','2022-09-27 01:54:22'),(3364,1,'en','plugins/ecommerce/shipping','statuses.picking','Picking','2022-09-27 01:54:22','2022-09-27 01:54:22'),(3365,1,'en','plugins/ecommerce/shipping','statuses.delay_picking','Delay picking','2022-09-27 01:54:22','2022-09-27 01:54:22'),(3366,1,'en','plugins/ecommerce/shipping','statuses.picked','Picked','2022-09-27 01:54:22','2022-09-27 01:54:22'),(3367,1,'en','plugins/ecommerce/shipping','statuses.not_picked','Not picked','2022-09-27 01:54:22','2022-09-27 01:54:22'),(3368,1,'en','plugins/ecommerce/shipping','statuses.delivering','Delivering','2022-09-27 01:54:22','2022-09-27 01:54:22'),(3369,1,'en','plugins/ecommerce/shipping','statuses.delivered','Delivered','2022-09-27 01:54:22','2022-09-27 01:54:22'),(3370,1,'en','plugins/ecommerce/shipping','statuses.not_delivered','Not delivered','2022-09-27 01:54:22','2022-09-27 01:54:22'),(3371,1,'en','plugins/ecommerce/shipping','statuses.audited','Audited','2022-09-27 01:54:22','2022-09-27 01:54:22'),(3372,1,'en','plugins/ecommerce/shipping','statuses.canceled','Canceled','2022-09-27 01:54:22','2022-09-27 01:54:22'),(3373,1,'en','plugins/ecommerce/shipping','cod_statuses.pending','Pending','2022-09-27 01:54:22','2022-09-27 01:54:22'),(3374,1,'en','plugins/ecommerce/shipping','cod_statuses.completed','Completed','2022-09-27 01:54:22','2022-09-27 01:54:22'),(3375,1,'en','plugins/ecommerce/shipping','delete','Delete','2022-09-27 01:54:22','2022-09-27 01:54:22'),(3376,1,'en','plugins/ecommerce/shipping','shipping_rules','Shipping Rules','2022-09-27 01:54:22','2022-09-27 01:54:22'),(3377,1,'en','plugins/ecommerce/shipping','shipping_rules_description','Rules to calculate shipping fee.','2022-09-27 01:54:22','2022-09-27 01:54:22'),(3378,1,'en','plugins/ecommerce/shipping','select_country','Select country','2022-09-27 01:54:22','2022-09-27 01:54:22'),(3379,1,'en','plugins/ecommerce/shipping','add_shipping_rule','Add shipping rule','2022-09-27 01:54:22','2022-09-27 01:54:22'),(3380,1,'en','plugins/ecommerce/shipping','delete_shipping_rate','Delete shipping rate for area','2022-09-27 01:54:22','2022-09-27 01:54:22'),(3381,1,'en','plugins/ecommerce/shipping','delete_shipping_rate_confirmation','Are you sure you want to delete <strong class=\"region-price-item-label\"></strong> from this shipping area?','2022-09-27 01:54:22','2022-09-27 01:54:22'),(3382,1,'en','plugins/ecommerce/shipping','delete_shipping_area','Delete shipping area','2022-09-27 01:54:22','2022-09-27 01:54:22'),(3383,1,'en','plugins/ecommerce/shipping','delete_shipping_area_confirmation','Are you sure you want to delete shipping area <strong class=\"region-item-label\"></strong>?','2022-09-27 01:54:22','2022-09-27 01:54:22'),(3384,1,'en','plugins/ecommerce/shipping','add_shipping_fee_for_area','Add shipping fee for area','2022-09-27 01:54:22','2022-09-27 01:54:22'),(3385,1,'en','plugins/ecommerce/shipping','confirm','Confirm','2022-09-27 01:54:22','2022-09-27 01:54:22'),(3386,1,'en','plugins/ecommerce/shipping','save','Save','2022-09-27 01:54:22','2022-09-27 01:54:22'),(3387,1,'en','plugins/ecommerce/shipping','greater_than','Greater than','2022-09-27 01:54:22','2022-09-27 01:54:22'),(3388,1,'en','plugins/ecommerce/shipping','type','Type','2022-09-27 01:54:22','2022-09-27 01:54:22'),(3389,1,'en','plugins/ecommerce/shipping','shipping_rule_name','Name of shipping rule','2022-09-27 01:54:22','2022-09-27 01:54:22'),(3390,1,'en','plugins/ecommerce/shipping','shipping_fee','Shipping fee','2022-09-27 01:54:22','2022-09-27 01:54:22'),(3391,1,'en','plugins/ecommerce/shipping','cancel','Cancel','2022-09-27 01:54:22','2022-09-27 01:54:22'),(3392,1,'en','plugins/ecommerce/shipping','base_on_weight','Based on product\'s weight (:unit)','2022-09-27 01:54:22','2022-09-27 01:54:22'),(3393,1,'en','plugins/ecommerce/shipping','base_on_price','Based on product\'s price','2022-09-27 01:54:22','2022-09-27 01:54:22'),(3394,1,'en','plugins/ecommerce/shipping','shipment_canceled','Shipment was canceled','2022-09-27 01:54:22','2022-09-27 01:54:22'),(3395,1,'en','plugins/ecommerce/shipping','at','At','2022-09-27 01:54:22','2022-09-27 01:54:22'),(3396,1,'en','plugins/ecommerce/shipping','cash_on_delivery','Cash on delivery (COD)','2022-09-27 01:54:22','2022-09-27 01:54:22'),(3397,1,'en','plugins/ecommerce/shipping','update_shipping_status','Update shipping status','2022-09-27 01:54:22','2022-09-27 01:54:22'),(3398,1,'en','plugins/ecommerce/shipping','update_cod_status','Update COD status','2022-09-27 01:54:22','2022-09-27 01:54:22'),(3399,1,'en','plugins/ecommerce/shipping','history','History','2022-09-27 01:54:22','2022-09-27 01:54:22'),(3400,1,'en','plugins/ecommerce/shipping','shipment_information','Shipment information','2022-09-27 01:54:22','2022-09-27 01:54:22'),(3401,1,'en','plugins/ecommerce/shipping','order_number','Order number','2022-09-27 01:54:22','2022-09-27 01:54:22'),(3402,1,'en','plugins/ecommerce/shipping','shipping_method','Shipping method','2022-09-27 01:54:22','2022-09-27 01:54:22'),(3403,1,'en','plugins/ecommerce/shipping','select_shipping_method','Select shipping method','2022-09-27 01:54:22','2022-09-27 01:54:22'),(3404,1,'en','plugins/ecommerce/shipping','cod_status','COD status','2022-09-27 01:54:22','2022-09-27 01:54:22'),(3405,1,'en','plugins/ecommerce/shipping','shipping_status','Shipping status','2022-09-27 01:54:22','2022-09-27 01:54:22'),(3406,1,'en','plugins/ecommerce/shipping','customer_information','Customer information','2022-09-27 01:54:22','2022-09-27 01:54:22'),(3407,1,'en','plugins/ecommerce/shipping','sku','SKU','2022-09-27 01:54:22','2022-09-27 01:54:22'),(3408,1,'en','plugins/ecommerce/shipping','change_status_confirm_title','Confirm <span class=\"shipment-status-label\"></span> ?','2022-09-27 01:54:22','2022-09-27 01:54:22'),(3409,1,'en','plugins/ecommerce/shipping','change_status_confirm_description','Are you sure you want to confirm <span class=\"shipment-status-label\"></span> for this shipment?','2022-09-27 01:54:22','2022-09-27 01:54:22'),(3410,1,'en','plugins/ecommerce/shipping','accept','Accept','2022-09-27 01:54:22','2022-09-27 01:54:22'),(3411,1,'en','plugins/ecommerce/shipping','weight_unit','Weight (:unit)','2022-09-27 01:54:22','2022-09-27 01:54:22'),(3412,1,'en','plugins/ecommerce/shipping','updated_at','Last Update','2022-09-27 01:54:22','2022-09-27 01:54:22'),(3413,1,'en','plugins/ecommerce/shipping','cod_amount','Cash on delivery amount (COD)','2022-09-27 01:54:23','2022-09-27 01:54:23'),(3414,1,'en','plugins/ecommerce/shipping','cancel_shipping','Cancel shipping','2022-09-27 01:54:23','2022-09-27 01:54:23'),(3415,1,'en','plugins/ecommerce/shipping','shipping_address','Shipping address','2022-09-27 01:54:23','2022-09-27 01:54:23'),(3416,1,'en','plugins/ecommerce/shipping','packages','Packages','2022-09-27 01:54:23','2022-09-27 01:54:23'),(3417,1,'en','plugins/ecommerce/shipping','edit','Edit','2022-09-27 01:54:23','2022-09-27 01:54:23'),(3418,1,'en','plugins/ecommerce/shipping','fee','Fee','2022-09-27 01:54:23','2022-09-27 01:54:23'),(3419,1,'en','plugins/ecommerce/shipping','note','Note','2022-09-27 01:54:23','2022-09-27 01:54:23'),(3420,1,'en','plugins/ecommerce/shipping','finish','Finish','2022-09-27 01:54:23','2022-09-27 01:54:23'),(3421,1,'en','plugins/ecommerce/shipping','shipping_fee_cod','Shipping fee/COD','2022-09-27 01:54:23','2022-09-27 01:54:23'),(3422,1,'en','plugins/ecommerce/shipping','send_confirmation_email_to_customer','Send confirmation email to customer','2022-09-27 01:54:23','2022-09-27 01:54:23'),(3423,1,'en','plugins/ecommerce/shipping','form_name','Name','2022-09-27 01:54:23','2022-09-27 01:54:23'),(3424,1,'en','plugins/ecommerce/shipping','changed_shipping_status','Changed status of shipping to: :status. Updated by: %user_name%','2022-09-27 01:54:23','2022-09-27 01:54:23'),(3425,1,'en','plugins/ecommerce/shipping','order_confirmed_by','Order confirmed by %user_name%','2022-09-27 01:54:23','2022-09-27 01:54:23'),(3426,1,'en','plugins/ecommerce/shipping','shipping_canceled_by','Shipping is cancelled by %user_name%','2022-09-27 01:54:23','2022-09-27 01:54:23'),(3427,1,'en','plugins/ecommerce/shipping','update_shipping_status_success','Update shipping status successfully!','2022-09-27 01:54:23','2022-09-27 01:54:23'),(3428,1,'en','plugins/ecommerce/shipping','update_cod_status_success','Updated COD status of shipping successfully!','2022-09-27 01:54:23','2022-09-27 01:54:23'),(3429,1,'en','plugins/ecommerce/shipping','updated_cod_status_by','Updated COD status to :status . Updated by: %user_name%','2022-09-27 01:54:23','2022-09-27 01:54:23'),(3430,1,'en','plugins/ecommerce/shipping','all','All','2022-09-27 01:54:23','2022-09-27 01:54:23'),(3431,1,'en','plugins/ecommerce/shipping','error_when_adding_new_region','There is an error when adding new region!','2022-09-27 01:54:23','2022-09-27 01:54:23'),(3432,1,'en','plugins/ecommerce/shipping','delivery','Delivery','2022-09-27 01:54:23','2022-09-27 01:54:23'),(3433,1,'en','plugins/ecommerce/shipping','adjustment_price_of','Adjustment price of :key','2022-09-27 01:54:23','2022-09-27 01:54:23'),(3434,1,'en','plugins/ecommerce/shipping','warehouse','Warehouse','2022-09-27 01:54:23','2022-09-27 01:54:23'),(3435,1,'en','plugins/ecommerce/shipping','delivery_note','Delivery note','2022-09-27 01:54:23','2022-09-27 01:54:23'),(3436,1,'en','plugins/ecommerce/shipping','shipments','Shipments','2022-09-27 01:54:23','2022-09-27 01:54:23'),(3437,1,'en','plugins/ecommerce/shipping','order_id','Order ID','2022-09-27 01:54:23','2022-09-27 01:54:23'),(3438,1,'en','plugins/ecommerce/shipping','not_available','Not available','2022-09-27 01:54:23','2022-09-27 01:54:23'),(3439,1,'en','plugins/ecommerce/shipping','shipping_amount','Shipping Amount','2022-09-27 01:54:23','2022-09-27 01:54:23'),(3440,1,'en','plugins/ecommerce/shipping','additional_shipment_information','Additional shipment information','2022-09-27 01:54:23','2022-09-27 01:54:23'),(3441,1,'en','plugins/ecommerce/shipping','shipping_company_name','Shipping Company Name','2022-09-27 01:54:23','2022-09-27 01:54:23'),(3442,1,'en','plugins/ecommerce/shipping','tracking_id','Tracking ID','2022-09-27 01:54:23','2022-09-27 01:54:23'),(3443,1,'en','plugins/ecommerce/shipping','tracking_link','Tracking Link','2022-09-27 01:54:23','2022-09-27 01:54:23'),(3444,1,'en','plugins/ecommerce/shipping','estimate_date_shipped','Estimate Date Shipped','2022-09-27 01:54:23','2022-09-27 01:54:23'),(3445,1,'en','plugins/ecommerce/shipping','date_shipped','Date Shipped','2022-09-27 01:54:23','2022-09-27 01:54:23'),(3446,1,'en','plugins/ecommerce/shipping','add_note','Add note...','2022-09-27 01:54:23','2022-09-27 01:54:23'),(3447,1,'en','plugins/ecommerce/shipping','view_order','View Order :order_id','2022-09-27 01:54:23','2022-09-27 01:54:23'),(3448,1,'en','plugins/ecommerce/store-locator','name','Store locators','2022-09-27 01:54:23','2022-09-27 01:54:23'),(3449,1,'en','plugins/ecommerce/store-locator','description','This address will appear on your invoice and will be used to calculate your shipping price.','2022-09-27 01:54:23','2022-09-27 01:54:23'),(3450,1,'en','plugins/ecommerce/store-locator','shop_name','Shop name','2022-09-27 01:54:23','2022-09-27 01:54:23'),(3451,1,'en','plugins/ecommerce/store-locator','phone','Phone','2022-09-27 01:54:23','2022-09-27 01:54:23'),(3452,1,'en','plugins/ecommerce/store-locator','email','Email','2022-09-27 01:54:23','2022-09-27 01:54:23'),(3453,1,'en','plugins/ecommerce/store-locator','state','State','2022-09-27 01:54:23','2022-09-27 01:54:23'),(3454,1,'en','plugins/ecommerce/store-locator','city','City','2022-09-27 01:54:23','2022-09-27 01:54:23'),(3455,1,'en','plugins/ecommerce/store-locator','country','Country','2022-09-27 01:54:23','2022-09-27 01:54:23'),(3456,1,'en','plugins/ecommerce/store-locator','address','Address','2022-09-27 01:54:23','2022-09-27 01:54:23'),(3457,1,'en','plugins/ecommerce/store-locator','primary_store_is','Primary store is','2022-09-27 01:54:23','2022-09-27 01:54:23'),(3458,1,'en','plugins/ecommerce/store-locator','store_name','Store name','2022-09-27 01:54:23','2022-09-27 01:54:23'),(3459,1,'en','plugins/ecommerce/store-locator','select_country','Select country...','2022-09-27 01:54:23','2022-09-27 01:54:23'),(3460,1,'en','plugins/ecommerce/store-locator','default_shipping_location','Default shipping location','2022-09-27 01:54:23','2022-09-27 01:54:23'),(3461,1,'en','plugins/ecommerce/store-locator','default_store','Default store','2022-09-27 01:54:23','2022-09-27 01:54:23'),(3462,1,'en','plugins/ecommerce/tax','name','Taxes','2022-09-27 01:54:23','2022-09-27 01:54:23'),(3463,1,'en','plugins/ecommerce/tax','create','Create a tax','2022-09-27 01:54:23','2022-09-27 01:54:23'),(3464,1,'en','plugins/ecommerce/tax','edit','Edit tax :title','2022-09-27 01:54:23','2022-09-27 01:54:23'),(3465,1,'en','plugins/ecommerce/tax','title','Title','2022-09-27 01:54:23','2022-09-27 01:54:23'),(3466,1,'en','plugins/ecommerce/tax','percentage','Percentage %','2022-09-27 01:54:23','2022-09-27 01:54:23'),(3467,1,'en','plugins/ecommerce/tax','priority','Priority','2022-09-27 01:54:23','2022-09-27 01:54:23'),(3468,1,'en','plugins/ecommerce/tax','select_tax','-- select --','2022-09-27 01:54:23','2022-09-27 01:54:23'),(3469,1,'vi','plugins/ecommerce/brands','name','Thương hiệu','2022-09-27 01:54:23','2022-09-27 01:54:23'),(3470,1,'vi','plugins/ecommerce/brands','create','Thêm thương hiệu mới','2022-09-27 01:54:23','2022-09-27 01:54:23'),(3471,1,'vi','plugins/ecommerce/brands','edit','Sửa thương hiệu','2022-09-27 01:54:23','2022-09-27 01:54:23'),(3472,1,'vi','plugins/ecommerce/brands','form.name','Tên','2022-09-27 01:54:23','2022-09-27 01:54:23'),(3473,1,'vi','plugins/ecommerce/brands','form.name_placeholder','Tên thương hiệu (tối đa 255 kí tự)','2022-09-27 01:54:23','2022-09-27 01:54:23'),(3474,1,'vi','plugins/ecommerce/brands','form.description','Mô tả','2022-09-27 01:54:23','2022-09-27 01:54:23'),(3475,1,'vi','plugins/ecommerce/brands','form.description_placeholder','Mô tả ngắn cho thương hiệu này (tối đa 400 kí tự)','2022-09-27 01:54:23','2022-09-27 01:54:23'),(3476,1,'vi','plugins/ecommerce/brands','form.website','Website','2022-09-27 01:54:23','2022-09-27 01:54:23'),(3477,1,'vi','plugins/ecommerce/brands','form.logo','Logo','2022-09-27 01:54:23','2022-09-27 01:54:23'),(3478,1,'vi','plugins/ecommerce/brands','form.is_featured','Nổi bật?','2022-09-27 01:54:23','2022-09-27 01:54:23'),(3479,1,'vi','plugins/ecommerce/brands','logo','Logo','2022-09-27 01:54:23','2022-09-27 01:54:23'),(3480,1,'vi','plugins/ecommerce/brands','website','Website','2022-09-27 01:54:23','2022-09-27 01:54:23'),(3481,1,'vi','plugins/ecommerce/brands','notices.no_select','Không có bản ghi nào được chọn!','2022-09-27 01:54:23','2022-09-27 01:54:23'),(3482,1,'vi','plugins/ecommerce/brands','notices.update_success_message','Cập nhật thành công','2022-09-27 01:54:23','2022-09-27 01:54:23'),(3483,1,'vi','plugins/ecommerce/brands','cannot_delete','Xoá không thành công','2022-09-27 01:54:23','2022-09-27 01:54:23'),(3484,1,'vi','plugins/ecommerce/brands','brand_deleted','Xoá thương hiệu thành công','2022-09-27 01:54:23','2022-09-27 01:54:23'),(3485,1,'vi','plugins/ecommerce/brands','menu','Thương hiệu','2022-09-27 01:54:23','2022-09-27 01:54:23'),(3486,1,'vi','plugins/ecommerce/brands','intro.title','Quản lý danh sách thương hiệu','2022-09-27 01:54:23','2022-09-27 01:54:23'),(3487,1,'vi','plugins/ecommerce/brands','intro.description','Các thương hiệu của sản phẩm như Nike, Adidas, Bitis ...','2022-09-27 01:54:23','2022-09-27 01:54:23'),(3488,1,'vi','plugins/ecommerce/brands','intro.button_text','Tạo thương hiệu','2022-09-27 01:54:23','2022-09-27 01:54:23'),(3489,1,'vi','plugins/ecommerce/brands','no_brand','Không có thương hiệu','2022-09-27 01:54:23','2022-09-27 01:54:23'),(3490,1,'vi','plugins/ecommerce/currencies','name','Tiền tệ','2022-09-27 01:54:23','2022-09-27 01:54:23'),(3491,1,'vi','plugins/ecommerce/currencies','create','Thêm loại tiền tệ mới','2022-09-27 01:54:23','2022-09-27 01:54:23'),(3492,1,'vi','plugins/ecommerce/currencies','edit','Sửa tiền tệ','2022-09-27 01:54:23','2022-09-27 01:54:23'),(3493,1,'vi','plugins/ecommerce/currencies','list','Danh sách tiền tệ','2022-09-27 01:54:23','2022-09-27 01:54:23'),(3494,1,'vi','plugins/ecommerce/currencies','tables.title','Tên','2022-09-27 01:54:23','2022-09-27 01:54:23'),(3495,1,'vi','plugins/ecommerce/currencies','tables.code','Mã','2022-09-27 01:54:23','2022-09-27 01:54:23'),(3496,1,'vi','plugins/ecommerce/currencies','tables.symbol','Kí hiệu','2022-09-27 01:54:23','2022-09-27 01:54:23'),(3497,1,'vi','plugins/ecommerce/currencies','tables.is_prefix_symbol','Sử dụng ký hiệu trước số tiền','2022-09-27 01:54:23','2022-09-27 01:54:23'),(3498,1,'vi','plugins/ecommerce/currencies','tables.status','Trạng thái','2022-09-27 01:54:23','2022-09-27 01:54:23'),(3499,1,'vi','plugins/ecommerce/currencies','tables.order','Sắp xếp','2022-09-27 01:54:23','2022-09-27 01:54:23'),(3500,1,'vi','plugins/ecommerce/currencies','forms.title','Tiêu đề','2022-09-27 01:54:23','2022-09-27 01:54:23'),(3501,1,'vi','plugins/ecommerce/currencies','forms.code','Mã','2022-09-27 01:54:23','2022-09-27 01:54:23'),(3502,1,'vi','plugins/ecommerce/currencies','forms.symbol','Kí hiệu','2022-09-27 01:54:23','2022-09-27 01:54:23'),(3503,1,'vi','plugins/ecommerce/currencies','forms.is_prefix_symbol','Sử dụng ký hiệu trước số tiền','2022-09-27 01:54:23','2022-09-27 01:54:23'),(3504,1,'vi','plugins/ecommerce/currencies','forms.status','Trạng thái','2022-09-27 01:54:23','2022-09-27 01:54:23'),(3505,1,'vi','plugins/ecommerce/currencies','forms.order','Sắp xếp','2022-09-27 01:54:23','2022-09-27 01:54:23'),(3506,1,'vi','plugins/ecommerce/currencies','forms.decimals','Số kí tự sau dấu phân cách','2022-09-27 01:54:23','2022-09-27 01:54:23'),(3507,1,'vi','plugins/ecommerce/currencies','forms.activated','Đã kích hoạt','2022-09-27 01:54:23','2022-09-27 01:54:23'),(3508,1,'vi','plugins/ecommerce/currencies','forms.deactivated','Đã bị huỷ kích hoạt','2022-09-27 01:54:23','2022-09-27 01:54:23'),(3509,1,'vi','plugins/ecommerce/currencies','forms.yes','Có','2022-09-27 01:54:23','2022-09-27 01:54:23'),(3510,1,'vi','plugins/ecommerce/currencies','forms.no','Không','2022-09-27 01:54:23','2022-09-27 01:54:23'),(3511,1,'vi','plugins/ecommerce/currency','currencies','Tiền tệ','2022-09-27 01:54:23','2022-09-27 01:54:23'),(3512,1,'vi','plugins/ecommerce/currency','setting_description','Các loại tiền tệ được sử dụng trên website.','2022-09-27 01:54:23','2022-09-27 01:54:23'),(3513,1,'vi','plugins/ecommerce/currency','name','Tên','2022-09-27 01:54:23','2022-09-27 01:54:23'),(3514,1,'vi','plugins/ecommerce/currency','symbol','Ký hiệu','2022-09-27 01:54:23','2022-09-27 01:54:23'),(3515,1,'vi','plugins/ecommerce/currency','number_of_decimals','Số thập phân','2022-09-27 01:54:23','2022-09-27 01:54:23'),(3516,1,'vi','plugins/ecommerce/currency','exchange_rate','Tỷ giá','2022-09-27 01:54:23','2022-09-27 01:54:23'),(3517,1,'vi','plugins/ecommerce/currency','is_prefix_symbol','Vị trí ký hiệu','2022-09-27 01:54:23','2022-09-27 01:54:23'),(3518,1,'vi','plugins/ecommerce/currency','is_default','Mặc định?','2022-09-27 01:54:23','2022-09-27 01:54:23'),(3519,1,'vi','plugins/ecommerce/currency','remove','Xoá','2022-09-27 01:54:23','2022-09-27 01:54:23'),(3520,1,'vi','plugins/ecommerce/currency','new_currency','Thêm tiền tệ mới','2022-09-27 01:54:23','2022-09-27 01:54:23'),(3521,1,'vi','plugins/ecommerce/currency','save_settings','Lưu cài đặt','2022-09-27 01:54:23','2022-09-27 01:54:23'),(3522,1,'vi','plugins/ecommerce/currency','before_number','Trước số','2022-09-27 01:54:23','2022-09-27 01:54:23'),(3523,1,'vi','plugins/ecommerce/currency','after_number','Sau số','2022-09-27 01:54:23','2022-09-27 01:54:23'),(3524,1,'vi','plugins/ecommerce/customer','name','Khách hàng','2022-09-27 01:54:23','2022-09-27 01:54:23'),(3525,1,'vi','plugins/ecommerce/customer','create','Create a customer','2022-09-27 01:54:23','2022-09-27 01:54:23'),(3526,1,'vi','plugins/ecommerce/customer','edit','Edit customer \":name\"','2022-09-27 01:54:23','2022-09-27 01:54:23'),(3527,1,'vi','plugins/ecommerce/customer','email','Email','2022-09-27 01:54:23','2022-09-27 01:54:23'),(3528,1,'vi','plugins/ecommerce/customer','email_placeholder','Ex: example@gmail.com','2022-09-27 01:54:23','2022-09-27 01:54:23'),(3529,1,'vi','plugins/ecommerce/customer','password','Password','2022-09-27 01:54:23','2022-09-27 01:54:23'),(3530,1,'vi','plugins/ecommerce/customer','change_password','Change password?','2022-09-27 01:54:23','2022-09-27 01:54:23'),(3531,1,'vi','plugins/ecommerce/customer','password_confirmation','Password confirmation','2022-09-27 01:54:23','2022-09-27 01:54:23'),(3532,1,'vi','plugins/ecommerce/customer','intro.title','Quản lý danh sách khách hàng','2022-09-27 01:54:23','2022-09-27 01:54:23'),(3533,1,'vi','plugins/ecommerce/customer','intro.description','Khi khách hàng đặt hàng, bạn sẽ biết được thông tin và lịch sử mua hàng của khách hàng.','2022-09-27 01:54:23','2022-09-27 01:54:23'),(3534,1,'vi','plugins/ecommerce/customer','intro.button_text','Tạo khách hàng','2022-09-27 01:54:23','2022-09-27 01:54:23'),(3535,1,'vi','plugins/ecommerce/discount','name','Khuyến mãi','2022-09-27 01:54:23','2022-09-27 01:54:23'),(3536,1,'vi','plugins/ecommerce/discount','invalid_coupon','Mã khuyến mãi không hợp lệ hoặc đã hết hạn!','2022-09-27 01:54:23','2022-09-27 01:54:23'),(3537,1,'vi','plugins/ecommerce/discount','cannot_use_same_time_with_other_discount_program','Mã khuyến mãi này không thể sử dụng chung với chương trình khuyến mãi!','2022-09-27 01:54:23','2022-09-27 01:54:23'),(3538,1,'vi','plugins/ecommerce/discount','not_used','Chưa sử dụng mã giảm giá này','2022-09-27 01:54:23','2022-09-27 01:54:23'),(3539,1,'vi','plugins/ecommerce/discount','detail','Detail','2022-09-27 01:54:23','2022-09-27 01:54:23'),(3540,1,'vi','plugins/ecommerce/discount','used','Used','2022-09-27 01:54:23','2022-09-27 01:54:23'),(3541,1,'vi','plugins/ecommerce/discount','start_date','Start date','2022-09-27 01:54:23','2022-09-27 01:54:23'),(3542,1,'vi','plugins/ecommerce/discount','end_date','End date','2022-09-27 01:54:23','2022-09-27 01:54:23'),(3543,1,'vi','plugins/ecommerce/discount','intro.title','Chương trình khuyến mãi','2022-09-27 01:54:23','2022-09-27 01:54:23'),(3544,1,'vi','plugins/ecommerce/discount','intro.description','Tạo ra các mã coupon, cài đặt một sản phẩm, hoặc một nhóm sản phẩm khuyến mãi dành cho các khách hàng thân thiết của bạn.','2022-09-27 01:54:23','2022-09-27 01:54:23'),(3545,1,'vi','plugins/ecommerce/discount','intro.button_text','Tạo khuyến mãi','2022-09-27 01:54:23','2022-09-27 01:54:23'),(3546,1,'vi','plugins/ecommerce/discount','create','Create discount','2022-09-27 01:54:23','2022-09-27 01:54:23'),(3547,1,'vi','plugins/ecommerce/discount','expired','Expired','2022-09-27 01:54:23','2022-09-27 01:54:23'),(3548,1,'vi','plugins/ecommerce/discount','discount_promotion','Discount promotion','2022-09-27 01:54:23','2022-09-27 01:54:23'),(3549,1,'vi','plugins/ecommerce/discount','can','can','2022-09-27 01:54:23','2022-09-27 01:54:23'),(3550,1,'vi','plugins/ecommerce/discount','cannot','cannot','2022-09-27 01:54:23','2022-09-27 01:54:23'),(3551,1,'vi','plugins/ecommerce/discount','use_with_promotion','be used with promotion','2022-09-27 01:54:23','2022-09-27 01:54:23'),(3552,1,'vi','plugins/ecommerce/discount','create_discount_validate_title_required_if','Please enter the name of the promotion','2022-09-27 01:54:23','2022-09-27 01:54:23'),(3553,1,'vi','plugins/ecommerce/discount','create_discount_validate_code_required_if','Please enter the promotion code','2022-09-27 01:54:23','2022-09-27 01:54:23'),(3554,1,'vi','plugins/ecommerce/discount','create_discount_validate_value_required','Amount must be greater than 0','2022-09-27 01:54:23','2022-09-27 01:54:23'),(3555,1,'vi','plugins/ecommerce/discount','create_discount_validate_target_required','No object selected for promotion','2022-09-27 01:54:23','2022-09-27 01:54:23'),(3556,1,'vi','plugins/ecommerce/discount','enums.type-options.amount','Amount - Fixed','2022-09-27 01:54:23','2022-09-27 01:54:23'),(3557,1,'vi','plugins/ecommerce/discount','enums.type-options.percentage','Discount %','2022-09-27 01:54:23','2022-09-27 01:54:23'),(3558,1,'vi','plugins/ecommerce/discount','enums.type-options.shipping','Free shipping','2022-09-27 01:54:23','2022-09-27 01:54:23'),(3559,1,'vi','plugins/ecommerce/discount','enums.type-options.same-price','Same price','2022-09-27 01:54:23','2022-09-27 01:54:23'),(3560,1,'vi','plugins/ecommerce/discount','discount','Discount','2022-09-27 01:54:23','2022-09-27 01:54:23'),(3561,1,'vi','plugins/ecommerce/discount','create_coupon_code','Tạo mã khuyến mãi','2022-09-27 01:54:23','2022-09-27 01:54:23'),(3562,1,'vi','plugins/ecommerce/discount','create_discount_promotion','Create discount promotion','2022-09-27 01:54:23','2022-09-27 01:54:23'),(3563,1,'vi','plugins/ecommerce/discount','generate_coupon_code','Generate coupon code','2022-09-27 01:54:23','2022-09-27 01:54:23'),(3564,1,'vi','plugins/ecommerce/discount','customers_will_enter_this_coupon_code_when_they_checkout','Customers will enter this coupon code when they checkout','2022-09-27 01:54:23','2022-09-27 01:54:23'),(3565,1,'vi','plugins/ecommerce/discount','select_type_of_discount','Select type of discount','2022-09-27 01:54:23','2022-09-27 01:54:23'),(3566,1,'vi','plugins/ecommerce/discount','coupon_code','Coupon code','2022-09-27 01:54:23','2022-09-27 01:54:23'),(3567,1,'vi','plugins/ecommerce/discount','promotion','Promotion','2022-09-27 01:54:23','2022-09-27 01:54:23'),(3568,1,'vi','plugins/ecommerce/discount','can_be_used_with_promotion','Can be used with promotion','2022-09-27 01:54:23','2022-09-27 01:54:23'),(3569,1,'vi','plugins/ecommerce/discount','unlimited_coupon','Unlimited coupon','2022-09-27 01:54:23','2022-09-27 01:54:23'),(3570,1,'vi','plugins/ecommerce/discount','enter_number','Enter number','2022-09-27 01:54:23','2022-09-27 01:54:23'),(3571,1,'vi','plugins/ecommerce/discount','coupon_type','Coupon type','2022-09-27 01:54:23','2022-09-27 01:54:23'),(3572,1,'vi','plugins/ecommerce/discount','percentage_discount','Percentage discount (%)','2022-09-27 01:54:23','2022-09-27 01:54:23'),(3573,1,'vi','plugins/ecommerce/discount','free_shipping','Free shipping','2022-09-27 01:54:23','2022-09-27 01:54:23'),(3574,1,'vi','plugins/ecommerce/discount','same_price','Same price','2022-09-27 01:54:23','2022-09-27 01:54:23'),(3575,1,'vi','plugins/ecommerce/discount','apply_for','apply for','2022-09-27 01:54:23','2022-09-27 01:54:23'),(3576,1,'vi','plugins/ecommerce/discount','all_orders','All orders','2022-09-27 01:54:23','2022-09-27 01:54:23'),(3577,1,'vi','plugins/ecommerce/discount','order_amount_from','Order amount from','2022-09-27 01:54:23','2022-09-27 01:54:23'),(3578,1,'vi','plugins/ecommerce/discount','product_collection','Product collection','2022-09-27 01:54:23','2022-09-27 01:54:23'),(3579,1,'vi','plugins/ecommerce/discount','product','Product','2022-09-27 01:54:23','2022-09-27 01:54:23'),(3580,1,'vi','plugins/ecommerce/discount','customer','Customer','2022-09-27 01:54:23','2022-09-27 01:54:23'),(3581,1,'vi','plugins/ecommerce/discount','variant','Variant','2022-09-27 01:54:23','2022-09-27 01:54:23'),(3582,1,'vi','plugins/ecommerce/discount','search_product','Search product','2022-09-27 01:54:23','2022-09-27 01:54:23'),(3583,1,'vi','plugins/ecommerce/discount','no_products_found','No products found!','2022-09-27 01:54:23','2022-09-27 01:54:23'),(3584,1,'vi','plugins/ecommerce/discount','search_customer','Search customer','2022-09-27 01:54:23','2022-09-27 01:54:23'),(3585,1,'vi','plugins/ecommerce/discount','no_customer_found','No customer found!','2022-09-27 01:54:23','2022-09-27 01:54:23'),(3586,1,'vi','plugins/ecommerce/discount','one_time_per_order','One time per order','2022-09-27 01:54:23','2022-09-27 01:54:23'),(3587,1,'vi','plugins/ecommerce/discount','one_time_per_product_in_cart','One time per product in cart','2022-09-27 01:54:23','2022-09-27 01:54:23'),(3588,1,'vi','plugins/ecommerce/discount','number_of_products','Number of products required to apply','2022-09-27 01:54:23','2022-09-27 01:54:23'),(3589,1,'vi','plugins/ecommerce/discount','selected_products','Selected products','2022-09-27 01:54:23','2022-09-27 01:54:23'),(3590,1,'vi','plugins/ecommerce/discount','selected_customers','Selected customers','2022-09-27 01:54:23','2022-09-27 01:54:23'),(3591,1,'vi','plugins/ecommerce/discount','time','Time','2022-09-27 01:54:23','2022-09-27 01:54:23'),(3592,1,'vi','plugins/ecommerce/discount','never_expired','Never expired','2022-09-27 01:54:23','2022-09-27 01:54:23'),(3593,1,'vi','plugins/ecommerce/discount','save','Save','2022-09-27 01:54:23','2022-09-27 01:54:23'),(3594,1,'vi','plugins/ecommerce/discount','enter_promotion_name','Enter promotion name','2022-09-27 01:54:23','2022-09-27 01:54:23'),(3595,1,'vi','plugins/ecommerce/discount','enter_coupon_name','Enter coupon name','2022-09-27 01:54:23','2022-09-27 01:54:23'),(3596,1,'vi','plugins/ecommerce/discount','cancel','Cancel','2022-09-27 01:54:23','2022-09-27 01:54:23'),(3597,1,'vi','plugins/ecommerce/discount','is','Is','2022-09-27 01:54:23','2022-09-27 01:54:23'),(3598,1,'vi','plugins/ecommerce/discount','when_shipping_fee_less_than','when shipping fee less than','2022-09-27 01:54:23','2022-09-27 01:54:23'),(3599,1,'vi','plugins/ecommerce/ecommerce','settings','Cài đặt','2022-09-27 01:54:23','2022-09-27 01:54:23'),(3600,1,'vi','plugins/ecommerce/ecommerce','name','Thương mại điện tử','2022-09-27 01:54:23','2022-09-27 01:54:23'),(3601,1,'vi','plugins/ecommerce/ecommerce','setting.email.title','E-commerce','2022-09-27 01:54:23','2022-09-27 01:54:23'),(3602,1,'vi','plugins/ecommerce/ecommerce','setting.email.description','Ecommerce email config','2022-09-27 01:54:23','2022-09-27 01:54:23'),(3603,1,'vi','plugins/ecommerce/ecommerce','setting.email.order_confirm_subject','Subject of order confirmation email','2022-09-27 01:54:23','2022-09-27 01:54:23'),(3604,1,'vi','plugins/ecommerce/ecommerce','setting.email.order_confirm_subject_placeholder','The subject of email confirmation send to the customer','2022-09-27 01:54:23','2022-09-27 01:54:23'),(3605,1,'vi','plugins/ecommerce/ecommerce','setting.email.order_confirm_content','Content of order confirmation email','2022-09-27 01:54:23','2022-09-27 01:54:23'),(3606,1,'vi','plugins/ecommerce/ecommerce','setting.email.order_status_change_subject','Subject of email when changing order\'s status','2022-09-27 01:54:23','2022-09-27 01:54:23'),(3607,1,'vi','plugins/ecommerce/ecommerce','setting.email.order_status_change_subject_placeholder','Subject of email when changing order\'s status send to customer','2022-09-27 01:54:23','2022-09-27 01:54:23'),(3608,1,'vi','plugins/ecommerce/ecommerce','setting.email.order_status_change_content','Content of email when changing order\'s status','2022-09-27 01:54:23','2022-09-27 01:54:23'),(3609,1,'vi','plugins/ecommerce/ecommerce','setting.email.from_email','Email from','2022-09-27 01:54:23','2022-09-27 01:54:23'),(3610,1,'vi','plugins/ecommerce/ecommerce','setting.email.from_email_placeholder','Email from address to display in mail. Ex: example@gmail.com','2022-09-27 01:54:23','2022-09-27 01:54:23'),(3611,1,'vi','plugins/ecommerce/ecommerce','store_address','Địa chỉ cửa hàng','2022-09-27 01:54:24','2022-09-27 01:54:24'),(3612,1,'vi','plugins/ecommerce/ecommerce','store_phone','Số điện thoại cửa hàng','2022-09-27 01:54:24','2022-09-27 01:54:24'),(3613,1,'vi','plugins/ecommerce/ecommerce','order_id','Mã đơn hàng','2022-09-27 01:54:24','2022-09-27 01:54:24'),(3614,1,'vi','plugins/ecommerce/ecommerce','order_token','Chuỗi mã hoá đơn hàng','2022-09-27 01:54:24','2022-09-27 01:54:24'),(3615,1,'vi','plugins/ecommerce/ecommerce','customer_name','Tên khách hàng','2022-09-27 01:54:24','2022-09-27 01:54:24'),(3616,1,'vi','plugins/ecommerce/ecommerce','customer_email','Email khách hàng','2022-09-27 01:54:24','2022-09-27 01:54:24'),(3617,1,'vi','plugins/ecommerce/ecommerce','customer_phone','Số điện thoại khách hàng','2022-09-27 01:54:24','2022-09-27 01:54:24'),(3618,1,'vi','plugins/ecommerce/ecommerce','customer_address','Địa chỉ khách hàng','2022-09-27 01:54:24','2022-09-27 01:54:24'),(3619,1,'vi','plugins/ecommerce/ecommerce','product_list','Danh sách sản phẩm trong đơn hàng','2022-09-27 01:54:24','2022-09-27 01:54:24'),(3620,1,'vi','plugins/ecommerce/ecommerce','payment_detail','Chi tiết thanh toán','2022-09-27 01:54:24','2022-09-27 01:54:24'),(3621,1,'vi','plugins/ecommerce/ecommerce','shipping_method','Phương thức vận chuyển','2022-09-27 01:54:24','2022-09-27 01:54:24'),(3622,1,'vi','plugins/ecommerce/ecommerce','payment_method','Phương thức thanh toán','2022-09-27 01:54:24','2022-09-27 01:54:24'),(3623,1,'vi','plugins/ecommerce/ecommerce','standard_and_format','Tiêu chuẩn & Định dạng','2022-09-27 01:54:24','2022-09-27 01:54:24'),(3624,1,'vi','plugins/ecommerce/ecommerce','standard_and_format_description','Các tiêu chuẩn và các định dạng được sử dụng để tính toán những thứ như giá cả sản phẩm, trọng lượng vận chuyển và thời gian đơn hàng được đặt.','2022-09-27 01:54:24','2022-09-27 01:54:24'),(3625,1,'vi','plugins/ecommerce/ecommerce','change_order_format','Chỉnh sửa định dạng mã đơn hàng (tùy chọn)','2022-09-27 01:54:24','2022-09-27 01:54:24'),(3626,1,'vi','plugins/ecommerce/ecommerce','change_order_format_description','Mã đơn hàng mặc định bắt đầu từ :number. Bạn có thể thay đổi chuỗi bắt đầu hoặc kết thúc để tạo mã đơn hàng theo ý bạn, ví dụ \"DH-:number\" hoặc \":number-A\"','2022-09-27 01:54:24','2022-09-27 01:54:24'),(3627,1,'vi','plugins/ecommerce/ecommerce','start_with','Bắt đầu bằng','2022-09-27 01:54:24','2022-09-27 01:54:24'),(3628,1,'vi','plugins/ecommerce/ecommerce','end_with','Kết thúc bằng','2022-09-27 01:54:24','2022-09-27 01:54:24'),(3629,1,'vi','plugins/ecommerce/ecommerce','order_will_be_shown','Mã đơn hàng của bạn sẽ hiển thị theo mẫu','2022-09-27 01:54:24','2022-09-27 01:54:24'),(3630,1,'vi','plugins/ecommerce/ecommerce','weight_unit','Đơn vị cân nặng','2022-09-27 01:54:24','2022-09-27 01:54:24'),(3631,1,'vi','plugins/ecommerce/ecommerce','height_unit','Đơn vị chiều dài/chiều cao','2022-09-27 01:54:24','2022-09-27 01:54:24'),(3632,1,'vi','plugins/ecommerce/email','customer_new_order_title','Xác nhận đơn hàng','2022-09-27 01:54:24','2022-09-27 01:54:24'),(3633,1,'vi','plugins/ecommerce/email','customer_new_order_description','Được gửi khi khách hàng tạo đơn hàng','2022-09-27 01:54:24','2022-09-27 01:54:24'),(3634,1,'vi','plugins/ecommerce/email','order_cancellation_title','Hủy đơn hàng','2022-09-27 01:54:24','2022-09-27 01:54:24'),(3635,1,'vi','plugins/ecommerce/email','order_cancellation_description','Được gửi khi khách hàng hủy đơn hàng','2022-09-27 01:54:24','2022-09-27 01:54:24'),(3636,1,'vi','plugins/ecommerce/email','delivery_confirmation_title','Xác nhận giao hàng','2022-09-27 01:54:24','2022-09-27 01:54:24'),(3637,1,'vi','plugins/ecommerce/email','delivery_confirmation_description','Được gửi đến khách hàng khi bắt đầu giao hàng','2022-09-27 01:54:24','2022-09-27 01:54:24'),(3638,1,'vi','plugins/ecommerce/email','admin_new_order_title','Thông báo có đơn hàng mới','2022-09-27 01:54:24','2022-09-27 01:54:24'),(3639,1,'vi','plugins/ecommerce/email','admin_new_order_description','Được gửi cho quản trị viên khi có khách mua hàng','2022-09-27 01:54:24','2022-09-27 01:54:24'),(3640,1,'vi','plugins/ecommerce/email','order_confirmation_title','Xác nhận đơn hàng','2022-09-27 01:54:24','2022-09-27 01:54:24'),(3641,1,'vi','plugins/ecommerce/email','order_confirmation_description','Email được gửi đến khách hàng khi đơn hàng xác nhận','2022-09-27 01:54:24','2022-09-27 01:54:24'),(3642,1,'vi','plugins/ecommerce/email','payment_confirmation_title','Xác nhận thanh toán','2022-09-27 01:54:24','2022-09-27 01:54:24'),(3643,1,'vi','plugins/ecommerce/email','payment_confirmation_description','Email được gửi đến khách hàng khi đơn hàng xác nhận thanh toán','2022-09-27 01:54:24','2022-09-27 01:54:24'),(3644,1,'vi','plugins/ecommerce/email','order_recover_title','Đơn hàng đang chờ hoàn tất','2022-09-27 01:54:24','2022-09-27 01:54:24'),(3645,1,'vi','plugins/ecommerce/email','order_recover_description','Email nhắc nhở khách hàng hoàn tất đơn hàng','2022-09-27 01:54:24','2022-09-27 01:54:24'),(3646,1,'vi','plugins/ecommerce/email','link_go_to_our_shop','hoặc <a href=\":link\">Truy cập website</a>','2022-09-27 01:54:24','2022-09-27 01:54:24'),(3647,1,'vi','plugins/ecommerce/email','order_information','Thông tin đơn hàng','2022-09-27 01:54:24','2022-09-27 01:54:24'),(3648,1,'vi','plugins/ecommerce/email','order_number','Mã đơn hàng: <strong>:order_id</strong>','2022-09-27 01:54:24','2022-09-27 01:54:24'),(3649,1,'vi','plugins/ecommerce/email','view_order','Xem đơn hàng','2022-09-27 01:54:24','2022-09-27 01:54:24'),(3650,1,'vi','plugins/ecommerce/order','statuses.pending','Chưa xử lý','2022-09-27 01:54:24','2022-09-27 01:54:24'),(3651,1,'vi','plugins/ecommerce/order','statuses.processing','Đang xử lý','2022-09-27 01:54:24','2022-09-27 01:54:24'),(3652,1,'vi','plugins/ecommerce/order','statuses.completed','Hoàn thành','2022-09-27 01:54:24','2022-09-27 01:54:24'),(3653,1,'vi','plugins/ecommerce/order','statuses.canceled','Bị huỷ','2022-09-27 01:54:24','2022-09-27 01:54:24'),(3654,1,'vi','plugins/ecommerce/order','name','Đơn hàng','2022-09-27 01:54:24','2022-09-27 01:54:24'),(3655,1,'vi','plugins/ecommerce/order','incomplete_order','Đơn hàng chưa hoàn tất','2022-09-27 01:54:24','2022-09-27 01:54:24'),(3656,1,'vi','plugins/ecommerce/order','order_id','Mã đơn hàng','2022-09-27 01:54:24','2022-09-27 01:54:24'),(3657,1,'vi','plugins/ecommerce/order','customer_label','Khách hàng','2022-09-27 01:54:24','2022-09-27 01:54:24'),(3658,1,'vi','plugins/ecommerce/order','amount','Tổng cộng','2022-09-27 01:54:24','2022-09-27 01:54:24'),(3659,1,'vi','plugins/ecommerce/order','shipping_amount','Phí vận chuyển','2022-09-27 01:54:24','2022-09-27 01:54:24'),(3660,1,'vi','plugins/ecommerce/order','payment_method','Phương thức thanh toán','2022-09-27 01:54:24','2022-09-27 01:54:24'),(3661,1,'vi','plugins/ecommerce/order','payment_status_label','Trạng thái thanh toán','2022-09-27 01:54:24','2022-09-27 01:54:24'),(3662,1,'vi','plugins/ecommerce/order','manage_orders','Quản lý đơn hàng','2022-09-27 01:54:24','2022-09-27 01:54:24'),(3663,1,'vi','plugins/ecommerce/order','order_intro_description','Một khi cửa hàng của bạn có đơn đặt hàng, đây sẽ là nơi bạn xử lý và theo dõi những đơn đặt hàng đó.','2022-09-27 01:54:24','2022-09-27 01:54:24'),(3664,1,'vi','plugins/ecommerce/order','create_new_order','Tạo đơn hàng','2022-09-27 01:54:24','2022-09-27 01:54:24'),(3665,1,'vi','plugins/ecommerce/order','manage_incomplete_orders','Quản lý đơn hàng chưa hoàn tất','2022-09-27 01:54:24','2022-09-27 01:54:24'),(3666,1,'vi','plugins/ecommerce/order','incomplete_orders_intro_description','Đơn hàng chưa hoàn tất là đơn hàng được tạo khi khách hàng thêm sản phẩm vào giỏ hàng, tiến hành điền thông tin mua hàng nhưng không hoàn tất quá trình thanh toán.','2022-09-27 01:54:24','2022-09-27 01:54:24'),(3667,1,'vi','plugins/ecommerce/order','cannot_send_order_recover_to_mail','Không tìm thấy email nên không thể gửi email khôi phục cho khách hàng.','2022-09-27 01:54:24','2022-09-27 01:54:24'),(3668,1,'vi','plugins/ecommerce/order','menu','Đơn hàng','2022-09-27 01:54:24','2022-09-27 01:54:24'),(3669,1,'vi','plugins/ecommerce/order','order_information','Thông tin đơn hàng','2022-09-27 01:54:24','2022-09-27 01:54:24'),(3670,1,'vi','plugins/ecommerce/order','create','Create an order','2022-09-27 01:54:24','2022-09-27 01:54:24'),(3671,1,'vi','plugins/ecommerce/order','cancel_error','The order is delivering or completed','2022-09-27 01:54:24','2022-09-27 01:54:24'),(3672,1,'vi','plugins/ecommerce/order','cancel_success','You do cancel the order successful','2022-09-27 01:54:24','2022-09-27 01:54:24'),(3673,1,'vi','plugins/ecommerce/order','product_id','Product ID','2022-09-27 01:54:24','2022-09-27 01:54:24'),(3674,1,'vi','plugins/ecommerce/order','tax_amount','Tax Amount','2022-09-27 01:54:24','2022-09-27 01:54:24'),(3675,1,'vi','plugins/ecommerce/order','invoice_for_order','Invoice for order','2022-09-27 01:54:24','2022-09-27 01:54:24'),(3676,1,'vi','plugins/ecommerce/order','created','Created','2022-09-27 01:54:24','2022-09-27 01:54:24'),(3677,1,'vi','plugins/ecommerce/order','invoice','Invoice','2022-09-27 01:54:24','2022-09-27 01:54:24'),(3678,1,'vi','plugins/ecommerce/order','return','Return','2022-09-27 01:54:24','2022-09-27 01:54:24'),(3679,1,'vi','plugins/ecommerce/order','total_refund_amount','Total refund amount','2022-09-27 01:54:24','2022-09-27 01:54:24'),(3680,1,'vi','plugins/ecommerce/order','total_amount_can_be_refunded','Total amount can be refunded','2022-09-27 01:54:24','2022-09-27 01:54:24'),(3681,1,'vi','plugins/ecommerce/order','refund_reason','Refund reason (optional)','2022-09-27 01:54:24','2022-09-27 01:54:24'),(3682,1,'vi','plugins/ecommerce/order','products','product(s)','2022-09-27 01:54:24','2022-09-27 01:54:24'),(3683,1,'vi','plugins/ecommerce/order','default','Default','2022-09-27 01:54:24','2022-09-27 01:54:24'),(3684,1,'vi','plugins/ecommerce/order','system','System','2022-09-27 01:54:24','2022-09-27 01:54:24'),(3685,1,'vi','plugins/ecommerce/order','new_order_from','New order :order_id from :customer','2022-09-27 01:54:24','2022-09-27 01:54:24'),(3686,1,'vi','plugins/ecommerce/order','confirmation_email_was_sent_to_customer','The email confirmation was sent to customer','2022-09-27 01:54:24','2022-09-27 01:54:24'),(3687,1,'vi','plugins/ecommerce/order','address_name_required','The name field is required.','2022-09-27 01:54:24','2022-09-27 01:54:24'),(3688,1,'vi','plugins/ecommerce/order','address_phone_required','The phone field is required.','2022-09-27 01:54:24','2022-09-27 01:54:24'),(3689,1,'vi','plugins/ecommerce/order','address_email_required','The email field is required.','2022-09-27 01:54:24','2022-09-27 01:54:24'),(3690,1,'vi','plugins/ecommerce/order','address_email_unique','The customer with that email is existed, please choose other email or login with this email!','2022-09-27 01:54:24','2022-09-27 01:54:24'),(3691,1,'vi','plugins/ecommerce/order','address_state_required','The state field is required.','2022-09-27 01:54:24','2022-09-27 01:54:24'),(3692,1,'vi','plugins/ecommerce/order','address_city_required','The city field is required.','2022-09-27 01:54:24','2022-09-27 01:54:24'),(3693,1,'vi','plugins/ecommerce/order','address_country_required','The country field is required.','2022-09-27 01:54:24','2022-09-27 01:54:24'),(3694,1,'vi','plugins/ecommerce/order','address_address_required','The address field is required.','2022-09-27 01:54:24','2022-09-27 01:54:24'),(3695,1,'vi','plugins/ecommerce/order','create_order_from_payment_page','Order was created from checkout page','2022-09-27 01:54:24','2022-09-27 01:54:24'),(3696,1,'vi','plugins/ecommerce/order','order_was_verified_by','Order was verified by %user_name%','2022-09-27 01:54:24','2022-09-27 01:54:24'),(3697,1,'vi','plugins/ecommerce/order','new_order','New order :order_id','2022-09-27 01:54:24','2022-09-27 01:54:24'),(3698,1,'vi','plugins/ecommerce/order','payment_was_confirmed_by','Payment was confirmed (amount :money) by %user_name%','2022-09-27 01:54:24','2022-09-27 01:54:24'),(3699,1,'vi','plugins/ecommerce/order','edit_order','Edit order :code','2022-09-27 01:54:24','2022-09-27 01:54:24'),(3700,1,'vi','plugins/ecommerce/order','confirm_order_success','Confirm order successfully!','2022-09-27 01:54:24','2022-09-27 01:54:24'),(3701,1,'vi','plugins/ecommerce/order','error_when_sending_email','There is an error when sending email','2022-09-27 01:54:24','2022-09-27 01:54:24'),(3702,1,'vi','plugins/ecommerce/order','sent_confirmation_email_success','Sent confirmation email successfully!','2022-09-27 01:54:24','2022-09-27 01:54:24'),(3703,1,'vi','plugins/ecommerce/order','order_was_sent_to_shipping_team','Order was sent to shipping team','2022-09-27 01:54:24','2022-09-27 01:54:24'),(3704,1,'vi','plugins/ecommerce/order','by_username','by %user_name%','2022-09-27 01:54:24','2022-09-27 01:54:24'),(3705,1,'vi','plugins/ecommerce/order','shipping_was_created_from','Shipping was created from order %order_id%','2022-09-27 01:54:24','2022-09-27 01:54:24'),(3706,1,'vi','plugins/ecommerce/order','shipping_was_canceled_success','Shipping was cancelled successfully!','2022-09-27 01:54:24','2022-09-27 01:54:24'),(3707,1,'vi','plugins/ecommerce/order','shipping_was_canceled_by','Shipping was cancelled by %user_name%','2022-09-27 01:54:24','2022-09-27 01:54:24'),(3708,1,'vi','plugins/ecommerce/order','update_shipping_address_success','Update shipping address successfully!','2022-09-27 01:54:24','2022-09-27 01:54:24'),(3709,1,'vi','plugins/ecommerce/order','order_was_canceled_by','Order was cancelled by %user_name%','2022-09-27 01:54:24','2022-09-27 01:54:24'),(3710,1,'vi','plugins/ecommerce/order','confirm_payment_success','Confirm payment successfully!','2022-09-27 01:54:24','2022-09-27 01:54:24'),(3711,1,'vi','plugins/ecommerce/order','refund_amount_invalid','Refund amount must be lower or equal :price','2022-09-27 01:54:24','2022-09-27 01:54:24'),(3712,1,'vi','plugins/ecommerce/order','number_of_products_invalid','Number of products refund is not valid!','2022-09-27 01:54:24','2022-09-27 01:54:24'),(3713,1,'vi','plugins/ecommerce/order','cannot_found_payment_for_this_order','Cannot found payment for this order!','2022-09-27 01:54:24','2022-09-27 01:54:24'),(3714,1,'vi','plugins/ecommerce/order','refund_success_with_price','Refund success :price','2022-09-27 01:54:24','2022-09-27 01:54:24'),(3715,1,'vi','plugins/ecommerce/order','refund_success','Refund successfully!','2022-09-27 01:54:24','2022-09-27 01:54:24'),(3716,1,'vi','plugins/ecommerce/order','order_is_not_existed','Order is not existed!','2022-09-27 01:54:24','2022-09-27 01:54:24'),(3717,1,'vi','plugins/ecommerce/order','reorder','Reorder','2022-09-27 01:54:24','2022-09-27 01:54:24'),(3718,1,'vi','plugins/ecommerce/order','sent_email_incomplete_order_success','Sent email to remind about incomplete order successfully!','2022-09-27 01:54:24','2022-09-27 01:54:24'),(3719,1,'vi','plugins/ecommerce/order','applied_coupon_success','Applied coupon \":code\" successfully!','2022-09-27 01:54:24','2022-09-27 01:54:24'),(3720,1,'vi','plugins/ecommerce/order','new_order_notice','You have <span class=\"bold\">:count</span> New Order(s)','2022-09-27 01:54:24','2022-09-27 01:54:24'),(3721,1,'vi','plugins/ecommerce/order','view_all','View all','2022-09-27 01:54:24','2022-09-27 01:54:24'),(3722,1,'vi','plugins/ecommerce/order','cancel_order','Cancel order','2022-09-27 01:54:24','2022-09-27 01:54:24'),(3723,1,'vi','plugins/ecommerce/order','order_canceled','Order canceled','2022-09-27 01:54:24','2022-09-27 01:54:24'),(3724,1,'vi','plugins/ecommerce/order','order_was_canceled_at','Order was canceled at','2022-09-27 01:54:24','2022-09-27 01:54:24'),(3725,1,'vi','plugins/ecommerce/order','completed','Completed','2022-09-27 01:54:24','2022-09-27 01:54:24'),(3726,1,'vi','plugins/ecommerce/order','uncompleted','Uncompleted','2022-09-27 01:54:24','2022-09-27 01:54:24'),(3727,1,'vi','plugins/ecommerce/order','sku','SKU','2022-09-27 01:54:24','2022-09-27 01:54:24'),(3728,1,'vi','plugins/ecommerce/order','warehouse','Warehouse','2022-09-27 01:54:24','2022-09-27 01:54:24'),(3729,1,'vi','plugins/ecommerce/order','sub_amount','Sub amount','2022-09-27 01:54:24','2022-09-27 01:54:24'),(3730,1,'vi','plugins/ecommerce/order','coupon_code','Coupon code: \":code\"','2022-09-27 01:54:24','2022-09-27 01:54:24'),(3731,1,'vi','plugins/ecommerce/order','shipping_fee','Shipping fee','2022-09-27 01:54:24','2022-09-27 01:54:24'),(3732,1,'vi','plugins/ecommerce/order','tax','Tax','2022-09-27 01:54:24','2022-09-27 01:54:24'),(3733,1,'vi','plugins/ecommerce/order','refunded_amount','Refunded amount','2022-09-27 01:54:24','2022-09-27 01:54:24'),(3734,1,'vi','plugins/ecommerce/order','amount_received','The amount actually received','2022-09-27 01:54:24','2022-09-27 01:54:24'),(3735,1,'vi','plugins/ecommerce/order','download_invoice','Download invoice','2022-09-27 01:54:24','2022-09-27 01:54:24'),(3736,1,'vi','plugins/ecommerce/order','add_note','Add note...','2022-09-27 01:54:24','2022-09-27 01:54:24'),(3737,1,'vi','plugins/ecommerce/order','order_was_confirmed','Order was confirmed','2022-09-27 01:54:24','2022-09-27 01:54:24'),(3738,1,'vi','plugins/ecommerce/order','confirm_order','Confirm order','2022-09-27 01:54:24','2022-09-27 01:54:24'),(3739,1,'vi','plugins/ecommerce/order','confirm','Confirm','2022-09-27 01:54:24','2022-09-27 01:54:24'),(3740,1,'vi','plugins/ecommerce/order','order_was_canceled','Order was canceled','2022-09-27 01:54:24','2022-09-27 01:54:24'),(3741,1,'vi','plugins/ecommerce/order','pending_payment','Pending payment','2022-09-27 01:54:24','2022-09-27 01:54:24'),(3742,1,'vi','plugins/ecommerce/order','payment_was_accepted','Payment :money was accepted','2022-09-27 01:54:24','2022-09-27 01:54:24'),(3743,1,'vi','plugins/ecommerce/order','payment_was_refunded','Payment was refunded','2022-09-27 01:54:24','2022-09-27 01:54:24'),(3744,1,'vi','plugins/ecommerce/order','confirm_payment','Confirm payment','2022-09-27 01:54:24','2022-09-27 01:54:24'),(3745,1,'vi','plugins/ecommerce/order','refund','Refund','2022-09-27 01:54:24','2022-09-27 01:54:24'),(3746,1,'vi','plugins/ecommerce/order','all_products_are_not_delivered','All products are not delivered','2022-09-27 01:54:24','2022-09-27 01:54:24'),(3747,1,'vi','plugins/ecommerce/order','delivery','Delivery','2022-09-27 01:54:24','2022-09-27 01:54:24'),(3748,1,'vi','plugins/ecommerce/order','history','History','2022-09-27 01:54:24','2022-09-27 01:54:24'),(3749,1,'vi','plugins/ecommerce/order','order_number','Order number','2022-09-27 01:54:24','2022-09-27 01:54:24'),(3750,1,'vi','plugins/ecommerce/order','from','from','2022-09-27 01:54:24','2022-09-27 01:54:24'),(3751,1,'vi','plugins/ecommerce/order','status','Status','2022-09-27 01:54:24','2022-09-27 01:54:24'),(3752,1,'vi','plugins/ecommerce/order','successfully','Successfully','2022-09-27 01:54:24','2022-09-27 01:54:24'),(3753,1,'vi','plugins/ecommerce/order','transaction_type','Transaction\'s type','2022-09-27 01:54:24','2022-09-27 01:54:24'),(3754,1,'vi','plugins/ecommerce/order','staff','Staff','2022-09-27 01:54:24','2022-09-27 01:54:24'),(3755,1,'vi','plugins/ecommerce/order','refund_date','Refund date','2022-09-27 01:54:24','2022-09-27 01:54:24'),(3756,1,'vi','plugins/ecommerce/order','n_a','N\\A','2022-09-27 01:54:24','2022-09-27 01:54:24'),(3757,1,'vi','plugins/ecommerce/order','payment_date','Payment date','2022-09-27 01:54:24','2022-09-27 01:54:24'),(3758,1,'vi','plugins/ecommerce/order','payment_gateway','Payment gateway','2022-09-27 01:54:24','2022-09-27 01:54:24'),(3759,1,'vi','plugins/ecommerce/order','transaction_amount','Transaction amount','2022-09-27 01:54:24','2022-09-27 01:54:24'),(3760,1,'vi','plugins/ecommerce/order','resend','Resend','2022-09-27 01:54:24','2022-09-27 01:54:24'),(3761,1,'vi','plugins/ecommerce/order','default_store','Default store','2022-09-27 01:54:24','2022-09-27 01:54:24'),(3762,1,'vi','plugins/ecommerce/order','update_address','Update address','2022-09-27 01:54:24','2022-09-27 01:54:24'),(3763,1,'vi','plugins/ecommerce/order','have_an_account_already','Have an account already','2022-09-27 01:54:24','2022-09-27 01:54:24'),(3764,1,'vi','plugins/ecommerce/order','dont_have_an_account_yet','Don\'t have an account yet','2022-09-27 01:54:24','2022-09-27 01:54:24'),(3765,1,'vi','plugins/ecommerce/order','mark_payment_as_confirmed','Mark <span>:method</span> as confirmed','2022-09-27 01:54:24','2022-09-27 01:54:24'),(3766,1,'vi','plugins/ecommerce/order','resend_order_confirmation','Resend order confirmation','2022-09-27 01:54:24','2022-09-27 01:54:24'),(3767,1,'vi','plugins/ecommerce/order','resend_order_confirmation_description','Confirmation email will be sent to <strong>:email</strong>?','2022-09-27 01:54:24','2022-09-27 01:54:24'),(3768,1,'vi','plugins/ecommerce/order','send','Send','2022-09-27 01:54:24','2022-09-27 01:54:24'),(3769,1,'vi','plugins/ecommerce/order','update','Update','2022-09-27 01:54:24','2022-09-27 01:54:24'),(3770,1,'vi','plugins/ecommerce/order','cancel_shipping_confirmation','Cancel shipping confirmation?','2022-09-27 01:54:24','2022-09-27 01:54:24'),(3771,1,'vi','plugins/ecommerce/order','cancel_shipping_confirmation_description','Cancel shipping confirmation?','2022-09-27 01:54:24','2022-09-27 01:54:24'),(3772,1,'vi','plugins/ecommerce/order','cancel_order_confirmation','Cancel order confirmation?','2022-09-27 01:54:24','2022-09-27 01:54:24'),(3773,1,'vi','plugins/ecommerce/order','cancel_order_confirmation_description','Are you sure you want to cancel this order? This action cannot rollback','2022-09-27 01:54:24','2022-09-27 01:54:24'),(3774,1,'vi','plugins/ecommerce/order','confirm_payment_confirmation_description','Processed by <strong>:method</strong>. Did you receive payment outside the system? This payment won\'t be saved into system and cannot be refunded','2022-09-27 01:54:24','2022-09-27 01:54:24'),(3775,1,'vi','plugins/ecommerce/order','save_note','Save note','2022-09-27 01:54:24','2022-09-27 01:54:24'),(3776,1,'vi','plugins/ecommerce/order','order_note','Order note','2022-09-27 01:54:24','2022-09-27 01:54:24'),(3777,1,'vi','plugins/ecommerce/order','order_note_placeholder','Note about order, ex: time or shipping instruction.','2022-09-27 01:54:24','2022-09-27 01:54:24'),(3778,1,'vi','plugins/ecommerce/order','order_amount','Order amount','2022-09-27 01:54:24','2022-09-27 01:54:24'),(3779,1,'vi','plugins/ecommerce/order','additional_information','Additional information','2022-09-27 01:54:24','2022-09-27 01:54:24'),(3780,1,'vi','plugins/ecommerce/order','notice_about_incomplete_order','Notice about incomplete order','2022-09-27 01:54:24','2022-09-27 01:54:24'),(3781,1,'vi','plugins/ecommerce/order','notice_about_incomplete_order_description','Remind email about uncompleted order will be send to <strong>:email</strong>?','2022-09-27 01:54:24','2022-09-27 01:54:24'),(3782,1,'vi','plugins/ecommerce/order','incomplete_order_description_1','An incomplete order is when a potential customer places items in their shopping cart, and goes all the way through to the payment page, but then doesn\'t complete the transaction.','2022-09-27 01:54:24','2022-09-27 01:54:24'),(3783,1,'vi','plugins/ecommerce/order','incomplete_order_description_2','If you have contacted customers and they want to continue buying, you can help them complete their order by following the link:','2022-09-27 01:54:24','2022-09-27 01:54:24'),(3784,1,'vi','plugins/ecommerce/order','send_an_email_to_recover_this_order','Send an email to customer to recover this order','2022-09-27 01:54:24','2022-09-27 01:54:24'),(3785,1,'vi','plugins/ecommerce/order','see_maps','See maps','2022-09-27 01:54:24','2022-09-27 01:54:24'),(3786,1,'vi','plugins/ecommerce/order','one_or_more_products_dont_have_enough_quantity','One or more products don\'t have enough quantity!','2022-09-27 01:54:24','2022-09-27 01:54:24'),(3787,1,'vi','plugins/ecommerce/order','payment_info','Payment Info','2022-09-27 01:54:24','2022-09-27 01:54:24'),(3788,1,'vi','plugins/ecommerce/order','payment_method_refund_automatic','Your customer will be refunded using :method automatically.','2022-09-27 01:54:24','2022-09-27 01:54:24'),(3789,1,'vi','plugins/ecommerce/order','order','Order','2022-09-27 01:54:24','2022-09-27 01:54:24'),(3790,1,'vi','plugins/ecommerce/order','create_a_new_product','Create a new product','2022-09-27 01:54:24','2022-09-27 01:54:24'),(3791,1,'vi','plugins/ecommerce/order','out_of_stock','Out of stock','2022-09-27 01:54:24','2022-09-27 01:54:24'),(3792,1,'vi','plugins/ecommerce/order','products_available','product(s) available','2022-09-27 01:54:24','2022-09-27 01:54:24'),(3793,1,'vi','plugins/ecommerce/order','no_products_found','No products found!','2022-09-27 01:54:24','2022-09-27 01:54:24'),(3794,1,'vi','plugins/ecommerce/order','note','Note','2022-09-27 01:54:24','2022-09-27 01:54:24'),(3795,1,'vi','plugins/ecommerce/order','note_for_order','Note for order...','2022-09-27 01:54:24','2022-09-27 01:54:24'),(3796,1,'vi','plugins/ecommerce/order','add_discount','Add discount','2022-09-27 01:54:24','2022-09-27 01:54:24'),(3797,1,'vi','plugins/ecommerce/order','discount','Discount','2022-09-27 01:54:24','2022-09-27 01:54:24'),(3798,1,'vi','plugins/ecommerce/order','add_shipping_fee','Add shipping fee','2022-09-27 01:54:24','2022-09-27 01:54:24'),(3799,1,'vi','plugins/ecommerce/order','shipping','Shipping','2022-09-27 01:54:24','2022-09-27 01:54:24'),(3800,1,'vi','plugins/ecommerce/order','total_amount','Total amount','2022-09-27 01:54:24','2022-09-27 01:54:24'),(3801,1,'vi','plugins/ecommerce/order','confirm_payment_and_create_order','Confirm payment and create order','2022-09-27 01:54:24','2022-09-27 01:54:24'),(3802,1,'vi','plugins/ecommerce/order','paid','Paid','2022-09-27 01:54:24','2022-09-27 01:54:24'),(3803,1,'vi','plugins/ecommerce/order','pay_later','Pay later','2022-09-27 01:54:24','2022-09-27 01:54:24'),(3804,1,'vi','plugins/ecommerce/order','customer_information','Customer information','2022-09-27 01:54:24','2022-09-27 01:54:24'),(3805,1,'vi','plugins/ecommerce/order','create_new_customer','Create new customer','2022-09-27 01:54:24','2022-09-27 01:54:24'),(3806,1,'vi','plugins/ecommerce/order','no_customer_found','No customer found!','2022-09-27 01:54:24','2022-09-27 01:54:24'),(3807,1,'vi','plugins/ecommerce/order','customer','Customer','2022-09-27 01:54:24','2022-09-27 01:54:24'),(3808,1,'vi','plugins/ecommerce/order','orders','order(s)','2022-09-27 01:54:24','2022-09-27 01:54:24'),(3809,1,'vi','plugins/ecommerce/order','shipping_address','Shipping Address','2022-09-27 01:54:24','2022-09-27 01:54:24'),(3810,1,'vi','plugins/ecommerce/order','see_on_maps','See on maps','2022-09-27 01:54:24','2022-09-27 01:54:24'),(3811,1,'vi','plugins/ecommerce/order','price','Price','2022-09-27 01:54:24','2022-09-27 01:54:24'),(3812,1,'vi','plugins/ecommerce/order','sku_optional','SKU (optional)','2022-09-27 01:54:24','2022-09-27 01:54:24'),(3813,1,'vi','plugins/ecommerce/order','with_storehouse_management','With storehouse management?','2022-09-27 01:54:24','2022-09-27 01:54:24'),(3814,1,'vi','plugins/ecommerce/order','quantity','Quantity','2022-09-27 01:54:24','2022-09-27 01:54:24'),(3815,1,'vi','plugins/ecommerce/order','allow_customer_checkout_when_this_product_out_of_stock','Allow customer checkout when this product out of stock?','2022-09-27 01:54:24','2022-09-27 01:54:24'),(3816,1,'vi','plugins/ecommerce/order','address','Address','2022-09-27 01:54:24','2022-09-27 01:54:24'),(3817,1,'vi','plugins/ecommerce/order','phone','Phone','2022-09-27 01:54:24','2022-09-27 01:54:24'),(3818,1,'vi','plugins/ecommerce/order','country','Country','2022-09-27 01:54:24','2022-09-27 01:54:24'),(3819,1,'vi','plugins/ecommerce/order','state','State','2022-09-27 01:54:24','2022-09-27 01:54:24'),(3820,1,'vi','plugins/ecommerce/order','city','City','2022-09-27 01:54:25','2022-09-27 01:54:25'),(3821,1,'vi','plugins/ecommerce/order','zip_code','Zip code','2022-09-27 01:54:25','2022-09-27 01:54:25'),(3822,1,'vi','plugins/ecommerce/order','discount_based_on','Discount based on','2022-09-27 01:54:25','2022-09-27 01:54:25'),(3823,1,'vi','plugins/ecommerce/order','or_coupon_code','Or coupon code','2022-09-27 01:54:25','2022-09-27 01:54:25'),(3824,1,'vi','plugins/ecommerce/order','description','Description','2022-09-27 01:54:25','2022-09-27 01:54:25'),(3825,1,'vi','plugins/ecommerce/order','how_to_select_configured_shipping','How to select configured shipping?','2022-09-27 01:54:25','2022-09-27 01:54:25'),(3826,1,'vi','plugins/ecommerce/order','please_add_customer_information_with_the_complete_shipping_address_to_see_the_configured_shipping_rates','Please add customer information with the complete shipping address to see the configured shipping rates','2022-09-27 01:54:25','2022-09-27 01:54:25'),(3827,1,'vi','plugins/ecommerce/order','free_shipping','Free shipping','2022-09-27 01:54:25','2022-09-27 01:54:25'),(3828,1,'vi','plugins/ecommerce/order','custom','Custom','2022-09-27 01:54:25','2022-09-27 01:54:25'),(3829,1,'vi','plugins/ecommerce/order','email','Email','2022-09-27 01:54:25','2022-09-27 01:54:25'),(3830,1,'vi','plugins/ecommerce/order','create_order','Create order','2022-09-27 01:54:25','2022-09-27 01:54:25'),(3831,1,'vi','plugins/ecommerce/order','close','Close','2022-09-27 01:54:25','2022-09-27 01:54:25'),(3832,1,'vi','plugins/ecommerce/order','confirm_payment_is_paid_for_this_order','Confirm payment is paid for this order','2022-09-27 01:54:25','2022-09-27 01:54:25'),(3833,1,'vi','plugins/ecommerce/order','payment_status_of_the_order_is_paid_once_the_order_has_been_created_you_cannot_change_the_payment_method_or_status','Payment status of the order is Paid. Once the order has been created, you cannot change the payment method or status','2022-09-27 01:54:25','2022-09-27 01:54:25'),(3834,1,'vi','plugins/ecommerce/order','select_payment_method','Select payment method','2022-09-27 01:54:25','2022-09-27 01:54:25'),(3835,1,'vi','plugins/ecommerce/order','cash_on_delivery_cod','Cash on delivery (COD)','2022-09-27 01:54:25','2022-09-27 01:54:25'),(3836,1,'vi','plugins/ecommerce/order','bank_transfer','Bank transfer','2022-09-27 01:54:25','2022-09-27 01:54:25'),(3837,1,'vi','plugins/ecommerce/order','paid_amount','Paid amount','2022-09-27 01:54:25','2022-09-27 01:54:25'),(3838,1,'vi','plugins/ecommerce/order','confirm_that_payment_for_this_order_will_be_paid_later','Confirm that payment for this order will be paid later','2022-09-27 01:54:25','2022-09-27 01:54:25'),(3839,1,'vi','plugins/ecommerce/order','payment_status_of_the_order_is_pending_once_the_order_has_been_created_you_cannot_change_the_payment_method_or_status','Payment status of the order is Pending. Once the order has been created, you cannot change the payment method or status','2022-09-27 01:54:25','2022-09-27 01:54:25'),(3840,1,'vi','plugins/ecommerce/order','pending_amount','Pending amount','2022-09-27 01:54:25','2022-09-27 01:54:25'),(3841,1,'vi','plugins/ecommerce/order','update_email','Update email','2022-09-27 01:54:25','2022-09-27 01:54:25'),(3842,1,'vi','plugins/ecommerce/order','save','Save','2022-09-27 01:54:25','2022-09-27 01:54:25'),(3843,1,'vi','plugins/ecommerce/order','cancel','Cancel','2022-09-27 01:54:25','2022-09-27 01:54:25'),(3844,1,'vi','plugins/ecommerce/order','create_a_new_order','Create a new order','2022-09-27 01:54:25','2022-09-27 01:54:25'),(3845,1,'vi','plugins/ecommerce/order','search_or_create_new_product','Search or create a new product','2022-09-27 01:54:25','2022-09-27 01:54:25'),(3846,1,'vi','plugins/ecommerce/order','search_or_create_new_customer','Search or create a new customer','2022-09-27 01:54:25','2022-09-27 01:54:25'),(3847,1,'vi','plugins/ecommerce/order','discount_description','Discount description','2022-09-27 01:54:25','2022-09-27 01:54:25'),(3848,1,'vi','plugins/ecommerce/order','cant_select_out_of_stock_product','Cannot select out of stock product!','2022-09-27 01:54:25','2022-09-27 01:54:25'),(3849,1,'vi','plugins/ecommerce/payment','name','Thanh toán','2022-09-27 01:54:25','2022-09-27 01:54:25'),(3850,1,'vi','plugins/ecommerce/payment','payment_method','Phương thức thanh toán','2022-09-27 01:54:25','2022-09-27 01:54:25'),(3851,1,'vi','plugins/ecommerce/payment','view_payment','Xem thanh toán #','2022-09-27 01:54:25','2022-09-27 01:54:25'),(3852,1,'vi','plugins/ecommerce/payment','charge_id','Mã giao dịch','2022-09-27 01:54:25','2022-09-27 01:54:25'),(3853,1,'vi','plugins/ecommerce/payment','amount','Số tiền','2022-09-27 01:54:25','2022-09-27 01:54:25'),(3854,1,'vi','plugins/ecommerce/payment','currency','Đơn vị tiền tệ','2022-09-27 01:54:25','2022-09-27 01:54:25'),(3855,1,'vi','plugins/ecommerce/payment','user','Người dùng','2022-09-27 01:54:25','2022-09-27 01:54:25'),(3856,1,'vi','plugins/ecommerce/payment','paypal_name_required','Tên của phương thức PayPal là bắt buộc!','2022-09-27 01:54:25','2022-09-27 01:54:25'),(3857,1,'vi','plugins/ecommerce/payment','paypal_name_max','Tên của phương thức PayPal quá dài!','2022-09-27 01:54:25','2022-09-27 01:54:25'),(3858,1,'vi','plugins/ecommerce/payment','status','Trạng thái','2022-09-27 01:54:25','2022-09-27 01:54:25'),(3859,1,'vi','plugins/ecommerce/payment','enabled','Bật','2022-09-27 01:54:25','2022-09-27 01:54:25'),(3860,1,'vi','plugins/ecommerce/payment','disabled','Tắt','2022-09-27 01:54:25','2022-09-27 01:54:25'),(3861,1,'vi','plugins/ecommerce/payment','client_id','Client ID','2022-09-27 01:54:25','2022-09-27 01:54:25'),(3862,1,'vi','plugins/ecommerce/payment','client_secret','Client Secret','2022-09-27 01:54:25','2022-09-27 01:54:25'),(3863,1,'vi','plugins/ecommerce/payment','mode','Chế độ','2022-09-27 01:54:25','2022-09-27 01:54:25'),(3864,1,'vi','plugins/ecommerce/payment','sandbox','Sandbox','2022-09-27 01:54:25','2022-09-27 01:54:25'),(3865,1,'vi','plugins/ecommerce/payment','live','Live','2022-09-27 01:54:25','2022-09-27 01:54:25'),(3866,1,'vi','plugins/ecommerce/payment','enable_payment_log','Bật lưu nhật ký thanh toán','2022-09-27 01:54:25','2022-09-27 01:54:25'),(3867,1,'vi','plugins/ecommerce/payment','yes','Có','2022-09-27 01:54:25','2022-09-27 01:54:25'),(3868,1,'vi','plugins/ecommerce/payment','no','Không','2022-09-27 01:54:25','2022-09-27 01:54:25'),(3869,1,'vi','plugins/ecommerce/payment','client_key','Client Key','2022-09-27 01:54:25','2022-09-27 01:54:25'),(3870,1,'vi','plugins/ecommerce/payment','paypal','PayPal','2022-09-27 01:54:25','2022-09-27 01:54:25'),(3871,1,'vi','plugins/ecommerce/payment','action','Hành động','2022-09-27 01:54:25','2022-09-27 01:54:25'),(3872,1,'vi','plugins/ecommerce/payment','go_back','Quay lại','2022-09-27 01:54:25','2022-09-27 01:54:25'),(3873,1,'vi','plugins/ecommerce/payment','view','Xem','2022-09-27 01:54:25','2022-09-27 01:54:25'),(3874,1,'vi','plugins/ecommerce/payment','cash_on_delivery','Thanh toán khi nhận hàng (COD)','2022-09-27 01:54:25','2022-09-27 01:54:25'),(3875,1,'vi','plugins/ecommerce/payment','via_bank_transfer','Thông qua chuyển khoản ngân hàng','2022-09-27 01:54:25','2022-09-27 01:54:25'),(3876,1,'vi','plugins/ecommerce/payment','payment_via_cart','Thanh toán bằng thẻ','2022-09-27 01:54:25','2022-09-27 01:54:25'),(3877,1,'vi','plugins/ecommerce/payment','card_number','Số thẻ','2022-09-27 01:54:25','2022-09-27 01:54:25'),(3878,1,'vi','plugins/ecommerce/payment','full_name','Tên trên thẻ','2022-09-27 01:54:25','2022-09-27 01:54:25'),(3879,1,'vi','plugins/ecommerce/payment','payment_via_paypal','Thanh toán thông qua PayPal','2022-09-27 01:54:25','2022-09-27 01:54:25'),(3880,1,'vi','plugins/ecommerce/payment','mm_yy','MM/YY','2022-09-27 01:54:25','2022-09-27 01:54:25'),(3881,1,'vi','plugins/ecommerce/payment','cvc','CVC','2022-09-27 01:54:25','2022-09-27 01:54:25'),(3882,1,'vi','plugins/ecommerce/payment','details','Chi tiết','2022-09-27 01:54:25','2022-09-27 01:54:25'),(3883,1,'vi','plugins/ecommerce/payment','payer_name','Người thanh toán','2022-09-27 01:54:25','2022-09-27 01:54:25'),(3884,1,'vi','plugins/ecommerce/payment','email','Địa chỉ email','2022-09-27 01:54:25','2022-09-27 01:54:25'),(3885,1,'vi','plugins/ecommerce/payment','phone','Điện thoại','2022-09-27 01:54:25','2022-09-27 01:54:25'),(3886,1,'vi','plugins/ecommerce/payment','country','Quốc gia','2022-09-27 01:54:25','2022-09-27 01:54:25'),(3887,1,'vi','plugins/ecommerce/payment','shipping_address','Địa chỉ giao hàng','2022-09-27 01:54:25','2022-09-27 01:54:25'),(3888,1,'vi','plugins/ecommerce/payment','payment_details','Chi tiết giao dịch','2022-09-27 01:54:25','2022-09-27 01:54:25'),(3889,1,'vi','plugins/ecommerce/payment','card','Thẻ','2022-09-27 01:54:25','2022-09-27 01:54:25'),(3890,1,'vi','plugins/ecommerce/payment','address','Địa chỉ','2022-09-27 01:54:25','2022-09-27 01:54:25'),(3891,1,'vi','plugins/ecommerce/payment','new_payment','Thanh toán cho đơn hàng :id','2022-09-27 01:54:25','2022-09-27 01:54:25'),(3892,1,'vi','plugins/ecommerce/payment','payment_id','Mã thanh toán','2022-09-27 01:54:25','2022-09-27 01:54:25'),(3893,1,'vi','plugins/ecommerce/prices','name','Price','2022-09-27 01:54:25','2022-09-27 01:54:25'),(3894,1,'vi','plugins/ecommerce/prices','create','New price','2022-09-27 01:54:25','2022-09-27 01:54:25'),(3895,1,'vi','plugins/ecommerce/prices','edit','Edit price','2022-09-27 01:54:25','2022-09-27 01:54:25'),(3896,1,'vi','plugins/ecommerce/prices','list','List price','2022-09-27 01:54:25','2022-09-27 01:54:25'),(3897,1,'vi','plugins/ecommerce/product-attribute-sets','name','Product attribute sets','2022-09-27 01:54:25','2022-09-27 01:54:25'),(3898,1,'vi','plugins/ecommerce/product-attribute-sets','create','New product attribute set','2022-09-27 01:54:25','2022-09-27 01:54:25'),(3899,1,'vi','plugins/ecommerce/product-attribute-sets','edit','Edit product attribute set','2022-09-27 01:54:25','2022-09-27 01:54:25'),(3900,1,'vi','plugins/ecommerce/product-attribute-sets','visible_in_categories','Visible in categories','2022-09-27 01:54:25','2022-09-27 01:54:25'),(3901,1,'vi','plugins/ecommerce/product-attribute-sets','product_with_more_version','Product with more version','2022-09-27 01:54:25','2022-09-27 01:54:25'),(3902,1,'vi','plugins/ecommerce/product-attribute-sets','create_a_version','Create a version','2022-09-27 01:54:25','2022-09-27 01:54:25'),(3903,1,'vi','plugins/ecommerce/product-attribute-sets','enabled','Enabled','2022-09-27 01:54:25','2022-09-27 01:54:25'),(3904,1,'vi','plugins/ecommerce/product-attribute-sets','attributes','Attributes','2022-09-27 01:54:25','2022-09-27 01:54:25'),(3905,1,'vi','plugins/ecommerce/product-attribute-sets','price','Price','2022-09-27 01:54:25','2022-09-27 01:54:25'),(3906,1,'vi','plugins/ecommerce/product-attribute-sets','edit_btn','Edit','2022-09-27 01:54:25','2022-09-27 01:54:25'),(3907,1,'vi','plugins/ecommerce/product-attribute-sets','remove_btn','Remove','2022-09-27 01:54:25','2022-09-27 01:54:25'),(3908,1,'vi','plugins/ecommerce/product-attribute-sets','product','Product','2022-09-27 01:54:25','2022-09-27 01:54:25'),(3909,1,'vi','plugins/ecommerce/product-attribute-sets','back_to_product','Back to product','2022-09-27 01:54:25','2022-09-27 01:54:25'),(3910,1,'vi','plugins/ecommerce/product-attribute-sets','save','Save','2022-09-27 01:54:25','2022-09-27 01:54:25'),(3911,1,'vi','plugins/ecommerce/product-attribute-sets','other_existing_versions','Other existing versions','2022-09-27 01:54:25','2022-09-27 01:54:25'),(3912,1,'vi','plugins/ecommerce/product-attribute-sets','version_information','Version information','2022-09-27 01:54:25','2022-09-27 01:54:25'),(3913,1,'vi','plugins/ecommerce/product-attribute-sets','add_rule','Add rule','2022-09-27 01:54:25','2022-09-27 01:54:25'),(3914,1,'vi','plugins/ecommerce/product-attribute-sets','rules','Rules','2022-09-27 01:54:25','2022-09-27 01:54:25'),(3915,1,'vi','plugins/ecommerce/product-attribute-sets','pricing','Pricing','2022-09-27 01:54:25','2022-09-27 01:54:25'),(3916,1,'vi','plugins/ecommerce/product-attribute-sets','sale_price','Sale price','2022-09-27 01:54:25','2022-09-27 01:54:25'),(3917,1,'vi','plugins/ecommerce/product-attribute-sets','sale_type','Sale type','2022-09-27 01:54:25','2022-09-27 01:54:25'),(3918,1,'vi','plugins/ecommerce/product-attribute-sets','no_sale_price','No sale price','2022-09-27 01:54:25','2022-09-27 01:54:25'),(3919,1,'vi','plugins/ecommerce/product-attribute-sets','always_on_sale','Always on sale','2022-09-27 01:54:25','2022-09-27 01:54:25'),(3920,1,'vi','plugins/ecommerce/product-attribute-sets','limited_time','Limited time','2022-09-27 01:54:25','2022-09-27 01:54:25'),(3921,1,'vi','plugins/ecommerce/product-attribute-sets','from','From','2022-09-27 01:54:25','2022-09-27 01:54:25'),(3922,1,'vi','plugins/ecommerce/product-attribute-sets','to','To','2022-09-27 01:54:25','2022-09-27 01:54:25'),(3923,1,'vi','plugins/ecommerce/product-attribute-sets','storehouse','Storehouse','2022-09-27 01:54:25','2022-09-27 01:54:25'),(3924,1,'vi','plugins/ecommerce/product-attribute-sets','no_storehouse_management','No storehouse management','2022-09-27 01:54:25','2022-09-27 01:54:25'),(3925,1,'vi','plugins/ecommerce/product-attribute-sets','with_storehouse_management','With storehouse management','2022-09-27 01:54:25','2022-09-27 01:54:25'),(3926,1,'vi','plugins/ecommerce/product-attribute-sets','quantity','Quantity','2022-09-27 01:54:25','2022-09-27 01:54:25'),(3927,1,'vi','plugins/ecommerce/product-attribute-sets','allow_customer_checkout_out_of_stock','Allow customer checkout when this product out of stock','2022-09-27 01:54:25','2022-09-27 01:54:25'),(3928,1,'vi','plugins/ecommerce/product-attribute-sets','shipping','Shipping','2022-09-27 01:54:25','2022-09-27 01:54:25'),(3929,1,'vi','plugins/ecommerce/product-attribute-sets','length','Length','2022-09-27 01:54:25','2022-09-27 01:54:25'),(3930,1,'vi','plugins/ecommerce/product-attribute-sets','wide','Wide','2022-09-27 01:54:25','2022-09-27 01:54:25'),(3931,1,'vi','plugins/ecommerce/product-attribute-sets','height','Height','2022-09-27 01:54:25','2022-09-27 01:54:25'),(3932,1,'vi','plugins/ecommerce/product-attribute-sets','weight','Weight','2022-09-27 01:54:25','2022-09-27 01:54:25'),(3933,1,'vi','plugins/ecommerce/product-attribute-sets','version_images','Version images','2022-09-27 01:54:25','2022-09-27 01:54:25'),(3934,1,'vi','plugins/ecommerce/product-attribute-sets','add_new_image','Add new image','2022-09-27 01:54:25','2022-09-27 01:54:25'),(3935,1,'vi','plugins/ecommerce/product-attribute-sets','attribute_set','Attribute set','2022-09-27 01:54:25','2022-09-27 01:54:25'),(3936,1,'vi','plugins/ecommerce/product-attribute-sets','value','Value','2022-09-27 01:54:25','2022-09-27 01:54:25'),(3937,1,'vi','plugins/ecommerce/product-attribute-sets','dropdown_swatch','Dropdown Swatch','2022-09-27 01:54:25','2022-09-27 01:54:25'),(3938,1,'vi','plugins/ecommerce/product-attribute-sets','visual_swatch','Visual Swatch','2022-09-27 01:54:25','2022-09-27 01:54:25'),(3939,1,'vi','plugins/ecommerce/product-attribute-sets','text_swatch','Text Swatch','2022-09-27 01:54:25','2022-09-27 01:54:25'),(3940,1,'vi','plugins/ecommerce/product-attributes','name','Thuộc tính sản phẩm','2022-09-27 01:54:25','2022-09-27 01:54:25'),(3941,1,'vi','plugins/ecommerce/product-attributes','create','Tạo','2022-09-27 01:54:25','2022-09-27 01:54:25'),(3942,1,'vi','plugins/ecommerce/product-attributes','edit','Sửa','2022-09-27 01:54:25','2022-09-27 01:54:25'),(3943,1,'vi','plugins/ecommerce/product-attributes','intro.title','Quản lý danh sách thuộc tính sản phẩm','2022-09-27 01:54:25','2022-09-27 01:54:25'),(3944,1,'vi','plugins/ecommerce/product-attributes','intro.description','Các thuộc tính của sản phẩm như màu sắc, kích thước ...','2022-09-27 01:54:25','2022-09-27 01:54:25'),(3945,1,'vi','plugins/ecommerce/product-attributes','intro.button_text','Tạo thuộc tính sản phẩm','2022-09-27 01:54:25','2022-09-27 01:54:25'),(3946,1,'vi','plugins/ecommerce/product-categories','create','Create new product category','2022-09-27 01:54:25','2022-09-27 01:54:25'),(3947,1,'vi','plugins/ecommerce/product-categories','edit','Edit product category','2022-09-27 01:54:25','2022-09-27 01:54:25'),(3948,1,'vi','plugins/ecommerce/product-categories','name','Danh mục sản phẩm','2022-09-27 01:54:25','2022-09-27 01:54:25'),(3949,1,'vi','plugins/ecommerce/product-categories','none','Không có','2022-09-27 01:54:25','2022-09-27 01:54:25'),(3950,1,'vi','plugins/ecommerce/product-categories','menu','Danh mục sản phẩm','2022-09-27 01:54:25','2022-09-27 01:54:25'),(3951,1,'vi','plugins/ecommerce/product-categories','intro.title','Quản lý danh sách danh mục sản phẩm','2022-09-27 01:54:25','2022-09-27 01:54:25'),(3952,1,'vi','plugins/ecommerce/product-categories','intro.description','Danh mục sản phẩm như quần áo, giày dép, linh kiện điện tử ...','2022-09-27 01:54:25','2022-09-27 01:54:25'),(3953,1,'vi','plugins/ecommerce/product-categories','intro.button_text','Tạo danh mục sản phẩm','2022-09-27 01:54:25','2022-09-27 01:54:25'),(3954,1,'vi','plugins/ecommerce/product-categories','total_products','Tổng sản phẩm: :total','2022-09-27 01:54:25','2022-09-27 01:54:25'),(3955,1,'vi','plugins/ecommerce/product-collections','name','Nhóm sản phẩm','2022-09-27 01:54:25','2022-09-27 01:54:25'),(3956,1,'vi','plugins/ecommerce/product-collections','create','Thêm nhóm sản phẩm','2022-09-27 01:54:25','2022-09-27 01:54:25'),(3957,1,'vi','plugins/ecommerce/product-collections','edit','Sửa nhóm sản phẩm','2022-09-27 01:54:25','2022-09-27 01:54:25'),(3958,1,'vi','plugins/ecommerce/product-collections','slug_help_block','Label key: <code>:slug</code>. We will use this key for filter.','2022-09-27 01:54:25','2022-09-27 01:54:25'),(3959,1,'vi','plugins/ecommerce/product-collections','intro.title','Quản lý nhóm sản phẩm','2022-09-27 01:54:25','2022-09-27 01:54:25'),(3960,1,'vi','plugins/ecommerce/product-collections','intro.description','Nhóm sản phẩm giúp quản lý sản phẩm và khách hàng tìm kiếm sản phẩm một cách dễ dàng.','2022-09-27 01:54:25','2022-09-27 01:54:25'),(3961,1,'vi','plugins/ecommerce/product-collections','intro.button_text','Tạo nhóm sản phẩm','2022-09-27 01:54:25','2022-09-27 01:54:25'),(3962,1,'vi','plugins/ecommerce/products','name','Sản phẩm','2022-09-27 01:54:25','2022-09-27 01:54:25'),(3963,1,'vi','plugins/ecommerce/products','create','Thêm sản phẩm mới','2022-09-27 01:54:25','2022-09-27 01:54:25'),(3964,1,'vi','plugins/ecommerce/products','edit','Sửa sản phẩm - :name','2022-09-27 01:54:25','2022-09-27 01:54:25'),(3965,1,'vi','plugins/ecommerce/products','form.name','Tên sản phẩm','2022-09-27 01:54:25','2022-09-27 01:54:25'),(3966,1,'vi','plugins/ecommerce/products','form.name_placeholder','Tên sản phẩm (Tối đa 120 chữ cái)','2022-09-27 01:54:25','2022-09-27 01:54:25'),(3967,1,'vi','plugins/ecommerce/products','form.description','Mô tả ngắn','2022-09-27 01:54:25','2022-09-27 01:54:25'),(3968,1,'vi','plugins/ecommerce/products','form.description_placeholder','Mô tả ngắn gọn cho sản phẩm (Tối đa 400 chữ cái)','2022-09-27 01:54:25','2022-09-27 01:54:25'),(3969,1,'vi','plugins/ecommerce/products','form.categories','Danh mục','2022-09-27 01:54:25','2022-09-27 01:54:25'),(3970,1,'vi','plugins/ecommerce/products','form.content','Chi tiết sản phẩm','2022-09-27 01:54:25','2022-09-27 01:54:25'),(3971,1,'vi','plugins/ecommerce/products','form.price','Giá cơ bản','2022-09-27 01:54:25','2022-09-27 01:54:25'),(3972,1,'vi','plugins/ecommerce/products','form.price_sale','Giá giảm','2022-09-27 01:54:25','2022-09-27 01:54:25'),(3973,1,'vi','plugins/ecommerce/products','form.quantity','Số lượng','2022-09-27 01:54:25','2022-09-27 01:54:25'),(3974,1,'vi','plugins/ecommerce/products','form.brand','Thương hiệu','2022-09-27 01:54:25','2022-09-27 01:54:25'),(3975,1,'vi','plugins/ecommerce/products','form.width','Rộng','2022-09-27 01:54:25','2022-09-27 01:54:25'),(3976,1,'vi','plugins/ecommerce/products','form.height','Cao','2022-09-27 01:54:25','2022-09-27 01:54:25'),(3977,1,'vi','plugins/ecommerce/products','form.weight','Cân nặng','2022-09-27 01:54:25','2022-09-27 01:54:25'),(3978,1,'vi','plugins/ecommerce/products','form.image','Hình ảnh','2022-09-27 01:54:25','2022-09-27 01:54:25'),(3979,1,'vi','plugins/ecommerce/products','form.product_type.title','Loại sản phẩm','2022-09-27 01:54:25','2022-09-27 01:54:25'),(3980,1,'vi','plugins/ecommerce/products','form.stock.title','Tình trạng kho','2022-09-27 01:54:25','2022-09-27 01:54:25'),(3981,1,'vi','plugins/ecommerce/products','form.stock.in_stock','Còn hàng','2022-09-27 01:54:25','2022-09-27 01:54:25'),(3982,1,'vi','plugins/ecommerce/products','form.stock.out_stock','Hết hàng','2022-09-27 01:54:25','2022-09-27 01:54:25'),(3983,1,'vi','plugins/ecommerce/products','form.stock.allow_order_when_out','Cho phép đặt hàng khi hết','2022-09-27 01:54:25','2022-09-27 01:54:25'),(3984,1,'vi','plugins/ecommerce/products','form.storehouse.title','Quản lý kho','2022-09-27 01:54:25','2022-09-27 01:54:25'),(3985,1,'vi','plugins/ecommerce/products','form.storehouse.no_storehouse','Không quản lý kho','2022-09-27 01:54:25','2022-09-27 01:54:25'),(3986,1,'vi','plugins/ecommerce/products','form.storehouse.storehouse','Quản lý kho','2022-09-27 01:54:25','2022-09-27 01:54:25'),(3987,1,'vi','plugins/ecommerce/products','form.storehouse.quantity','Số lượng','2022-09-27 01:54:25','2022-09-27 01:54:25'),(3988,1,'vi','plugins/ecommerce/products','form.shipping.title','Giao hàng','2022-09-27 01:54:25','2022-09-27 01:54:25'),(3989,1,'vi','plugins/ecommerce/products','form.shipping.length','Chiều dài','2022-09-27 01:54:25','2022-09-27 01:54:25'),(3990,1,'vi','plugins/ecommerce/products','form.shipping.wide','Chiều rộng','2022-09-27 01:54:25','2022-09-27 01:54:25'),(3991,1,'vi','plugins/ecommerce/products','form.shipping.height','Chiều cao','2022-09-27 01:54:25','2022-09-27 01:54:25'),(3992,1,'vi','plugins/ecommerce/products','form.shipping.weight','Cân nặng','2022-09-27 01:54:25','2022-09-27 01:54:25'),(3993,1,'vi','plugins/ecommerce/products','form.date.start','Ngày bắt đầu','2022-09-27 01:54:25','2022-09-27 01:54:25'),(3994,1,'vi','plugins/ecommerce/products','form.date.end','Ngày kết thúc','2022-09-27 01:54:25','2022-09-27 01:54:25'),(3995,1,'vi','plugins/ecommerce/products','form.tags','Nhãn','2022-09-27 01:54:25','2022-09-27 01:54:25'),(3996,1,'vi','plugins/ecommerce/products','form.tax','Thuế','2022-09-27 01:54:25','2022-09-27 01:54:25'),(3997,1,'vi','plugins/ecommerce/products','price','Giá cơ bản','2022-09-27 01:54:25','2022-09-27 01:54:25'),(3998,1,'vi','plugins/ecommerce/products','price_sale','Giá giảm','2022-09-27 01:54:25','2022-09-27 01:54:25'),(3999,1,'vi','plugins/ecommerce/products','quantity','Số lượng','2022-09-27 01:54:25','2022-09-27 01:54:25'),(4000,1,'vi','plugins/ecommerce/products','type','Loại sản phẩm','2022-09-27 01:54:25','2022-09-27 01:54:25'),(4001,1,'vi','plugins/ecommerce/products','image','Ảnh','2022-09-27 01:54:25','2022-09-27 01:54:25'),(4002,1,'vi','plugins/ecommerce/products','sku','Mã sản phẩm','2022-09-27 01:54:25','2022-09-27 01:54:25'),(4003,1,'vi','plugins/ecommerce/products','brand','Thương hiệu','2022-09-27 01:54:25','2022-09-27 01:54:25'),(4004,1,'vi','plugins/ecommerce/products','cannot_delete','Product could not be deleted','2022-09-27 01:54:25','2022-09-27 01:54:25'),(4005,1,'vi','plugins/ecommerce/products','product_deleted','Product deleted','2022-09-27 01:54:25','2022-09-27 01:54:25'),(4006,1,'vi','plugins/ecommerce/products','products','Sản phẩm','2022-09-27 01:54:25','2022-09-27 01:54:25'),(4007,1,'vi','plugins/ecommerce/products','menu','Sản phẩm','2022-09-27 01:54:25','2022-09-27 01:54:25'),(4008,1,'vi','plugins/ecommerce/products','control.button_add_image','Thêm hình ảnh','2022-09-27 01:54:26','2022-09-27 01:54:26'),(4009,1,'vi','plugins/ecommerce/products','overview','Tổng quan','2022-09-27 01:54:26','2022-09-27 01:54:26'),(4010,1,'vi','plugins/ecommerce/products','attributes','Thuộc tính','2022-09-27 01:54:26','2022-09-27 01:54:26'),(4011,1,'vi','plugins/ecommerce/products','product_has_variations','Sản phẩm có nhiều phiên bản','2022-09-27 01:54:26','2022-09-27 01:54:26'),(4012,1,'vi','plugins/ecommerce/products','manage_products','Quản lý danh sách sản phẩm','2022-09-27 01:54:26','2022-09-27 01:54:26'),(4013,1,'vi','plugins/ecommerce/products','add_new_product','Tạo sản phẩm','2022-09-27 01:54:26','2022-09-27 01:54:26'),(4014,1,'vi','plugins/ecommerce/products','start_by_adding_new_product','Bắt đầu bán hàng bằng việc thêm sản phẩm.','2022-09-27 01:54:26','2022-09-27 01:54:26'),(4015,1,'vi','plugins/ecommerce/reports','name','Báo cáo','2022-09-27 01:54:26','2022-09-27 01:54:26'),(4016,1,'vi','plugins/ecommerce/reports','widget.order.title','Đơn hàng','2022-09-27 01:54:26','2022-09-27 01:54:26'),(4017,1,'vi','plugins/ecommerce/reports','count.revenue','Doanh thu hôm nay','2022-09-27 01:54:26','2022-09-27 01:54:26'),(4018,1,'vi','plugins/ecommerce/reports','count.orders','Đơn hàng hôm nay','2022-09-27 01:54:26','2022-09-27 01:54:26'),(4019,1,'vi','plugins/ecommerce/reports','count.products','Sản phẩm','2022-09-27 01:54:26','2022-09-27 01:54:26'),(4020,1,'vi','plugins/ecommerce/reports','count.customers','Khách hàng','2022-09-27 01:54:26','2022-09-27 01:54:26'),(4021,1,'vi','plugins/ecommerce/reports','product_name','Tên sản phẩm','2022-09-27 01:54:26','2022-09-27 01:54:26'),(4022,1,'vi','plugins/ecommerce/reports','quantity','Số lượng','2022-09-27 01:54:26','2022-09-27 01:54:26'),(4023,1,'vi','plugins/ecommerce/reports','revenue_statistics','Thống kê doanh thu','2022-09-27 01:54:26','2022-09-27 01:54:26'),(4024,1,'vi','plugins/ecommerce/reports','top_selling_products','Sản phẩm bán chạy trong tháng','2022-09-27 01:54:26','2022-09-27 01:54:26'),(4025,1,'vi','plugins/ecommerce/review','name','Đánh giá','2022-09-27 01:54:26','2022-09-27 01:54:26'),(4026,1,'vi','plugins/ecommerce/review','list_review','Khách hàng đánh giá','2022-09-27 01:54:26','2022-09-27 01:54:26'),(4027,1,'vi','plugins/ecommerce/review','add_review','Thêm đánh giá','2022-09-27 01:54:26','2022-09-27 01:54:26'),(4028,1,'vi','plugins/ecommerce/review','delete_review','Xóa đánh giá','2022-09-27 01:54:26','2022-09-27 01:54:26'),(4029,1,'vi','plugins/ecommerce/review','create_review','Tạo đánh giá','2022-09-27 01:54:26','2022-09-27 01:54:26'),(4030,1,'vi','plugins/ecommerce/review','please_select_rating','Chọn đánh giá','2022-09-27 01:54:26','2022-09-27 01:54:26'),(4031,1,'vi','plugins/ecommerce/review','comment','Bình luận','2022-09-27 01:54:26','2022-09-27 01:54:26'),(4032,1,'vi','plugins/ecommerce/review','approve','Chấp thuận','2022-09-27 01:54:26','2022-09-27 01:54:26'),(4033,1,'vi','plugins/ecommerce/review','approved','Đã chấp thuận','2022-09-27 01:54:26','2022-09-27 01:54:26'),(4034,1,'vi','plugins/ecommerce/review','disapprove','Không chấp thuận','2022-09-27 01:54:26','2022-09-27 01:54:26'),(4035,1,'vi','plugins/ecommerce/review','disapproved','Đã không chấp thuận','2022-09-27 01:54:26','2022-09-27 01:54:26'),(4036,1,'vi','plugins/ecommerce/review','product','Sản phẩm','2022-09-27 01:54:26','2022-09-27 01:54:26'),(4037,1,'vi','plugins/ecommerce/review','user','Người dùng','2022-09-27 01:54:26','2022-09-27 01:54:26'),(4038,1,'vi','plugins/ecommerce/review','star','Sao','2022-09-27 01:54:26','2022-09-27 01:54:26'),(4039,1,'vi','plugins/ecommerce/review','status','Trạng thái','2022-09-27 01:54:26','2022-09-27 01:54:26'),(4040,1,'vi','plugins/ecommerce/review','intro.title','Quản lý danh sách nhận xét của khách hàng','2022-09-27 01:54:26','2022-09-27 01:54:26'),(4041,1,'vi','plugins/ecommerce/review','intro.description','Lưu trữ các nhận xét, đánh giá của khách hàng','2022-09-27 01:54:26','2022-09-27 01:54:26'),(4042,1,'vi','plugins/ecommerce/shipping','name','Phí vận chuyển','2022-09-27 01:54:26','2022-09-27 01:54:26'),(4043,1,'vi','plugins/ecommerce/shipping','shipping','Vận chuyển','2022-09-27 01:54:26','2022-09-27 01:54:26'),(4044,1,'vi','plugins/ecommerce/shipping','title','Title','2022-09-27 01:54:26','2022-09-27 01:54:26'),(4045,1,'vi','plugins/ecommerce/shipping','country','Quốc gia','2022-09-27 01:54:26','2022-09-27 01:54:26'),(4046,1,'vi','plugins/ecommerce/shipping','state','State','2022-09-27 01:54:26','2022-09-27 01:54:26'),(4047,1,'vi','plugins/ecommerce/shipping','city','City','2022-09-27 01:54:26','2022-09-27 01:54:26'),(4048,1,'vi','plugins/ecommerce/shipping','amount','Amount','2022-09-27 01:54:26','2022-09-27 01:54:26'),(4049,1,'vi','plugins/ecommerce/shipping','enable','Enable','2022-09-27 01:54:26','2022-09-27 01:54:26'),(4050,1,'vi','plugins/ecommerce/shipping','enabled','Enabled','2022-09-27 01:54:26','2022-09-27 01:54:26'),(4051,1,'vi','plugins/ecommerce/shipping','disable','Disable','2022-09-27 01:54:26','2022-09-27 01:54:26'),(4052,1,'vi','plugins/ecommerce/shipping','disabled','Disabled','2022-09-27 01:54:26','2022-09-27 01:54:26'),(4053,1,'vi','plugins/ecommerce/shipping','create_shipping','Create a shipping','2022-09-27 01:54:26','2022-09-27 01:54:26'),(4054,1,'vi','plugins/ecommerce/shipping','edit_shipping','Edit shipping #','2022-09-27 01:54:26','2022-09-27 01:54:26'),(4055,1,'vi','plugins/ecommerce/shipping','status','Status','2022-09-27 01:54:26','2022-09-27 01:54:26'),(4056,1,'vi','plugins/ecommerce/shipping','shipping_methods','Phương thức vận chuyển','2022-09-27 01:54:26','2022-09-27 01:54:26'),(4057,1,'vi','plugins/ecommerce/shipping','create_shipping_method','Tạo phương thức vận chuyển','2022-09-27 01:54:26','2022-09-27 01:54:26'),(4058,1,'vi','plugins/ecommerce/shipping','edit_shipping_method','Sửa phương thức vận chuyển','2022-09-27 01:54:26','2022-09-27 01:54:26'),(4059,1,'vi','plugins/ecommerce/shipping','add_shipping_region','Thêm khu vực vận chuyển','2022-09-27 01:54:26','2022-09-27 01:54:26'),(4060,1,'vi','plugins/ecommerce/shipping','methods.default','Default','2022-09-27 01:54:26','2022-09-27 01:54:26'),(4061,1,'vi','plugins/ecommerce/shipping','statuses.not_approved','Not approved','2022-09-27 01:54:26','2022-09-27 01:54:26'),(4062,1,'vi','plugins/ecommerce/shipping','statuses.approved','Approved','2022-09-27 01:54:26','2022-09-27 01:54:26'),(4063,1,'vi','plugins/ecommerce/shipping','statuses.picking','Picking','2022-09-27 01:54:26','2022-09-27 01:54:26'),(4064,1,'vi','plugins/ecommerce/shipping','statuses.delay_picking','Delay picking','2022-09-27 01:54:26','2022-09-27 01:54:26'),(4065,1,'vi','plugins/ecommerce/shipping','statuses.picked','Picked','2022-09-27 01:54:26','2022-09-27 01:54:26'),(4066,1,'vi','plugins/ecommerce/shipping','statuses.not_picked','Not picked','2022-09-27 01:54:26','2022-09-27 01:54:26'),(4067,1,'vi','plugins/ecommerce/shipping','statuses.delivering','Delivering','2022-09-27 01:54:26','2022-09-27 01:54:26'),(4068,1,'vi','plugins/ecommerce/shipping','statuses.delivered','Delivered','2022-09-27 01:54:26','2022-09-27 01:54:26'),(4069,1,'vi','plugins/ecommerce/shipping','statuses.not_delivered','Not delivered','2022-09-27 01:54:26','2022-09-27 01:54:26'),(4070,1,'vi','plugins/ecommerce/shipping','statuses.audited','Audited','2022-09-27 01:54:26','2022-09-27 01:54:26'),(4071,1,'vi','plugins/ecommerce/shipping','statuses.canceled','Canceled','2022-09-27 01:54:26','2022-09-27 01:54:26'),(4072,1,'vi','plugins/ecommerce/shipping','cod_statuses.pending','Pending','2022-09-27 01:54:26','2022-09-27 01:54:26'),(4073,1,'vi','plugins/ecommerce/shipping','cod_statuses.completed','Completed','2022-09-27 01:54:26','2022-09-27 01:54:26'),(4074,1,'vi','plugins/ecommerce/store-locator','name','Địa chỉ cửa hàng','2022-09-27 01:54:26','2022-09-27 01:54:26'),(4075,1,'vi','plugins/ecommerce/store-locator','description','Địa chỉ này sẽ xuất hiện trên hoá đơn của bạn và sẽ được sử dụng để tính toán mức giá vận chuyển của bạn.','2022-09-27 01:54:26','2022-09-27 01:54:26'),(4076,1,'vi','plugins/ecommerce/store-locator','shop_name','Tên cửa hàng','2022-09-27 01:54:26','2022-09-27 01:54:26'),(4077,1,'vi','plugins/ecommerce/store-locator','phone','Điện thoại','2022-09-27 01:54:26','2022-09-27 01:54:26'),(4078,1,'vi','plugins/ecommerce/store-locator','address','Địa chỉ','2022-09-27 01:54:26','2022-09-27 01:54:26'),(4079,1,'vi','plugins/ecommerce/tax','name','Thuế','2022-09-27 01:54:26','2022-09-27 01:54:26'),(4080,1,'vi','plugins/ecommerce/tax','create','Tạo thuế','2022-09-27 01:54:26','2022-09-27 01:54:26'),(4081,1,'vi','plugins/ecommerce/tax','edit','Chỉnh sửa thuế :title','2022-09-27 01:54:26','2022-09-27 01:54:26'),(4082,1,'vi','plugins/ecommerce/tax','title','Tiêu đề','2022-09-27 01:54:26','2022-09-27 01:54:26'),(4083,1,'vi','plugins/ecommerce/tax','percentage','Tỉ lệ phần trăm %','2022-09-27 01:54:26','2022-09-27 01:54:26'),(4084,1,'vi','plugins/ecommerce/tax','priority','Thứ tự ưu tiên','2022-09-27 01:54:26','2022-09-27 01:54:26'),(4085,1,'vi','plugins/ecommerce/tax','select_tax','-- lựa chọn --','2022-09-27 01:54:26','2022-09-27 01:54:26'),(4086,1,'en','plugins/faq/faq-category','name','Categories','2022-09-27 01:54:26','2022-09-27 01:54:26'),(4087,1,'en','plugins/faq/faq-category','create','New category','2022-09-27 01:54:26','2022-09-27 01:54:26'),(4088,1,'en','plugins/faq/faq-category','edit','Edit category','2022-09-27 01:54:26','2022-09-27 01:54:26'),(4089,1,'en','plugins/faq/faq','name','FAQ','2022-09-27 01:54:26','2022-09-27 01:54:26'),(4090,1,'en','plugins/faq/faq','create','New faq','2022-09-27 01:54:26','2022-09-27 01:54:26'),(4091,1,'en','plugins/faq/faq','edit','Edit faq','2022-09-27 01:54:26','2022-09-27 01:54:26'),(4092,1,'en','plugins/faq/faq','question','Question','2022-09-27 01:54:26','2022-09-27 01:54:26'),(4093,1,'en','plugins/faq/faq','answer','Answer','2022-09-27 01:54:26','2022-09-27 01:54:26'),(4094,1,'en','plugins/faq/faq','category','Category','2022-09-27 01:54:26','2022-09-27 01:54:26'),(4095,1,'en','plugins/faq/faq','all','All','2022-09-27 01:54:26','2022-09-27 01:54:26'),(4096,1,'en','plugins/faq/faq','faq_schema_config','FAQ schema configuration (:link)','2022-09-27 01:54:26','2022-09-27 01:54:26'),(4097,1,'en','plugins/faq/faq','learn_more','Learn more','2022-09-27 01:54:26','2022-09-27 01:54:26'),(4098,1,'en','plugins/faq/faq','settings.title','FAQ','2022-09-27 01:54:26','2022-09-27 01:54:26'),(4099,1,'en','plugins/faq/faq','settings.description','Settings for FAQ','2022-09-27 01:54:26','2022-09-27 01:54:26'),(4100,1,'en','plugins/faq/faq','settings.enable_faq_schema','Enable FAQ Schema?','2022-09-27 01:54:26','2022-09-27 01:54:26'),(4101,1,'en','plugins/faq/faq','settings.enable_faq_schema_description','Learn more: https://developers.google.com/search/docs/data-types/faqpage','2022-09-27 01:54:26','2022-09-27 01:54:26'),(4102,1,'en','plugins/faq/faq','select_category','Select a category','2022-09-27 01:54:26','2022-09-27 01:54:26'),(4103,1,'en','plugins/faq/faq','add_item','Add item','2022-09-27 01:54:26','2022-09-27 01:54:26'),(4104,1,'vi','plugins/faq/faq-category','create','Thêm danh mục','2022-09-27 01:54:26','2022-09-27 01:54:26'),(4105,1,'vi','plugins/faq/faq-category','edit','Sửa danh mục','2022-09-27 01:54:26','2022-09-27 01:54:26'),(4106,1,'vi','plugins/faq/faq-category','name','Danh mục','2022-09-27 01:54:26','2022-09-27 01:54:26'),(4107,1,'vi','plugins/faq/faq','name','Câu hỏi thường gặp','2022-09-27 01:54:26','2022-09-27 01:54:26'),(4108,1,'vi','plugins/faq/faq','create','Thêm câu hỏi','2022-09-27 01:54:26','2022-09-27 01:54:26'),(4109,1,'vi','plugins/faq/faq','edit','Sửa câu hỏi','2022-09-27 01:54:26','2022-09-27 01:54:26'),(4110,1,'vi','plugins/faq/faq','question','Câu hỏi','2022-09-27 01:54:26','2022-09-27 01:54:26'),(4111,1,'vi','plugins/faq/faq','answer','Trả lời','2022-09-27 01:54:26','2022-09-27 01:54:26'),(4112,1,'en','plugins/language/language','name','Languages','2022-09-27 01:54:26','2022-09-27 01:54:26'),(4113,1,'en','plugins/language/language','choose_language','Choose a language','2022-09-27 01:54:26','2022-09-27 01:54:26'),(4114,1,'en','plugins/language/language','select_language','Select language','2022-09-27 01:54:26','2022-09-27 01:54:26'),(4115,1,'en','plugins/language/language','choose_language_helper','You can choose a language in the list or directly edit it below.','2022-09-27 01:54:26','2022-09-27 01:54:26'),(4116,1,'en','plugins/language/language','language_name','Language name','2022-09-27 01:54:26','2022-09-27 01:54:26'),(4117,1,'en','plugins/language/language','language_name_helper','The name is how it is displayed on your site (for example: English).','2022-09-27 01:54:26','2022-09-27 01:54:26'),(4118,1,'en','plugins/language/language','locale','Locale','2022-09-27 01:54:26','2022-09-27 01:54:26'),(4119,1,'en','plugins/language/language','locale_helper','Laravel Locale for the language (for example: <code>en</code>).','2022-09-27 01:54:26','2022-09-27 01:54:26'),(4120,1,'en','plugins/language/language','language_code','Language code','2022-09-27 01:54:26','2022-09-27 01:54:26'),(4121,1,'en','plugins/language/language','language_code_helper','Language code - preferably 2-letters ISO 639-1 (for example: en)','2022-09-27 01:54:26','2022-09-27 01:54:26'),(4122,1,'en','plugins/language/language','text_direction','Text direction','2022-09-27 01:54:26','2022-09-27 01:54:26'),(4123,1,'en','plugins/language/language','text_direction_helper','Choose the text direction for the language','2022-09-27 01:54:26','2022-09-27 01:54:26'),(4124,1,'en','plugins/language/language','left_to_right','Left to right','2022-09-27 01:54:26','2022-09-27 01:54:26'),(4125,1,'en','plugins/language/language','right_to_left','Right to left','2022-09-27 01:54:26','2022-09-27 01:54:26'),(4126,1,'en','plugins/language/language','flag','Flag','2022-09-27 01:54:26','2022-09-27 01:54:26'),(4127,1,'en','plugins/language/language','flag_helper','Choose a flag for the language.','2022-09-27 01:54:26','2022-09-27 01:54:26'),(4128,1,'en','plugins/language/language','order','Order','2022-09-27 01:54:26','2022-09-27 01:54:26'),(4129,1,'en','plugins/language/language','order_helper','Position of the language in the language switcher','2022-09-27 01:54:26','2022-09-27 01:54:26'),(4130,1,'en','plugins/language/language','add_new_language','Add new language','2022-09-27 01:54:26','2022-09-27 01:54:26'),(4131,1,'en','plugins/language/language','code','Code','2022-09-27 01:54:26','2022-09-27 01:54:26'),(4132,1,'en','plugins/language/language','default_language','Is default?','2022-09-27 01:54:26','2022-09-27 01:54:26'),(4133,1,'en','plugins/language/language','actions','Actions','2022-09-27 01:54:26','2022-09-27 01:54:26'),(4134,1,'en','plugins/language/language','translations','Translations','2022-09-27 01:54:26','2022-09-27 01:54:26'),(4135,1,'en','plugins/language/language','edit','Edit','2022-09-27 01:54:26','2022-09-27 01:54:26'),(4136,1,'en','plugins/language/language','edit_tooltip','Edit this language','2022-09-27 01:54:26','2022-09-27 01:54:26'),(4137,1,'en','plugins/language/language','delete','Delete','2022-09-27 01:54:26','2022-09-27 01:54:26'),(4138,1,'en','plugins/language/language','delete_tooltip','Delete this language and all its associated data','2022-09-27 01:54:26','2022-09-27 01:54:26'),(4139,1,'en','plugins/language/language','choose_default_language','Choose :language as default language','2022-09-27 01:54:26','2022-09-27 01:54:26'),(4140,1,'en','plugins/language/language','current_language','Current record\'s language','2022-09-27 01:54:26','2022-09-27 01:54:26'),(4141,1,'en','plugins/language/language','edit_related','Edit related language for this record','2022-09-27 01:54:26','2022-09-27 01:54:26'),(4142,1,'en','plugins/language/language','add_language_for_item','Add other language version for this record','2022-09-27 01:54:26','2022-09-27 01:54:26'),(4143,1,'en','plugins/language/language','settings','Settings','2022-09-27 01:54:26','2022-09-27 01:54:26'),(4144,1,'en','plugins/language/language','language_hide_default','Hide default language from URL?','2022-09-27 01:54:26','2022-09-27 01:54:26'),(4145,1,'en','plugins/language/language','language_display_flag_only','Flag only','2022-09-27 01:54:26','2022-09-27 01:54:26'),(4146,1,'en','plugins/language/language','language_display_name_only','Name only','2022-09-27 01:54:26','2022-09-27 01:54:26'),(4147,1,'en','plugins/language/language','language_display_all','Display all flag and name','2022-09-27 01:54:26','2022-09-27 01:54:26'),(4148,1,'en','plugins/language/language','language_display','Language display','2022-09-27 01:54:26','2022-09-27 01:54:26'),(4149,1,'en','plugins/language/language','switcher_display','Switcher language display','2022-09-27 01:54:26','2022-09-27 01:54:26'),(4150,1,'en','plugins/language/language','language_switcher_display_dropdown','Dropdown','2022-09-27 01:54:26','2022-09-27 01:54:26'),(4151,1,'en','plugins/language/language','language_switcher_display_list','List','2022-09-27 01:54:26','2022-09-27 01:54:26'),(4152,1,'en','plugins/language/language','current_language_edit_notification','You are editing \"<strong class=\"current_language_text\">:language</strong>\" version','2022-09-27 01:54:26','2022-09-27 01:54:26'),(4153,1,'en','plugins/language/language','confirm-change-language','Confirm change language','2022-09-27 01:54:26','2022-09-27 01:54:26'),(4154,1,'en','plugins/language/language','confirm-change-language-message','Do you really want to change language to \"<strong class=\"change_to_language_text\"></strong>\" ? This action will be override \"<strong class=\"change_to_language_text\"></strong>\" version if it\'s existed!','2022-09-27 01:54:26','2022-09-27 01:54:26'),(4155,1,'en','plugins/language/language','confirm-change-language-btn','Confirm change','2022-09-27 01:54:26','2022-09-27 01:54:26'),(4156,1,'en','plugins/language/language','hide_languages','Hide languages','2022-09-27 01:54:26','2022-09-27 01:54:26'),(4157,1,'en','plugins/language/language','hide_languages_description','You can completely hide content in specific languages from visitors and search engines, but still view it yourself. This allows reviewing translations that are in progress.','2022-09-27 01:54:26','2022-09-27 01:54:26'),(4158,1,'en','plugins/language/language','hide_languages_helper_display_hidden','{0} All languages are currently displayed.|{1} :language is currently hidden to visitors.|[2, Inf] :language are currently hidden to visitors.','2022-09-27 01:54:26','2022-09-27 01:54:26'),(4159,1,'en','plugins/language/language','show_all','Show all','2022-09-27 01:54:26','2022-09-27 01:54:26'),(4160,1,'en','plugins/language/language','change_language','Language','2022-09-27 01:54:26','2022-09-27 01:54:26'),(4161,1,'en','plugins/language/language','language_show_default_item_if_current_version_not_existed','Show item in default language if it is not existed in current language','2022-09-27 01:54:26','2022-09-27 01:54:26'),(4162,1,'en','plugins/language/language','select_flag','Select a flag...','2022-09-27 01:54:26','2022-09-27 01:54:26'),(4163,1,'en','plugins/language/language','delete_confirmation_message','Do you really want to delete this language? It also deletes all items in this language and cannot rollback!','2022-09-27 01:54:26','2022-09-27 01:54:26'),(4164,1,'en','plugins/language/language','added_already','This language was added already!','2022-09-27 01:54:26','2022-09-27 01:54:26'),(4165,1,'en','plugins/language/language','language_auto_detect_user_language','Auto detect user language?','2022-09-27 01:54:26','2022-09-27 01:54:26'),(4166,1,'vi','plugins/language/language','name','Ngôn ngữ','2022-09-27 01:54:26','2022-09-27 01:54:26'),(4167,1,'vi','plugins/language/language','choose_language','Chọn một ngôn ngữ','2022-09-27 01:54:26','2022-09-27 01:54:26'),(4168,1,'vi','plugins/language/language','select_language','Chọn ngôn ngữ','2022-09-27 01:54:26','2022-09-27 01:54:26'),(4169,1,'vi','plugins/language/language','choose_language_helper','Bạn có thể chọn 1 ngôn ngữ trong danh sách hoặc nhập trực tiếp nội dung xuống các mục dưới','2022-09-27 01:54:26','2022-09-27 01:54:26'),(4170,1,'vi','plugins/language/language','language_name','Tên đầy đủ','2022-09-27 01:54:26','2022-09-27 01:54:26'),(4171,1,'vi','plugins/language/language','language_name_helper','Tên ngôn ngữ sẽ được hiển thị trên website (ví dụ: Tiếng Anh).','2022-09-27 01:54:26','2022-09-27 01:54:26'),(4172,1,'vi','plugins/language/language','locale','Locale','2022-09-27 01:54:26','2022-09-27 01:54:26'),(4173,1,'vi','plugins/language/language','locale_helper','Laravel Locale cho ngôn ngữ này (ví dụ: <code>en</code>).','2022-09-27 01:54:26','2022-09-27 01:54:26'),(4174,1,'vi','plugins/language/language','language_code','Mã ngôn ngữ','2022-09-27 01:54:26','2022-09-27 01:54:26'),(4175,1,'vi','plugins/language/language','language_code_helper','Mã ngôn ngữ - ưu tiên dạng 2-kí tự theo chuẩn ISO 639-1 (ví dụ: en)','2022-09-27 01:54:26','2022-09-27 01:54:26'),(4176,1,'vi','plugins/language/language','text_direction','Hướng viết chữ','2022-09-27 01:54:26','2022-09-27 01:54:26'),(4177,1,'vi','plugins/language/language','text_direction_helper','Chọn hướng viết chữ cho ngôn ngữ này','2022-09-27 01:54:26','2022-09-27 01:54:26'),(4178,1,'vi','plugins/language/language','left_to_right','Trái qua phải','2022-09-27 01:54:26','2022-09-27 01:54:26'),(4179,1,'vi','plugins/language/language','right_to_left','Phải qua trái','2022-09-27 01:54:26','2022-09-27 01:54:26'),(4180,1,'vi','plugins/language/language','flag','Cờ','2022-09-27 01:54:26','2022-09-27 01:54:26'),(4181,1,'vi','plugins/language/language','flag_helper','Chọn 1 cờ cho ngôn ngữ này','2022-09-27 01:54:26','2022-09-27 01:54:26'),(4182,1,'vi','plugins/language/language','order','Sắp xếp','2022-09-27 01:54:26','2022-09-27 01:54:26'),(4183,1,'vi','plugins/language/language','order_helper','Vị trí của ngôn ngữ hiển thị trong mục chuyển đổi ngôn ngữ','2022-09-27 01:54:26','2022-09-27 01:54:26'),(4184,1,'vi','plugins/language/language','add_new_language','Thêm ngôn ngữ mới','2022-09-27 01:54:26','2022-09-27 01:54:26'),(4185,1,'vi','plugins/language/language','code','Mã','2022-09-27 01:54:26','2022-09-27 01:54:26'),(4186,1,'vi','plugins/language/language','default_language','Ngôn ngữ mặc định','2022-09-27 01:54:26','2022-09-27 01:54:26'),(4187,1,'vi','plugins/language/language','actions','Hành động','2022-09-27 01:54:26','2022-09-27 01:54:26'),(4188,1,'vi','plugins/language/language','translations','Dịch','2022-09-27 01:54:26','2022-09-27 01:54:26'),(4189,1,'vi','plugins/language/language','edit','Sửa','2022-09-27 01:54:26','2022-09-27 01:54:26'),(4190,1,'vi','plugins/language/language','edit_tooltip','Sửa ngôn ngữ này','2022-09-27 01:54:26','2022-09-27 01:54:26'),(4191,1,'vi','plugins/language/language','delete','Xóa','2022-09-27 01:54:26','2022-09-27 01:54:26'),(4192,1,'vi','plugins/language/language','delete_tooltip','Xóa ngôn ngữ này và các dữ liệu liên quan','2022-09-27 01:54:26','2022-09-27 01:54:26'),(4193,1,'vi','plugins/language/language','choose_default_language','Chọn :language làm ngôn ngữ mặc định','2022-09-27 01:54:26','2022-09-27 01:54:26'),(4194,1,'vi','plugins/language/language','add_language_for_item','Thêm ngôn ngữ khác cho bản ghi này','2022-09-27 01:54:26','2022-09-27 01:54:26'),(4195,1,'vi','plugins/language/language','current_language','Ngôn ngữ hiện tại của bản ghi','2022-09-27 01:54:26','2022-09-27 01:54:26'),(4196,1,'vi','plugins/language/language','edit_related','Sửa bản ngôn ngữ khác của bản ghi này','2022-09-27 01:54:26','2022-09-27 01:54:26'),(4197,1,'vi','plugins/language/language','confirm-change-language','Xác nhận thay đổi ngôn ngữ','2022-09-27 01:54:26','2022-09-27 01:54:26'),(4198,1,'vi','plugins/language/language','confirm-change-language-btn','Xác nhận thay đổi','2022-09-27 01:54:26','2022-09-27 01:54:26'),(4199,1,'vi','plugins/language/language','confirm-change-language-message','Bạn có chắc chắn muốn thay đổi ngôn ngữ sang tiếng \"<strong class=\"change_to_language_text\"></strong>\" ? Điều này sẽ ghi đè bản ghi tiếng \"<strong class=\"change_to_language_text\"></strong>\" nếu nó đã tồn tại!','2022-09-27 01:54:26','2022-09-27 01:54:26'),(4200,1,'vi','plugins/language/language','current_language_edit_notification','Bạn đang chỉnh sửa phiên bản tiếng \"<strong class=\"current_language_text\">:language</strong>\"','2022-09-27 01:54:26','2022-09-27 01:54:26'),(4201,1,'vi','plugins/language/language','hide_languages','Ẩn ngôn ngữ','2022-09-27 01:54:26','2022-09-27 01:54:26'),(4202,1,'vi','plugins/language/language','hide_languages_description','Bạn có thể hoàn toàn ẩn ngôn ngữ cụ thể đối với người truy cập và công cụ tìm kiếm, nhưng sẽ vẫn hiển thị trong trang quản trị. Điều này cho phép bạn biết những ngôn ngữ nào đang được xử lý.','2022-09-27 01:54:27','2022-09-27 01:54:27'),(4203,1,'vi','plugins/language/language','hide_languages_helper_display_hidden','{0} Tất cả ngôn ngữ đang được hiển thị.|{1} :language đang bị ẩn đối với người truy cập.|[2, Inf]  :language đang bị ẩn đối với người truy cập.','2022-09-27 01:54:27','2022-09-27 01:54:27'),(4204,1,'vi','plugins/language/language','language_display','Hiển thị ngôn ngữ','2022-09-27 01:54:27','2022-09-27 01:54:27'),(4205,1,'vi','plugins/language/language','language_display_all','Hiển thị cả cờ và tên ngôn ngữ','2022-09-27 01:54:27','2022-09-27 01:54:27'),(4206,1,'vi','plugins/language/language','language_display_flag_only','Chỉ hiển thị cờ','2022-09-27 01:54:27','2022-09-27 01:54:27'),(4207,1,'vi','plugins/language/language','language_display_name_only','Chỉ hiển thị tên','2022-09-27 01:54:27','2022-09-27 01:54:27'),(4208,1,'vi','plugins/language/language','language_hide_default','Ẩn ngôn ngữ mặc định trên URL','2022-09-27 01:54:27','2022-09-27 01:54:27'),(4209,1,'vi','plugins/language/language','language_switcher_display_dropdown','Dropdown','2022-09-27 01:54:27','2022-09-27 01:54:27'),(4210,1,'vi','plugins/language/language','language_switcher_display_list','Danh sách','2022-09-27 01:54:27','2022-09-27 01:54:27'),(4211,1,'vi','plugins/language/language','settings','Cài đặt','2022-09-27 01:54:27','2022-09-27 01:54:27'),(4212,1,'vi','plugins/language/language','switcher_display','Hiển thị bộ chuyển đổi ngôn ngữ','2022-09-27 01:54:27','2022-09-27 01:54:27'),(4213,1,'vi','plugins/language/language','change_language','Ngôn ngữ','2022-09-27 01:54:27','2022-09-27 01:54:27'),(4214,1,'vi','plugins/language/language','show_all','Hiển thị tất cả','2022-09-27 01:54:27','2022-09-27 01:54:27'),(4215,1,'vi','plugins/language/language','language_show_default_item_if_current_version_not_existed','Hiển thị bản ghi ở ngôn ngữ mặc định nếu phiên bản cho ngôn ngữ hiện tại chưa có','2022-09-27 01:54:27','2022-09-27 01:54:27'),(4216,1,'en','plugins/location/bulk-import','name','Bulk Import','2022-09-27 01:54:27','2022-09-27 01:54:27'),(4217,1,'en','plugins/location/bulk-import','loading_text','Importing','2022-09-27 01:54:27','2022-09-27 01:54:27'),(4218,1,'en','plugins/location/bulk-import','imported_successfully','Imported successfully.','2022-09-27 01:54:27','2022-09-27 01:54:27'),(4219,1,'en','plugins/location/bulk-import','please_choose_the_file_mime','Please choose the file mime :types','2022-09-27 01:54:27','2022-09-27 01:54:27'),(4220,1,'en','plugins/location/bulk-import','please_choose_the_file','Please choose the file','2022-09-27 01:54:27','2022-09-27 01:54:27'),(4221,1,'en','plugins/location/bulk-import','start_import','Start Import','2022-09-27 01:54:27','2022-09-27 01:54:27'),(4222,1,'en','plugins/location/bulk-import','note','Note!','2022-09-27 01:54:27','2022-09-27 01:54:27'),(4223,1,'en','plugins/location/bulk-import','warning_before_importing','If this is your first time using this feature, please read the documentation or contact the Administrator for access to the correct functionality!','2022-09-27 01:54:27','2022-09-27 01:54:27'),(4224,1,'en','plugins/location/bulk-import','results','Result: :success successes, :failed failures','2022-09-27 01:54:27','2022-09-27 01:54:27'),(4225,1,'en','plugins/location/bulk-import','failures','Failures','2022-09-27 01:54:27','2022-09-27 01:54:27'),(4226,1,'en','plugins/location/bulk-import','tables.import','Import','2022-09-27 01:54:27','2022-09-27 01:54:27'),(4227,1,'en','plugins/location/bulk-import','template','Template','2022-09-27 01:54:27','2022-09-27 01:54:27'),(4228,1,'en','plugins/location/bulk-import','rules','Rules','2022-09-27 01:54:27','2022-09-27 01:54:27'),(4229,1,'en','plugins/location/bulk-import','choose_file_with_mime','Choose file with mime: (:types)','2022-09-27 01:54:27','2022-09-27 01:54:27'),(4230,1,'en','plugins/location/bulk-import','choose_file','Choose file','2022-09-27 01:54:27','2022-09-27 01:54:27'),(4231,1,'en','plugins/location/bulk-import','menu','Import locations','2022-09-27 01:54:27','2022-09-27 01:54:27'),(4232,1,'en','plugins/location/bulk-import','download-csv-file','Download CSV template','2022-09-27 01:54:27','2022-09-27 01:54:27'),(4233,1,'en','plugins/location/bulk-import','download-excel-file','Download Excel template','2022-09-27 01:54:27','2022-09-27 01:54:27'),(4234,1,'en','plugins/location/bulk-import','downloading','Downloading...','2022-09-27 01:54:27','2022-09-27 01:54:27'),(4235,1,'en','plugins/location/bulk-import','export.template.input_error','Input error','2022-09-27 01:54:27','2022-09-27 01:54:27'),(4236,1,'en','plugins/location/bulk-import','export.template.number_not_allowed','Number is not allowed!','2022-09-27 01:54:27','2022-09-27 01:54:27'),(4237,1,'en','plugins/location/bulk-import','export.template.allowed_input','Allowed input','2022-09-27 01:54:27','2022-09-27 01:54:27'),(4238,1,'en','plugins/location/bulk-import','export.template.prompt_decimal','Only numbers or decimals are accepted and greater than or equal to :min.','2022-09-27 01:54:27','2022-09-27 01:54:27'),(4239,1,'en','plugins/location/bulk-import','export.template.prompt_whole_number','Only numbers are accepted and greater than or equal to :min.','2022-09-27 01:54:27','2022-09-27 01:54:27'),(4240,1,'en','plugins/location/bulk-import','export.template.prompt_list','Please pick a value from the drop-down list.','2022-09-27 01:54:27','2022-09-27 01:54:27'),(4241,1,'en','plugins/location/bulk-import','export.template.pick_from_list','Pick from list','2022-09-27 01:54:27','2022-09-27 01:54:27'),(4242,1,'en','plugins/location/bulk-import','export.template.value_not_in_list','Value is not in list.','2022-09-27 01:54:27','2022-09-27 01:54:27'),(4243,1,'en','plugins/location/bulk-import','export.template.max_text_length','Max text length','2022-09-27 01:54:27','2022-09-27 01:54:27'),(4244,1,'en','plugins/location/bulk-import','export.template.prompt_max_text_length','Only accept text with length less than or equal to :max.','2022-09-27 01:54:27','2022-09-27 01:54:27'),(4245,1,'en','plugins/location/bulk-import','import_failed_description','Import failed, please check the errors below!','2022-09-27 01:54:27','2022-09-27 01:54:27'),(4246,1,'en','plugins/location/bulk-import','available_enable_multi_language','Only available when you enable \"Is Multi Language?\"','2022-09-27 01:54:27','2022-09-27 01:54:27'),(4247,1,'en','plugins/location/bulk-import','import_type_required_if','The :attribute field is required when \"Import Type\" is :value.','2022-09-27 01:54:27','2022-09-27 01:54:27'),(4248,1,'en','plugins/location/bulk-import','import_available_data','Import available data','2022-09-27 01:54:27','2022-09-27 01:54:27'),(4249,1,'en','plugins/location/bulk-import','import','Import','2022-09-27 01:54:27','2022-09-27 01:54:27'),(4250,1,'en','plugins/location/bulk-import','import_available_data_confirmation','Import available data confirmation','2022-09-27 01:54:27','2022-09-27 01:54:27'),(4251,1,'en','plugins/location/bulk-import','import_available_data_confirmation_content','Do you really want to import states/cities for this country?','2022-09-27 01:54:27','2022-09-27 01:54:27'),(4252,1,'en','plugins/location/city','name','Cities','2022-09-27 01:54:27','2022-09-27 01:54:27'),(4253,1,'en','plugins/location/city','create','New city','2022-09-27 01:54:27','2022-09-27 01:54:27'),(4254,1,'en','plugins/location/city','edit','Edit city','2022-09-27 01:54:27','2022-09-27 01:54:27'),(4255,1,'en','plugins/location/city','state','State','2022-09-27 01:54:27','2022-09-27 01:54:27'),(4256,1,'en','plugins/location/city','select_state','Select state...','2022-09-27 01:54:27','2022-09-27 01:54:27'),(4257,1,'en','plugins/location/city','select_city','Select city...','2022-09-27 01:54:27','2022-09-27 01:54:27'),(4258,1,'en','plugins/location/city','country','Country','2022-09-27 01:54:27','2022-09-27 01:54:27'),(4259,1,'en','plugins/location/city','select_country','Select country...','2022-09-27 01:54:27','2022-09-27 01:54:27'),(4260,1,'en','plugins/location/city','city','City','2022-09-27 01:54:27','2022-09-27 01:54:27'),(4261,1,'en','plugins/location/country','name','Countries','2022-09-27 01:54:27','2022-09-27 01:54:27'),(4262,1,'en','plugins/location/country','create','New country','2022-09-27 01:54:27','2022-09-27 01:54:27'),(4263,1,'en','plugins/location/country','edit','Edit country','2022-09-27 01:54:27','2022-09-27 01:54:27'),(4264,1,'en','plugins/location/country','nationality','Nationality','2022-09-27 01:54:27','2022-09-27 01:54:27'),(4265,1,'en','plugins/location/country','code','Country ISO code','2022-09-27 01:54:27','2022-09-27 01:54:27'),(4266,1,'en','plugins/location/country','code_placeholder','ISO country code, uppercase. Ex: US.','2022-09-27 01:54:27','2022-09-27 01:54:27'),(4267,1,'en','plugins/location/country','code_helper','Find country ISO code from here: https://en.wikipedia.org/wiki/List_of_ISO_3166_country_codes','2022-09-27 01:54:27','2022-09-27 01:54:27'),(4268,1,'en','plugins/location/location','name','Locations','2022-09-27 01:54:27','2022-09-27 01:54:27'),(4269,1,'en','plugins/location/location','create','New location','2022-09-27 01:54:27','2022-09-27 01:54:27'),(4270,1,'en','plugins/location/location','edit','Edit location','2022-09-27 01:54:27','2022-09-27 01:54:27'),(4271,1,'en','plugins/location/location','all_states','All states','2022-09-27 01:54:27','2022-09-27 01:54:27'),(4272,1,'en','plugins/location/location','abbreviation','Abbreviation','2022-09-27 01:54:27','2022-09-27 01:54:27'),(4273,1,'en','plugins/location/location','abbreviation_placeholder','E.g: CA','2022-09-27 01:54:27','2022-09-27 01:54:27'),(4274,1,'en','plugins/location/location','exporting','Exporting','2022-09-27 01:54:27','2022-09-27 01:54:27'),(4275,1,'en','plugins/location/location','total_country','Total countries','2022-09-27 01:54:27','2022-09-27 01:54:27'),(4276,1,'en','plugins/location/location','total_state','Total states','2022-09-27 01:54:27','2022-09-27 01:54:27'),(4277,1,'en','plugins/location/location','total_city','Total cities','2022-09-27 01:54:27','2022-09-27 01:54:27'),(4278,1,'en','plugins/location/location','export_location','Export location','2022-09-27 01:54:27','2022-09-27 01:54:27'),(4279,1,'en','plugins/location/location','start_export','Start exporting','2022-09-27 01:54:27','2022-09-27 01:54:27'),(4280,1,'en','plugins/location/state','name','States','2022-09-27 01:54:27','2022-09-27 01:54:27'),(4281,1,'en','plugins/location/state','create','New state','2022-09-27 01:54:27','2022-09-27 01:54:27'),(4282,1,'en','plugins/location/state','edit','Edit state','2022-09-27 01:54:27','2022-09-27 01:54:27'),(4283,1,'en','plugins/location/state','country','Country','2022-09-27 01:54:27','2022-09-27 01:54:27'),(4284,1,'en','plugins/location/state','select_country','Select a country...','2022-09-27 01:54:27','2022-09-27 01:54:27'),(4285,1,'en','plugins/location/state','state','State','2022-09-27 01:54:27','2022-09-27 01:54:27'),(4286,1,'vi','plugins/location/city','name','Quận/huyện','2022-09-27 01:54:27','2022-09-27 01:54:27'),(4287,1,'vi','plugins/location/city','create','Thêm quận/huyện','2022-09-27 01:54:27','2022-09-27 01:54:27'),(4288,1,'vi','plugins/location/city','edit','Sửa quận/huyện','2022-09-27 01:54:27','2022-09-27 01:54:27'),(4289,1,'vi','plugins/location/city','state','Tỉnh','2022-09-27 01:54:27','2022-09-27 01:54:27'),(4290,1,'vi','plugins/location/city','select_state','Lựa chọn tỉnh/thành phố...','2022-09-27 01:54:27','2022-09-27 01:54:27'),(4291,1,'vi','plugins/location/city','select_city','Lựa chọn quận/huyện...','2022-09-27 01:54:27','2022-09-27 01:54:27'),(4292,1,'vi','plugins/location/city','country','Quốc gia','2022-09-27 01:54:27','2022-09-27 01:54:27'),(4293,1,'vi','plugins/location/city','select_country','Lựa chọn quốc gia...','2022-09-27 01:54:27','2022-09-27 01:54:27'),(4294,1,'vi','plugins/location/city','city','Quận/huyện','2022-09-27 01:54:27','2022-09-27 01:54:27'),(4295,1,'vi','plugins/location/country','name','Quốc gia','2022-09-27 01:54:27','2022-09-27 01:54:27'),(4296,1,'vi','plugins/location/country','create','Thêm quốc gia','2022-09-27 01:54:27','2022-09-27 01:54:27'),(4297,1,'vi','plugins/location/country','edit','Sửa quốc gia','2022-09-27 01:54:27','2022-09-27 01:54:27'),(4298,1,'vi','plugins/location/country','nationality','Quốc tịch','2022-09-27 01:54:27','2022-09-27 01:54:27'),(4299,1,'vi','plugins/location/location','name','Địa điểm','2022-09-27 01:54:27','2022-09-27 01:54:27'),(4300,1,'vi','plugins/location/location','create','Thêm địa điểm','2022-09-27 01:54:27','2022-09-27 01:54:27'),(4301,1,'vi','plugins/location/location','edit','Sửa địa điểm','2022-09-27 01:54:27','2022-09-27 01:54:27'),(4302,1,'vi','plugins/location/location','all_states','Tất cả tỉnh thành','2022-09-27 01:54:27','2022-09-27 01:54:27'),(4303,1,'vi','plugins/location/state','name','Tỉnh/thành phố','2022-09-27 01:54:27','2022-09-27 01:54:27'),(4304,1,'vi','plugins/location/state','create','Thêm tỉnh/thành phố','2022-09-27 01:54:27','2022-09-27 01:54:27'),(4305,1,'vi','plugins/location/state','edit','Sửa tỉnh/thành phố','2022-09-27 01:54:27','2022-09-27 01:54:27'),(4306,1,'vi','plugins/location/state','country','Quốc gia','2022-09-27 01:54:27','2022-09-27 01:54:27'),(4307,1,'vi','plugins/location/state','select_country','Lựa chọn quốc gia...','2022-09-27 01:54:27','2022-09-27 01:54:27'),(4308,1,'vi','plugins/location/state','state','Tỉnh/thành phố','2022-09-27 01:54:27','2022-09-27 01:54:27'),(4309,1,'en','plugins/newsletter/newsletter','name','Newsletters','2022-09-27 01:54:27','2022-09-27 01:54:27'),(4310,1,'en','plugins/newsletter/newsletter','settings.email.templates.title','Newsletter','2022-09-27 01:54:27','2022-09-27 01:54:27'),(4311,1,'en','plugins/newsletter/newsletter','settings.email.templates.description','Config newsletter email templates','2022-09-27 01:54:27','2022-09-27 01:54:27'),(4312,1,'en','plugins/newsletter/newsletter','settings.email.templates.to_admin.title','Email send to admin','2022-09-27 01:54:27','2022-09-27 01:54:27'),(4313,1,'en','plugins/newsletter/newsletter','settings.email.templates.to_admin.description','Template for sending email to admin','2022-09-27 01:54:27','2022-09-27 01:54:27'),(4314,1,'en','plugins/newsletter/newsletter','settings.email.templates.to_user.title','Email send to user','2022-09-27 01:54:27','2022-09-27 01:54:27'),(4315,1,'en','plugins/newsletter/newsletter','settings.email.templates.to_user.description','Template for sending email to subscriber','2022-09-27 01:54:27','2022-09-27 01:54:27'),(4316,1,'en','plugins/newsletter/newsletter','settings.title','Newsletter','2022-09-27 01:54:27','2022-09-27 01:54:27'),(4317,1,'en','plugins/newsletter/newsletter','settings.description','Settings for newsletter','2022-09-27 01:54:27','2022-09-27 01:54:27'),(4318,1,'en','plugins/newsletter/newsletter','settings.mailchimp_api_key','Mailchimp API Key','2022-09-27 01:54:27','2022-09-27 01:54:27'),(4319,1,'en','plugins/newsletter/newsletter','settings.mailchimp_list_id','Mailchimp List ID','2022-09-27 01:54:27','2022-09-27 01:54:27'),(4320,1,'en','plugins/newsletter/newsletter','settings.mailchimp_list','Mailchimp List','2022-09-27 01:54:27','2022-09-27 01:54:27'),(4321,1,'en','plugins/newsletter/newsletter','settings.sendgrid_api_key','Sendgrid API Key','2022-09-27 01:54:27','2022-09-27 01:54:27'),(4322,1,'en','plugins/newsletter/newsletter','settings.sendgrid_list_id','Sendgrid List ID','2022-09-27 01:54:27','2022-09-27 01:54:27'),(4323,1,'en','plugins/newsletter/newsletter','settings.sendgrid_list','Sendgrid List','2022-09-27 01:54:27','2022-09-27 01:54:27'),(4324,1,'en','plugins/newsletter/newsletter','statuses.subscribed','Subscribed','2022-09-27 01:54:27','2022-09-27 01:54:27'),(4325,1,'en','plugins/newsletter/newsletter','statuses.unsubscribed','Unsubscribed','2022-09-27 01:54:27','2022-09-27 01:54:27'),(4326,1,'vi','plugins/newsletter/newsletter','name','Đăng ký nhận bản tin','2022-09-27 01:54:27','2022-09-27 01:54:27'),(4327,1,'vi','plugins/newsletter/newsletter','settings.email.templates.title','Đăng ký nhận bản tin','2022-09-27 01:54:27','2022-09-27 01:54:27'),(4328,1,'vi','plugins/newsletter/newsletter','settings.email.templates.description','Cấu hình email xác nhận đăng ký nhận bản tin','2022-09-27 01:54:27','2022-09-27 01:54:27'),(4329,1,'vi','plugins/newsletter/newsletter','settings.email.templates.to_admin.title','Email gửi tới cho quản trị viên','2022-09-27 01:54:27','2022-09-27 01:54:27'),(4330,1,'vi','plugins/newsletter/newsletter','settings.email.templates.to_admin.description','Mẫu email gửi tới cho quản trị viên','2022-09-27 01:54:27','2022-09-27 01:54:27'),(4331,1,'vi','plugins/newsletter/newsletter','settings.email.templates.to_user.title','Email gửi tới cho người đăng ký','2022-09-27 01:54:27','2022-09-27 01:54:27'),(4332,1,'vi','plugins/newsletter/newsletter','settings.email.templates.to_user.description','Mẫu email gửi tới cho người đăng ký','2022-09-27 01:54:27','2022-09-27 01:54:27'),(4333,1,'vi','plugins/newsletter/newsletter','statuses.subscribed','Theo dõi','2022-09-27 01:54:27','2022-09-27 01:54:27'),(4334,1,'vi','plugins/newsletter/newsletter','statuses.unsubscribed','Hủy theo dõi','2022-09-27 01:54:27','2022-09-27 01:54:27'),(4335,1,'en','plugins/payment/payment','payments','Payments','2022-09-27 01:54:27','2022-09-27 01:54:27'),(4336,1,'en','plugins/payment/payment','checkout_success','Checkout successfully!','2022-09-27 01:54:27','2022-09-27 01:54:27'),(4337,1,'en','plugins/payment/payment','view_payment','View payment #','2022-09-27 01:54:27','2022-09-27 01:54:27'),(4338,1,'en','plugins/payment/payment','charge_id','Charge ID','2022-09-27 01:54:27','2022-09-27 01:54:27'),(4339,1,'en','plugins/payment/payment','amount','Amount','2022-09-27 01:54:27','2022-09-27 01:54:27'),(4340,1,'en','plugins/payment/payment','currency','Currency','2022-09-27 01:54:27','2022-09-27 01:54:27'),(4341,1,'en','plugins/payment/payment','user','User','2022-09-27 01:54:27','2022-09-27 01:54:27'),(4342,1,'en','plugins/payment/payment','stripe','Stripe','2022-09-27 01:54:27','2022-09-27 01:54:27'),(4343,1,'en','plugins/payment/payment','paypal','PayPal','2022-09-27 01:54:27','2022-09-27 01:54:27'),(4344,1,'en','plugins/payment/payment','action','Action','2022-09-27 01:54:27','2022-09-27 01:54:27'),(4345,1,'en','plugins/payment/payment','payment_via_card','Payment via card','2022-09-27 01:54:27','2022-09-27 01:54:27'),(4346,1,'en','plugins/payment/payment','card_number','Card number','2022-09-27 01:54:27','2022-09-27 01:54:27'),(4347,1,'en','plugins/payment/payment','full_name','Full name','2022-09-27 01:54:27','2022-09-27 01:54:27'),(4348,1,'en','plugins/payment/payment','payment_via_paypal','Fast and safe online payment via PayPal.','2022-09-27 01:54:27','2022-09-27 01:54:27'),(4349,1,'en','plugins/payment/payment','mm_yy','MM/YY','2022-09-27 01:54:27','2022-09-27 01:54:27'),(4350,1,'en','plugins/payment/payment','cvc','CVC','2022-09-27 01:54:27','2022-09-27 01:54:27'),(4351,1,'en','plugins/payment/payment','details','Details','2022-09-27 01:54:27','2022-09-27 01:54:27'),(4352,1,'en','plugins/payment/payment','payer_name','Payer Name','2022-09-27 01:54:27','2022-09-27 01:54:27'),(4353,1,'en','plugins/payment/payment','email','Email','2022-09-27 01:54:27','2022-09-27 01:54:27'),(4354,1,'en','plugins/payment/payment','phone','Phone','2022-09-27 01:54:27','2022-09-27 01:54:27'),(4355,1,'en','plugins/payment/payment','country','Country','2022-09-27 01:54:27','2022-09-27 01:54:27'),(4356,1,'en','plugins/payment/payment','shipping_address','Shipping Address','2022-09-27 01:54:27','2022-09-27 01:54:27'),(4357,1,'en','plugins/payment/payment','payment_details','Payment Details','2022-09-27 01:54:27','2022-09-27 01:54:27'),(4358,1,'en','plugins/payment/payment','card','Card','2022-09-27 01:54:27','2022-09-27 01:54:27'),(4359,1,'en','plugins/payment/payment','address','Address','2022-09-27 01:54:27','2022-09-27 01:54:27'),(4360,1,'en','plugins/payment/payment','could_not_get_stripe_token','Could not get Stripe token to make a charge.','2022-09-27 01:54:27','2022-09-27 01:54:27'),(4361,1,'en','plugins/payment/payment','payment_id','Payment ID','2022-09-27 01:54:27','2022-09-27 01:54:27'),(4362,1,'en','plugins/payment/payment','payment_methods','Payment methods','2022-09-27 01:54:27','2022-09-27 01:54:27'),(4363,1,'en','plugins/payment/payment','transactions','Transactions','2022-09-27 01:54:27','2022-09-27 01:54:27'),(4364,1,'en','plugins/payment/payment','payment_methods_description','Setup payment methods for website','2022-09-27 01:54:27','2022-09-27 01:54:27'),(4365,1,'en','plugins/payment/payment','paypal_description','Customer can buy product and pay directly via PayPal','2022-09-27 01:54:27','2022-09-27 01:54:27'),(4366,1,'en','plugins/payment/payment','use','Use','2022-09-27 01:54:27','2022-09-27 01:54:27'),(4367,1,'en','plugins/payment/payment','stripe_description','Customer can buy product and pay directly using Visa, Credit card via Stripe','2022-09-27 01:54:27','2022-09-27 01:54:27'),(4368,1,'en','plugins/payment/payment','edit','Edit','2022-09-27 01:54:27','2022-09-27 01:54:27'),(4369,1,'en','plugins/payment/payment','settings','Settings','2022-09-27 01:54:27','2022-09-27 01:54:27'),(4370,1,'en','plugins/payment/payment','activate','Activate','2022-09-27 01:54:27','2022-09-27 01:54:27'),(4371,1,'en','plugins/payment/payment','deactivate','Deactivate','2022-09-27 01:54:27','2022-09-27 01:54:27'),(4372,1,'en','plugins/payment/payment','update','Update','2022-09-27 01:54:27','2022-09-27 01:54:27'),(4373,1,'en','plugins/payment/payment','configuration_instruction','Configuration instruction for :name','2022-09-27 01:54:27','2022-09-27 01:54:27'),(4374,1,'en','plugins/payment/payment','configuration_requirement','To use :name, you need','2022-09-27 01:54:27','2022-09-27 01:54:27'),(4375,1,'en','plugins/payment/payment','service_registration','Register with :name','2022-09-27 01:54:27','2022-09-27 01:54:27'),(4376,1,'en','plugins/payment/payment','after_service_registration_msg','After registration at :name, you will have Client ID, Client Secret','2022-09-27 01:54:27','2022-09-27 01:54:27'),(4377,1,'en','plugins/payment/payment','enter_client_id_and_secret','Enter Client ID, Secret into the box in right hand','2022-09-27 01:54:27','2022-09-27 01:54:27'),(4378,1,'en','plugins/payment/payment','method_name','Method name','2022-09-27 01:54:27','2022-09-27 01:54:27'),(4379,1,'en','plugins/payment/payment','please_provide_information','Please provide information','2022-09-27 01:54:27','2022-09-27 01:54:27'),(4380,1,'en','plugins/payment/payment','client_id','Client ID','2022-09-27 01:54:27','2022-09-27 01:54:27'),(4381,1,'en','plugins/payment/payment','client_secret','Client Secret','2022-09-27 01:54:27','2022-09-27 01:54:27'),(4382,1,'en','plugins/payment/payment','secret','Secret','2022-09-27 01:54:27','2022-09-27 01:54:27'),(4383,1,'en','plugins/payment/payment','stripe_key','Stripe Public Key','2022-09-27 01:54:27','2022-09-27 01:54:27'),(4384,1,'en','plugins/payment/payment','stripe_secret','Stripe Private Key','2022-09-27 01:54:28','2022-09-27 01:54:28'),(4385,1,'en','plugins/payment/payment','stripe_after_service_registration_msg','After registration at :name, you will have Public, Secret keys','2022-09-27 01:54:28','2022-09-27 01:54:28'),(4386,1,'en','plugins/payment/payment','stripe_enter_client_id_and_secret','Enter Public, Secret keys into the box in right hand','2022-09-27 01:54:28','2022-09-27 01:54:28'),(4387,1,'en','plugins/payment/payment','pay_online_via','Pay online via :name','2022-09-27 01:54:28','2022-09-27 01:54:28'),(4388,1,'en','plugins/payment/payment','sandbox_mode','Sandbox mode','2022-09-27 01:54:28','2022-09-27 01:54:28'),(4389,1,'en','plugins/payment/payment','deactivate_payment_method','Deactivate payment method','2022-09-27 01:54:28','2022-09-27 01:54:28'),(4390,1,'en','plugins/payment/payment','deactivate_payment_method_description','Do you really want to deactivate this payment method?','2022-09-27 01:54:28','2022-09-27 01:54:28'),(4391,1,'en','plugins/payment/payment','agree','Agree','2022-09-27 01:54:28','2022-09-27 01:54:28'),(4392,1,'en','plugins/payment/payment','name','Payments','2022-09-27 01:54:28','2022-09-27 01:54:28'),(4393,1,'en','plugins/payment/payment','create','New payment','2022-09-27 01:54:28','2022-09-27 01:54:28'),(4394,1,'en','plugins/payment/payment','go_back','Go back','2022-09-27 01:54:28','2022-09-27 01:54:28'),(4395,1,'en','plugins/payment/payment','information','Information','2022-09-27 01:54:28','2022-09-27 01:54:28'),(4396,1,'en','plugins/payment/payment','methods.paypal','PayPal','2022-09-27 01:54:28','2022-09-27 01:54:28'),(4397,1,'en','plugins/payment/payment','methods.cod','Cash on delivery (COD)','2022-09-27 01:54:28','2022-09-27 01:54:28'),(4398,1,'en','plugins/payment/payment','methods.bank_transfer','Bank transfer','2022-09-27 01:54:28','2022-09-27 01:54:28'),(4399,1,'en','plugins/payment/payment','statuses.pending','Pending','2022-09-27 01:54:28','2022-09-27 01:54:28'),(4400,1,'en','plugins/payment/payment','statuses.completed','Completed','2022-09-27 01:54:28','2022-09-27 01:54:28'),(4401,1,'en','plugins/payment/payment','statuses.refunding','Refunding','2022-09-27 01:54:28','2022-09-27 01:54:28'),(4402,1,'en','plugins/payment/payment','statuses.refunded','Refunded','2022-09-27 01:54:28','2022-09-27 01:54:28'),(4403,1,'en','plugins/payment/payment','statuses.fraud','Fraud','2022-09-27 01:54:28','2022-09-27 01:54:28'),(4404,1,'en','plugins/payment/payment','statuses.failed','Failed','2022-09-27 01:54:28','2022-09-27 01:54:28'),(4405,1,'en','plugins/payment/payment','payment_methods_instruction','Guide customers to pay directly. You can choose to pay by delivery or bank transfer','2022-09-27 01:54:28','2022-09-27 01:54:28'),(4406,1,'en','plugins/payment/payment','payment_method_description','Payment guide - (Displayed on the notice of successful purchase and payment page)','2022-09-27 01:54:28','2022-09-27 01:54:28'),(4407,1,'en','plugins/payment/payment','payment_via_cod','Cash on delivery (COD)','2022-09-27 01:54:28','2022-09-27 01:54:28'),(4408,1,'en','plugins/payment/payment','payment_via_bank_transfer','Bank transfer','2022-09-27 01:54:28','2022-09-27 01:54:28'),(4409,1,'en','plugins/payment/payment','payment_pending','Checkout successfully. Your payment is pending and will be checked by our staff.','2022-09-27 01:54:28','2022-09-27 01:54:28'),(4410,1,'en','plugins/payment/payment','created_at','Created At','2022-09-27 01:54:28','2022-09-27 01:54:28'),(4411,1,'en','plugins/payment/payment','payment_channel','Payment Channel','2022-09-27 01:54:28','2022-09-27 01:54:28'),(4412,1,'en','plugins/payment/payment','total','Total','2022-09-27 01:54:28','2022-09-27 01:54:28'),(4413,1,'en','plugins/payment/payment','status','Status','2022-09-27 01:54:28','2022-09-27 01:54:28'),(4414,1,'en','plugins/payment/payment','default_payment_method','Default payment method','2022-09-27 01:54:28','2022-09-27 01:54:28'),(4415,1,'en','plugins/payment/payment','turn_off_success','Turn off payment method successfully!','2022-09-27 01:54:28','2022-09-27 01:54:28'),(4416,1,'en','plugins/payment/payment','saved_payment_method_success','Saved payment method successfully!','2022-09-27 01:54:28','2022-09-27 01:54:28'),(4417,1,'en','plugins/payment/payment','saved_payment_settings_success','Saved payment settings successfully!','2022-09-27 01:54:28','2022-09-27 01:54:28'),(4418,1,'en','plugins/payment/payment','payment_name','Name','2022-09-27 01:54:28','2022-09-27 01:54:28'),(4419,1,'en','plugins/payment/payment','payment_not_found','Payment not found!','2022-09-27 01:54:28','2022-09-27 01:54:28'),(4420,1,'en','plugins/payment/payment','refunds.title','Refunds','2022-09-27 01:54:28','2022-09-27 01:54:28'),(4421,1,'en','plugins/payment/payment','refunds.id','ID','2022-09-27 01:54:28','2022-09-27 01:54:28'),(4422,1,'en','plugins/payment/payment','refunds.breakdowns','Breakdowns','2022-09-27 01:54:28','2022-09-27 01:54:28'),(4423,1,'en','plugins/payment/payment','refunds.gross_amount','Gross amount','2022-09-27 01:54:28','2022-09-27 01:54:28'),(4424,1,'en','plugins/payment/payment','refunds.paypal_fee','PayPal fee','2022-09-27 01:54:28','2022-09-27 01:54:28'),(4425,1,'en','plugins/payment/payment','refunds.net_amount','Net amount','2022-09-27 01:54:28','2022-09-27 01:54:28'),(4426,1,'en','plugins/payment/payment','refunds.total_refunded_amount','Total refunded amount','2022-09-27 01:54:28','2022-09-27 01:54:28'),(4427,1,'en','plugins/payment/payment','refunds.create_time','Create time','2022-09-27 01:54:28','2022-09-27 01:54:28'),(4428,1,'en','plugins/payment/payment','refunds.update_time','Update time','2022-09-27 01:54:28','2022-09-27 01:54:28'),(4429,1,'en','plugins/payment/payment','refunds.status','Status','2022-09-27 01:54:28','2022-09-27 01:54:28'),(4430,1,'en','plugins/payment/payment','refunds.description','Description','2022-09-27 01:54:28','2022-09-27 01:54:28'),(4431,1,'en','plugins/payment/payment','refunds.refunded_at','Refunded at','2022-09-27 01:54:28','2022-09-27 01:54:28'),(4432,1,'en','plugins/payment/payment','refunds.error_message','Error message','2022-09-27 01:54:28','2022-09-27 01:54:28'),(4433,1,'en','plugins/payment/payment','view_response_source','View response source','2022-09-27 01:54:28','2022-09-27 01:54:28'),(4434,1,'en','plugins/payment/payment','status_is_not_completed','Status is not COMPLETED','2022-09-27 01:54:28','2022-09-27 01:54:28'),(4435,1,'en','plugins/payment/payment','cannot_found_capture_id','Can not found capture id with payment detail','2022-09-27 01:54:28','2022-09-27 01:54:28'),(4436,1,'en','plugins/payment/payment','amount_refunded','Amount refunded','2022-09-27 01:54:28','2022-09-27 01:54:28'),(4437,1,'en','plugins/payment/payment','amount_remaining','Amount remaining','2022-09-27 01:54:28','2022-09-27 01:54:28'),(4438,1,'en','plugins/payment/payment','paid_at','Paid At','2022-09-27 01:54:28','2022-09-27 01:54:28'),(4439,1,'en','plugins/payment/payment','invalid_settings','Settings for :name are invalid!','2022-09-27 01:54:28','2022-09-27 01:54:28'),(4440,1,'en','plugins/payment/payment','view_transaction','Transaction \":charge_id\"','2022-09-27 01:54:28','2022-09-27 01:54:28'),(4441,1,'en','plugins/payment/payment','payment_description','Pay for your order #:order_id at :site_url','2022-09-27 01:54:28','2022-09-27 01:54:28'),(4442,1,'vi','plugins/payment/payment','payments','Thanh toán','2022-09-27 01:54:28','2022-09-27 01:54:28'),(4443,1,'vi','plugins/payment/payment','checkout_success','Thanh toán thành công!','2022-09-27 01:54:28','2022-09-27 01:54:28'),(4444,1,'vi','plugins/payment/payment','view_payment','Xem thanh toán #','2022-09-27 01:54:28','2022-09-27 01:54:28'),(4445,1,'vi','plugins/payment/payment','charge_id','Mã thanh toán','2022-09-27 01:54:28','2022-09-27 01:54:28'),(4446,1,'vi','plugins/payment/payment','amount','Số tiền','2022-09-27 01:54:28','2022-09-27 01:54:28'),(4447,1,'vi','plugins/payment/payment','currency','Loại tiền tệ','2022-09-27 01:54:28','2022-09-27 01:54:28'),(4448,1,'vi','plugins/payment/payment','user','Người dùng','2022-09-27 01:54:28','2022-09-27 01:54:28'),(4449,1,'vi','plugins/payment/payment','stripe','Stripe','2022-09-27 01:54:28','2022-09-27 01:54:28'),(4450,1,'vi','plugins/payment/payment','paypal','PayPal','2022-09-27 01:54:28','2022-09-27 01:54:28'),(4451,1,'vi','plugins/payment/payment','action','Hành động','2022-09-27 01:54:28','2022-09-27 01:54:28'),(4452,1,'vi','plugins/payment/payment','payment_via_card','Thanh toán qua thẻ','2022-09-27 01:54:28','2022-09-27 01:54:28'),(4453,1,'vi','plugins/payment/payment','card_number','Số thẻ','2022-09-27 01:54:28','2022-09-27 01:54:28'),(4454,1,'vi','plugins/payment/payment','full_name','Họ tên','2022-09-27 01:54:28','2022-09-27 01:54:28'),(4455,1,'vi','plugins/payment/payment','payment_via_paypal','Thanh toán qua PayPal','2022-09-27 01:54:28','2022-09-27 01:54:28'),(4456,1,'vi','plugins/payment/payment','mm_yy','MM/YY','2022-09-27 01:54:28','2022-09-27 01:54:28'),(4457,1,'vi','plugins/payment/payment','cvc','CVC','2022-09-27 01:54:28','2022-09-27 01:54:28'),(4458,1,'vi','plugins/payment/payment','details','Chi tiết','2022-09-27 01:54:28','2022-09-27 01:54:28'),(4459,1,'vi','plugins/payment/payment','payer_name','Tên người mua','2022-09-27 01:54:28','2022-09-27 01:54:28'),(4460,1,'vi','plugins/payment/payment','email','Email','2022-09-27 01:54:28','2022-09-27 01:54:28'),(4461,1,'vi','plugins/payment/payment','phone','Điện thoại','2022-09-27 01:54:28','2022-09-27 01:54:28'),(4462,1,'vi','plugins/payment/payment','country','Quốc gia','2022-09-27 01:54:28','2022-09-27 01:54:28'),(4463,1,'vi','plugins/payment/payment','shipping_address','Địa chỉ giao hàng','2022-09-27 01:54:28','2022-09-27 01:54:28'),(4464,1,'vi','plugins/payment/payment','payment_details','Chi tiết thanh toán','2022-09-27 01:54:28','2022-09-27 01:54:28'),(4465,1,'vi','plugins/payment/payment','card','Thẻ','2022-09-27 01:54:28','2022-09-27 01:54:28'),(4466,1,'vi','plugins/payment/payment','address','Địa chỉ','2022-09-27 01:54:28','2022-09-27 01:54:28'),(4467,1,'vi','plugins/payment/payment','could_not_get_stripe_token','Không thể lấy mã Stripe để thanh toán.','2022-09-27 01:54:28','2022-09-27 01:54:28'),(4468,1,'vi','plugins/payment/payment','payment_id','Mã thanh toán','2022-09-27 01:54:28','2022-09-27 01:54:28'),(4469,1,'vi','plugins/payment/payment','payment_methods','Phương thức thanh toán','2022-09-27 01:54:28','2022-09-27 01:54:28'),(4470,1,'vi','plugins/payment/payment','transactions','Lịch sử giao dịch','2022-09-27 01:54:28','2022-09-27 01:54:28'),(4471,1,'vi','plugins/payment/payment','payment_methods_description','Cài đặt các phương thức thanh toán cho website','2022-09-27 01:54:28','2022-09-27 01:54:28'),(4472,1,'vi','plugins/payment/payment','paypal_description','Khách hàng có thể mua hàng và thanh toán trực tiếp thông qua cổng thanh toán PayPal','2022-09-27 01:54:28','2022-09-27 01:54:28'),(4473,1,'vi','plugins/payment/payment','use','Dùng','2022-09-27 01:54:28','2022-09-27 01:54:28'),(4474,1,'vi','plugins/payment/payment','stripe_description','Khách hàng có thể mua hàng và thanh toán bằng Visa, Credit card thông qua cổng thanh toán Stripe','2022-09-27 01:54:28','2022-09-27 01:54:28'),(4475,1,'vi','plugins/payment/payment','edit','Chỉnh sửa','2022-09-27 01:54:28','2022-09-27 01:54:28'),(4476,1,'vi','plugins/payment/payment','settings','Cài đặt','2022-09-27 01:54:28','2022-09-27 01:54:28'),(4477,1,'vi','plugins/payment/payment','activate','Kích hoạt','2022-09-27 01:54:28','2022-09-27 01:54:28'),(4478,1,'vi','plugins/payment/payment','deactivate','Huỷ kích hoạt','2022-09-27 01:54:28','2022-09-27 01:54:28'),(4479,1,'vi','plugins/payment/payment','update','Cập nhật','2022-09-27 01:54:28','2022-09-27 01:54:28'),(4480,1,'vi','plugins/payment/payment','configuration_instruction','Hướng dẫn cấu hình :name','2022-09-27 01:54:28','2022-09-27 01:54:28'),(4481,1,'vi','plugins/payment/payment','configuration_requirement','Để sử dụng :name bạn cần','2022-09-27 01:54:28','2022-09-27 01:54:28'),(4482,1,'vi','plugins/payment/payment','service_registration','Đăng ký dịch vụ với :name','2022-09-27 01:54:28','2022-09-27 01:54:28'),(4483,1,'vi','plugins/payment/payment','after_service_registration_msg','Sau khi hoàn tất các bước đăng ký tại :name, bạn sẽ có các thông số Client ID, Client Secret','2022-09-27 01:54:28','2022-09-27 01:54:28'),(4484,1,'vi','plugins/payment/payment','enter_client_id_and_secret','Nhập các thông số Client ID, Secret vào ô bên phải','2022-09-27 01:54:28','2022-09-27 01:54:28'),(4485,1,'vi','plugins/payment/payment','method_name','Tên phương thức','2022-09-27 01:54:28','2022-09-27 01:54:28'),(4486,1,'vi','plugins/payment/payment','please_provide_information','Xin vui lòng cung cấp thông tin','2022-09-27 01:54:28','2022-09-27 01:54:28'),(4487,1,'vi','plugins/payment/payment','client_id','Client ID','2022-09-27 01:54:28','2022-09-27 01:54:28'),(4488,1,'vi','plugins/payment/payment','client_secret','Client Secret','2022-09-27 01:54:28','2022-09-27 01:54:28'),(4489,1,'vi','plugins/payment/payment','stripe_key','Stripe Key','2022-09-27 01:54:28','2022-09-27 01:54:28'),(4490,1,'vi','plugins/payment/payment','stripe_secret','Stripe Secret','2022-09-27 01:54:28','2022-09-27 01:54:28'),(4491,1,'vi','plugins/payment/payment','stripe_after_service_registration_msg','After registration at :name, you will have Public, Secret keys','2022-09-27 01:54:28','2022-09-27 01:54:28'),(4492,1,'vi','plugins/payment/payment','stripe_enter_client_id_and_secret','Enter Public, Secret keys into the box in right hand','2022-09-27 01:54:28','2022-09-27 01:54:28'),(4493,1,'vi','plugins/payment/payment','secret','Secret','2022-09-27 01:54:28','2022-09-27 01:54:28'),(4494,1,'vi','plugins/payment/payment','pay_online_via','Thanh toán online qua :name','2022-09-27 01:54:28','2022-09-27 01:54:28'),(4495,1,'vi','plugins/payment/payment','sandbox_mode','Chế độ thử nghiệm','2022-09-27 01:54:28','2022-09-27 01:54:28'),(4496,1,'vi','plugins/payment/payment','deactivate_payment_method','Huỷ kích hoạt phương thức','2022-09-27 01:54:28','2022-09-27 01:54:28'),(4497,1,'vi','plugins/payment/payment','deactivate_payment_method_description','Bạn có chắc chắn muốn huỷ phương thức thành toán này?','2022-09-27 01:54:28','2022-09-27 01:54:28'),(4498,1,'vi','plugins/payment/payment','agree','Đồng ý','2022-09-27 01:54:28','2022-09-27 01:54:28'),(4499,1,'vi','plugins/payment/payment','name','Thanh toán','2022-09-27 01:54:28','2022-09-27 01:54:28'),(4500,1,'vi','plugins/payment/payment','create','Thêm thanh toán mới','2022-09-27 01:54:28','2022-09-27 01:54:28'),(4501,1,'vi','plugins/payment/payment','go_back','Trở lại','2022-09-27 01:54:28','2022-09-27 01:54:28'),(4502,1,'vi','plugins/payment/payment','information','Thông tin','2022-09-27 01:54:28','2022-09-27 01:54:28'),(4503,1,'vi','plugins/payment/payment','methods.paypal','PayPal','2022-09-27 01:54:28','2022-09-27 01:54:28'),(4504,1,'vi','plugins/payment/payment','methods.cod','Thanh toán khi giao hàng (COD)','2022-09-27 01:54:28','2022-09-27 01:54:28'),(4505,1,'vi','plugins/payment/payment','methods.bank_transfer','Chuyển khoản qua ngân hàng','2022-09-27 01:54:28','2022-09-27 01:54:28'),(4506,1,'vi','plugins/payment/payment','statuses.pending','Chưa hoàn tất','2022-09-27 01:54:28','2022-09-27 01:54:28'),(4507,1,'vi','plugins/payment/payment','statuses.completed','Đã hoàn thành','2022-09-27 01:54:28','2022-09-27 01:54:28'),(4508,1,'vi','plugins/payment/payment','statuses.refunding','Đang hoàn tiền','2022-09-27 01:54:28','2022-09-27 01:54:28'),(4509,1,'vi','plugins/payment/payment','statuses.refunded','Đã hoàn tiền','2022-09-27 01:54:28','2022-09-27 01:54:28'),(4510,1,'vi','plugins/payment/payment','statuses.fraud','Gian lận','2022-09-27 01:54:28','2022-09-27 01:54:28'),(4511,1,'vi','plugins/payment/payment','statuses.failed','Thất bại','2022-09-27 01:54:28','2022-09-27 01:54:28'),(4512,1,'vi','plugins/payment/payment','payment_methods_instruction','Hướng dẫn khách hàng thanh toán trực tiếp. Có thể chọn thanh toán khi giao hàng hoặc chuyển khoản','2022-09-27 01:54:28','2022-09-27 01:54:28'),(4513,1,'vi','plugins/payment/payment','payment_method_description','Hướng dẫn thanh toán – (Hiển thị ở trang thông báo mua hàng thành công và trang thanh toán)','2022-09-27 01:54:28','2022-09-27 01:54:28'),(4514,1,'vi','plugins/payment/payment','payment_via_cod','Thanh toán khi nhận hàng (COD)','2022-09-27 01:54:28','2022-09-27 01:54:28'),(4515,1,'vi','plugins/payment/payment','payment_via_bank_transfer','Chuyển khoản qua ngân hàng','2022-09-27 01:54:28','2022-09-27 01:54:28'),(4516,1,'vi','plugins/payment/payment','payment_pending','Thực hiện thành công. Thanh toán của bạn đang được xử lý và sẽ được xác nhận bởi nhân viên.','2022-09-27 01:54:28','2022-09-27 01:54:28'),(4517,1,'vi','plugins/payment/payment','created_at','Ngày tạo','2022-09-27 01:54:28','2022-09-27 01:54:28'),(4518,1,'vi','plugins/payment/payment','payment_channel','Phương thức thanh toán','2022-09-27 01:54:28','2022-09-27 01:54:28'),(4519,1,'vi','plugins/payment/payment','total','Tổng cộng','2022-09-27 01:54:28','2022-09-27 01:54:28'),(4520,1,'vi','plugins/payment/payment','status','Trạng thái','2022-09-27 01:54:28','2022-09-27 01:54:28'),(4521,1,'vi','plugins/payment/payment','default_payment_method','Phương thức thanh toán mặc định','2022-09-27 01:54:28','2022-09-27 01:54:28'),(4522,1,'en','plugins/simple-slider/simple-slider','create','New slider','2022-09-27 01:54:28','2022-09-27 01:54:28'),(4523,1,'en','plugins/simple-slider/simple-slider','edit','Edit slider','2022-09-27 01:54:28','2022-09-27 01:54:28'),(4524,1,'en','plugins/simple-slider/simple-slider','menu','Simple sliders','2022-09-27 01:54:28','2022-09-27 01:54:28'),(4525,1,'en','plugins/simple-slider/simple-slider','settings.title','Simple sliders','2022-09-27 01:54:28','2022-09-27 01:54:28'),(4526,1,'en','plugins/simple-slider/simple-slider','settings.description','Settings for Simple sliders','2022-09-27 01:54:28','2022-09-27 01:54:28'),(4527,1,'en','plugins/simple-slider/simple-slider','settings.using_assets','Using default assets?','2022-09-27 01:54:28','2022-09-27 01:54:28'),(4528,1,'en','plugins/simple-slider/simple-slider','settings.using_assets_description','If using assets option is enabled then below scripts will be auto added to front site.','2022-09-27 01:54:28','2022-09-27 01:54:28'),(4529,1,'en','plugins/simple-slider/simple-slider','add_new','Add new','2022-09-27 01:54:28','2022-09-27 01:54:28'),(4530,1,'en','plugins/simple-slider/simple-slider','save_sorting','Save sorting','2022-09-27 01:54:28','2022-09-27 01:54:28'),(4531,1,'en','plugins/simple-slider/simple-slider','key','Key','2022-09-27 01:54:28','2022-09-27 01:54:28'),(4532,1,'en','plugins/simple-slider/simple-slider','slide_items','Slide Items','2022-09-27 01:54:28','2022-09-27 01:54:28'),(4533,1,'en','plugins/simple-slider/simple-slider','update_slide_position_success','Updated slide position successfully!','2022-09-27 01:54:28','2022-09-27 01:54:28'),(4534,1,'en','plugins/simple-slider/simple-slider','create_new_slide','Create a new slide','2022-09-27 01:54:28','2022-09-27 01:54:28'),(4535,1,'en','plugins/simple-slider/simple-slider','edit_slide','Edit slide #:id','2022-09-27 01:54:28','2022-09-27 01:54:28'),(4536,1,'en','plugins/simple-slider/simple-slider','simple_slider_shortcode_name','Simple Slider','2022-09-27 01:54:28','2022-09-27 01:54:28'),(4537,1,'en','plugins/simple-slider/simple-slider','simple_slider_shortcode_description','Add a simple slider','2022-09-27 01:54:28','2022-09-27 01:54:28'),(4538,1,'en','plugins/simple-slider/simple-slider','select_slider','Select a slider','2022-09-27 01:54:28','2022-09-27 01:54:28'),(4539,1,'vi','plugins/simple-slider/simple-slider','create','Thêm mới slider','2022-09-27 01:54:28','2022-09-27 01:54:28'),(4540,1,'vi','plugins/simple-slider/simple-slider','edit','Sửa slider','2022-09-27 01:54:28','2022-09-27 01:54:28'),(4541,1,'vi','plugins/simple-slider/simple-slider','menu','Sliders','2022-09-27 01:54:28','2022-09-27 01:54:28'),(4542,1,'vi','plugins/simple-slider/simple-slider','settings.description','Cài đặt cho Simple Sliders','2022-09-27 01:54:28','2022-09-27 01:54:28'),(4543,1,'vi','plugins/simple-slider/simple-slider','settings.title','Simple sliders','2022-09-27 01:54:28','2022-09-27 01:54:28'),(4544,1,'vi','plugins/simple-slider/simple-slider','settings.using_assets','Sử dụng assets mặc định?','2022-09-27 01:54:28','2022-09-27 01:54:28'),(4545,1,'vi','plugins/simple-slider/simple-slider','settings.using_assets_description','Nếu tùy chọn này được bật, những scripts bên dưới sẽ được thêm vào website của bạn.','2022-09-27 01:54:28','2022-09-27 01:54:28'),(4546,1,'en','plugins/social-login/social-login','settings.title','Social Login settings','2022-09-27 01:54:28','2022-09-27 01:54:28'),(4547,1,'en','plugins/social-login/social-login','settings.description','Configure social login options','2022-09-27 01:54:28','2022-09-27 01:54:28'),(4548,1,'en','plugins/social-login/social-login','settings.facebook.title','Facebook login settings','2022-09-27 01:54:28','2022-09-27 01:54:28'),(4549,1,'en','plugins/social-login/social-login','settings.facebook.description','Enable/disable & configure app credentials for Facebook login','2022-09-27 01:54:28','2022-09-27 01:54:28'),(4550,1,'en','plugins/social-login/social-login','settings.facebook.app_id','App ID','2022-09-27 01:54:28','2022-09-27 01:54:28'),(4551,1,'en','plugins/social-login/social-login','settings.facebook.app_secret','App Secret','2022-09-27 01:54:28','2022-09-27 01:54:28'),(4552,1,'en','plugins/social-login/social-login','settings.facebook.helper','Please go to https://developers.facebook.com to create new app update App ID, App Secret. Callback URL is :callback','2022-09-27 01:54:28','2022-09-27 01:54:28'),(4553,1,'en','plugins/social-login/social-login','settings.google.title','Google login settings','2022-09-27 01:54:28','2022-09-27 01:54:28'),(4554,1,'en','plugins/social-login/social-login','settings.google.description','Enable/disable & configure app credentials for Google login','2022-09-27 01:54:28','2022-09-27 01:54:28'),(4555,1,'en','plugins/social-login/social-login','settings.google.app_id','App ID','2022-09-27 01:54:28','2022-09-27 01:54:28'),(4556,1,'en','plugins/social-login/social-login','settings.google.app_secret','App Secret','2022-09-27 01:54:28','2022-09-27 01:54:28'),(4557,1,'en','plugins/social-login/social-login','settings.google.helper','Please go to https://console.developers.google.com/apis/dashboard to create new app update App ID, App Secret. Callback URL is :callback','2022-09-27 01:54:28','2022-09-27 01:54:28'),(4558,1,'en','plugins/social-login/social-login','settings.github.title','Github login settings','2022-09-27 01:54:28','2022-09-27 01:54:28'),(4559,1,'en','plugins/social-login/social-login','settings.github.description','Enable/disable & configure app credentials for Github login','2022-09-27 01:54:28','2022-09-27 01:54:28'),(4560,1,'en','plugins/social-login/social-login','settings.github.app_id','App ID','2022-09-27 01:54:28','2022-09-27 01:54:28'),(4561,1,'en','plugins/social-login/social-login','settings.github.app_secret','App Secret','2022-09-27 01:54:28','2022-09-27 01:54:28'),(4562,1,'en','plugins/social-login/social-login','settings.github.helper','Please go to https://github.com/settings/developers to create new app update App ID, App Secret. Callback URL is :callback','2022-09-27 01:54:28','2022-09-27 01:54:28'),(4563,1,'en','plugins/social-login/social-login','settings.linkedin.title','Linkedin login settings','2022-09-27 01:54:28','2022-09-27 01:54:28'),(4564,1,'en','plugins/social-login/social-login','settings.linkedin.description','Enable/disable & configure app credentials for Linkedin login','2022-09-27 01:54:28','2022-09-27 01:54:28'),(4565,1,'en','plugins/social-login/social-login','settings.linkedin.app_id','App ID','2022-09-27 01:54:28','2022-09-27 01:54:28'),(4566,1,'en','plugins/social-login/social-login','settings.linkedin.app_secret','App Secret','2022-09-27 01:54:28','2022-09-27 01:54:28'),(4567,1,'en','plugins/social-login/social-login','settings.linkedin.helper','Please go to https://www.linkedin.com/developers/apps/new to create new app update App ID, App Secret. Callback URL is :callback','2022-09-27 01:54:28','2022-09-27 01:54:28'),(4568,1,'en','plugins/social-login/social-login','settings.enable','Enable?','2022-09-27 01:54:28','2022-09-27 01:54:28'),(4569,1,'en','plugins/social-login/social-login','menu','Social Login','2022-09-27 01:54:28','2022-09-27 01:54:28'),(4570,1,'vi','plugins/social-login/social-login','settings.title','Social Login settings','2022-09-27 01:54:28','2022-09-27 01:54:28'),(4571,1,'vi','plugins/social-login/social-login','settings.description','Cấu hình tùy chọn đăng nhập thông qua mạng xã hội','2022-09-27 01:54:28','2022-09-27 01:54:28'),(4572,1,'vi','plugins/social-login/social-login','settings.facebook.title','Facebook login settings','2022-09-27 01:54:28','2022-09-27 01:54:28'),(4573,1,'vi','plugins/social-login/social-login','settings.facebook.description','Enable/disable & configure app credentials for Facebook login','2022-09-27 01:54:28','2022-09-27 01:54:28'),(4574,1,'vi','plugins/social-login/social-login','settings.facebook.app_id','App ID','2022-09-27 01:54:28','2022-09-27 01:54:28'),(4575,1,'vi','plugins/social-login/social-login','settings.facebook.app_secret','App Secret','2022-09-27 01:54:28','2022-09-27 01:54:28'),(4576,1,'vi','plugins/social-login/social-login','settings.facebook.helper','Please go to https://developers.facebook.com to create new app update App ID, App Secret. Callback URL is :callback','2022-09-27 01:54:28','2022-09-27 01:54:28'),(4577,1,'vi','plugins/social-login/social-login','settings.google.title','Google login settings','2022-09-27 01:54:28','2022-09-27 01:54:28'),(4578,1,'vi','plugins/social-login/social-login','settings.google.description','Enable/disable & configure app credentials for Google login','2022-09-27 01:54:28','2022-09-27 01:54:28'),(4579,1,'vi','plugins/social-login/social-login','settings.google.app_id','App ID','2022-09-27 01:54:28','2022-09-27 01:54:28'),(4580,1,'vi','plugins/social-login/social-login','settings.google.app_secret','App Secret','2022-09-27 01:54:28','2022-09-27 01:54:28'),(4581,1,'vi','plugins/social-login/social-login','settings.google.helper','Please go to https://console.developers.google.com/apis/dashboard to create new app update App ID, App Secret. Callback URL is :callback','2022-09-27 01:54:28','2022-09-27 01:54:28'),(4582,1,'vi','plugins/social-login/social-login','settings.github.title','Github login settings','2022-09-27 01:54:28','2022-09-27 01:54:28'),(4583,1,'vi','plugins/social-login/social-login','settings.github.description','Enable/disable & configure app credentials for Github login','2022-09-27 01:54:28','2022-09-27 01:54:28'),(4584,1,'vi','plugins/social-login/social-login','settings.github.app_id','App ID','2022-09-27 01:54:28','2022-09-27 01:54:28'),(4585,1,'vi','plugins/social-login/social-login','settings.github.app_secret','App Secret','2022-09-27 01:54:28','2022-09-27 01:54:28'),(4586,1,'vi','plugins/social-login/social-login','settings.github.helper','Please go to https://github.com/settings/developers to create new app update App ID, App Secret. Callback URL is :callback','2022-09-27 01:54:28','2022-09-27 01:54:28'),(4587,1,'vi','plugins/social-login/social-login','settings.linkedin.title','Linkedin login settings','2022-09-27 01:54:28','2022-09-27 01:54:28'),(4588,1,'vi','plugins/social-login/social-login','settings.linkedin.description','Enable/disable & configure app credentials for Linkedin login','2022-09-27 01:54:28','2022-09-27 01:54:28'),(4589,1,'vi','plugins/social-login/social-login','settings.linkedin.app_id','App ID','2022-09-27 01:54:28','2022-09-27 01:54:28'),(4590,1,'vi','plugins/social-login/social-login','settings.linkedin.app_secret','App Secret','2022-09-27 01:54:28','2022-09-27 01:54:28'),(4591,1,'vi','plugins/social-login/social-login','settings.linkedin.helper','Please go to https://www.linkedin.com/developers/apps/new to create new app update App ID, App Secret. Callback URL is :callback','2022-09-27 01:54:28','2022-09-27 01:54:28'),(4592,1,'vi','plugins/social-login/social-login','settings.enable','Bật?','2022-09-27 01:54:28','2022-09-27 01:54:28'),(4593,1,'vi','plugins/social-login/social-login','menu','Đăng nhập mạng xã hội','2022-09-27 01:54:28','2022-09-27 01:54:28'),(4594,1,'en','plugins/translation/translation','translations','Translations','2022-09-27 01:54:28','2022-09-27 01:54:28'),(4595,1,'en','plugins/translation/translation','translations_description','Translate all words in system.','2022-09-27 01:54:28','2022-09-27 01:54:28'),(4596,1,'en','plugins/translation/translation','export_warning','Warning, translations are not visible until they are exported back to the :lang_path file, using \'php artisan cms:translations:export\' command or publish button.','2022-09-27 01:54:28','2022-09-27 01:54:28'),(4597,1,'en','plugins/translation/translation','import_done','Done importing, processed :counter items! Reload this page to refresh the groups!','2022-09-27 01:54:28','2022-09-27 01:54:28'),(4598,1,'en','plugins/translation/translation','translation_manager','Translations Manager','2022-09-27 01:54:28','2022-09-27 01:54:28'),(4599,1,'en','plugins/translation/translation','done_publishing','Done publishing the translations for group','2022-09-27 01:54:28','2022-09-27 01:54:28'),(4600,1,'en','plugins/translation/translation','append_translation','Append new translations','2022-09-27 01:54:28','2022-09-27 01:54:28'),(4601,1,'en','plugins/translation/translation','replace_translation','Replace existing translations','2022-09-27 01:54:28','2022-09-27 01:54:28'),(4602,1,'en','plugins/translation/translation','import_group','Import group','2022-09-27 01:54:28','2022-09-27 01:54:28'),(4603,1,'en','plugins/translation/translation','confirm_publish_group','Are you sure you want to publish the translations group \":group\"? This will overwrite existing language files.','2022-09-27 01:54:28','2022-09-27 01:54:28'),(4604,1,'en','plugins/translation/translation','publish_translations','Publish translations','2022-09-27 01:54:28','2022-09-27 01:54:28'),(4605,1,'en','plugins/translation/translation','back','Back','2022-09-27 01:54:28','2022-09-27 01:54:28'),(4606,1,'en','plugins/translation/translation','edit_title','Enter translation','2022-09-27 01:54:28','2022-09-27 01:54:28'),(4607,1,'en','plugins/translation/translation','choose_group_msg','Choose a group to display the group translations. If no groups are visible, make sure you have imported the translations.','2022-09-27 01:54:28','2022-09-27 01:54:28'),(4608,1,'en','plugins/translation/translation','choose_a_group','Choose a group','2022-09-27 01:54:28','2022-09-27 01:54:28'),(4609,1,'en','plugins/translation/translation','locales','Locales','2022-09-27 01:54:28','2022-09-27 01:54:28'),(4610,1,'en','plugins/translation/translation','theme-translations','Theme translations','2022-09-27 01:54:28','2022-09-27 01:54:28'),(4611,1,'en','plugins/translation/translation','admin-translations','Other translations','2022-09-27 01:54:28','2022-09-27 01:54:28'),(4612,1,'en','plugins/translation/translation','translate_from','Translate from','2022-09-27 01:54:28','2022-09-27 01:54:28'),(4613,1,'en','plugins/translation/translation','to','to','2022-09-27 01:54:28','2022-09-27 01:54:28'),(4614,1,'en','plugins/translation/translation','no_other_languages','No other language to translate!','2022-09-27 01:54:28','2022-09-27 01:54:28'),(4615,1,'en','plugins/translation/translation','edit','Edit','2022-09-27 01:54:28','2022-09-27 01:54:28'),(4616,1,'en','plugins/translation/translation','locale','Locale','2022-09-27 01:54:28','2022-09-27 01:54:28'),(4617,1,'en','plugins/translation/translation','locale_placeholder','Ex: en','2022-09-27 01:54:28','2022-09-27 01:54:28'),(4618,1,'en','plugins/translation/translation','name','Name','2022-09-27 01:54:28','2022-09-27 01:54:28'),(4619,1,'en','plugins/translation/translation','default_locale','Default locale?','2022-09-27 01:54:28','2022-09-27 01:54:28'),(4620,1,'en','plugins/translation/translation','actions','Actions','2022-09-27 01:54:28','2022-09-27 01:54:28'),(4621,1,'en','plugins/translation/translation','choose_language','Choose language','2022-09-27 01:54:28','2022-09-27 01:54:28'),(4622,1,'en','plugins/translation/translation','add_new_language','Add new language','2022-09-27 01:54:28','2022-09-27 01:54:28'),(4623,1,'en','plugins/translation/translation','select_language','Select language','2022-09-27 01:54:28','2022-09-27 01:54:28'),(4624,1,'en','plugins/translation/translation','flag','Flag','2022-09-27 01:54:28','2022-09-27 01:54:28'),(4625,1,'en','plugins/translation/translation','folder_is_not_writeable','Cannot write files! Folder :lang_path is not writable. Please chmod to make it writable!','2022-09-27 01:54:28','2022-09-27 01:54:28'),(4626,1,'en','plugins/translation/translation','delete','Delete','2022-09-27 01:54:28','2022-09-27 01:54:28'),(4627,1,'en','plugins/translation/translation','confirm_delete_message','Do you really want to delete this locale? It will delete all files/folders for this local in :lang_path!','2022-09-27 01:54:28','2022-09-27 01:54:28'),(4628,1,'en','plugins/translation/translation','download','Download','2022-09-27 01:54:28','2022-09-27 01:54:28'),(4629,1,'en','plugins/translation/translation','select_locale','Select locale','2022-09-27 01:54:28','2022-09-27 01:54:28'),(4630,1,'en','plugins/translation/translation','theme_translations_instruction','Click on text to translate. Do NOT translate variables, Eg. :username, :query, :link...','2022-09-27 01:54:28','2022-09-27 01:54:28'),(4631,1,'en','plugins/translation/translation','import_available_locale','Or import available locale from our GitHub repository','2022-09-27 01:54:28','2022-09-27 01:54:28'),(4632,1,'en','plugins/translation/translation','add_new_locale','Add new locale','2022-09-27 01:54:28','2022-09-27 01:54:28'),(4633,1,'en','plugins/translation/translation','download_locale','Download locale','2022-09-27 01:54:28','2022-09-27 01:54:28'),(4634,1,'en','plugins/translation/translation','import_available_locale_confirmation','Download locale from GitHub','2022-09-27 01:54:28','2022-09-27 01:54:28'),(4635,1,'en','plugins/translation/translation','import_available_locale_confirmation_content','Are you sure you want to download this locale? It will be downloaded into :lang_path, you can delete it later if you want.','2022-09-27 01:54:28','2022-09-27 01:54:28'),(4636,1,'en','plugins/translation/translation','is_default','Is default?','2022-09-27 01:54:28','2022-09-27 01:54:28'),(4637,1,'vi','plugins/translation/translation','append_translation','Tiếp nối bản dịch','2022-09-27 01:54:28','2022-09-27 01:54:28'),(4638,1,'vi','plugins/translation/translation','back','Quay lại','2022-09-27 01:54:28','2022-09-27 01:54:28'),(4639,1,'vi','plugins/translation/translation','choose_a_group','Chọn một nhóm','2022-09-27 01:54:28','2022-09-27 01:54:28'),(4640,1,'vi','plugins/translation/translation','choose_group_msg','Chọn một nhóm để hiển thị nhóm dịch thuật. Nếu nhóm không có sẵn, hãy chắc chắn là bạn đã chạy migrations và nhập dữ liệu dịch thuật.','2022-09-27 01:54:28','2022-09-27 01:54:28'),(4641,1,'vi','plugins/translation/translation','confirm_publish_group','Bạn có chắc muốn xuất bản nhóm \":group\"? Điều này sẽ ghi đè tập tin ngôn ngữ hiện tại.','2022-09-27 01:54:28','2022-09-27 01:54:28'),(4642,1,'vi','plugins/translation/translation','done_publishing','Xuất bản nhóm dịch thuật thành công','2022-09-27 01:54:28','2022-09-27 01:54:28'),(4643,1,'vi','plugins/translation/translation','edit_title','Nhập nội dung dịch','2022-09-27 01:54:28','2022-09-27 01:54:28'),(4644,1,'vi','plugins/translation/translation','export_warning','Cảnh báo, bản dịch sẽ không có sẵn cho đến khi chúng được xuất bản lại vào thư mục :lang_path, sử dụng lệnh \'php artisan cms:translations:export\' hoặc sử dụng nút xuất bản','2022-09-27 01:54:28','2022-09-27 01:54:28'),(4645,1,'vi','plugins/translation/translation','import_done','Nhập hoàn thành, đã xử lý :counter bản ghi!  ','2022-09-27 01:54:28','2022-09-27 01:54:28'),(4646,1,'vi','plugins/translation/translation','import_group','Nhập nhóm','2022-09-27 01:54:28','2022-09-27 01:54:28'),(4647,1,'vi','plugins/translation/translation','publish_translations','Xuất bản dịch thuật','2022-09-27 01:54:28','2022-09-27 01:54:28'),(4648,1,'vi','plugins/translation/translation','replace_translation','Thay thế bản dịch hiện tại','2022-09-27 01:54:28','2022-09-27 01:54:28'),(4649,1,'vi','plugins/translation/translation','translation_manager','Quản lý dịch thuật','2022-09-27 01:54:28','2022-09-27 01:54:28'),(4650,1,'vi','plugins/translation/translation','translations','Dịch thuật','2022-09-27 01:54:28','2022-09-27 01:54:28'),(4651,1,'vi','plugins/translation/translation','translations_description','Dịch tất cả các từ trong hệ thống','2022-09-27 01:54:28','2022-09-27 01:54:28'),(4652,1,'vi','plugins/translation/translation','actions','Hành động','2022-09-27 01:54:28','2022-09-27 01:54:28'),(4653,1,'vi','plugins/translation/translation','add_new_language','Thêm ngôn ngữ mới','2022-09-27 01:54:28','2022-09-27 01:54:28'),(4654,1,'vi','plugins/translation/translation','admin-translations','Dịch các mục khác','2022-09-27 01:54:28','2022-09-27 01:54:28'),(4655,1,'vi','plugins/translation/translation','choose_language','Chọn ngôn ngữ','2022-09-27 01:54:28','2022-09-27 01:54:28'),(4656,1,'vi','plugins/translation/translation','default_locale','Ngôn ngữ mặc định','2022-09-27 01:54:28','2022-09-27 01:54:28'),(4657,1,'vi','plugins/translation/translation','delete','Xóa','2022-09-27 01:54:28','2022-09-27 01:54:28'),(4658,1,'vi','plugins/translation/translation','edit','Sửa','2022-09-27 01:54:28','2022-09-27 01:54:28'),(4659,1,'vi','plugins/translation/translation','flag','Cờ','2022-09-27 01:54:28','2022-09-27 01:54:28'),(4660,1,'vi','plugins/translation/translation','locale','Ngôn ngữ','2022-09-27 01:54:28','2022-09-27 01:54:28'),(4661,1,'vi','plugins/translation/translation','locales','Ngôn ngữ','2022-09-27 01:54:28','2022-09-27 01:54:28'),(4662,1,'vi','plugins/translation/translation','name','Tên','2022-09-27 01:54:28','2022-09-27 01:54:28'),(4663,1,'vi','plugins/translation/translation','no_other_languages','Không còn ngôn ngữ nào khác để dịch!','2022-09-27 01:54:28','2022-09-27 01:54:28'),(4664,1,'vi','plugins/translation/translation','select_language','Lựa chọn ngôn ngữ','2022-09-27 01:54:28','2022-09-27 01:54:28'),(4665,1,'vi','plugins/translation/translation','theme-translations','Dịch giao diện','2022-09-27 01:54:28','2022-09-27 01:54:28'),(4666,1,'vi','plugins/translation/translation','to','sang','2022-09-27 01:54:28','2022-09-27 01:54:28'),(4667,1,'vi','plugins/translation/translation','translate_from','Dịch từ','2022-09-27 01:54:28','2022-09-27 01:54:28'),(4668,1,'vi','auth','failed','Không tìm thấy thông tin đăng nhập hợp lệ.','2022-09-27 01:54:28','2022-09-27 01:54:28'),(4669,1,'vi','auth','throttle','Đăng nhập không đúng quá nhiều lần. Vui lòng thử lại sau :seconds giây.','2022-09-27 01:54:28','2022-09-27 01:54:28'),(4670,1,'vi','auth','password','Mật khẩu không chính xác','2022-09-27 01:54:28','2022-09-27 01:54:28'),(4671,1,'vi','pagination','previous','&laquo; Trước','2022-09-27 01:54:29','2022-09-27 01:54:29'),(4672,1,'vi','pagination','next','Sau &raquo;','2022-09-27 01:54:29','2022-09-27 01:54:29'),(4673,1,'vi','passwords','reset','Mật khẩu đã được cập nhật!','2022-09-27 01:54:29','2022-09-27 01:54:29'),(4674,1,'vi','passwords','sent','Chúng tôi đã gửi cho bạn đường dẫn thay đổi mật khẩu!','2022-09-27 01:54:29','2022-09-27 01:54:29'),(4675,1,'vi','passwords','token','Mã xác nhận mật khẩu không hợp lệ.','2022-09-27 01:54:29','2022-09-27 01:54:29'),(4676,1,'vi','passwords','user','Không tìm thấy thành viên với địa chỉ email này.','2022-09-27 01:54:29','2022-09-27 01:54:29'),(4677,1,'vi','validation','accepted','Trường :attribute phải được chấp nhận.','2022-09-27 01:54:29','2022-09-27 01:54:29'),(4678,1,'vi','validation','active_url','Trường :attribute không phải là một URL hợp lệ.','2022-09-27 01:54:29','2022-09-27 01:54:29'),(4679,1,'vi','validation','after','Trường :attribute phải là một ngày sau ngày :date.','2022-09-27 01:54:29','2022-09-27 01:54:29'),(4680,1,'vi','validation','after_or_equal','Trường :attribute phải là thời gian bắt đầu sau hoặc đúng bằng :date.','2022-09-27 01:54:29','2022-09-27 01:54:29'),(4681,1,'vi','validation','alpha','Trường :attribute chỉ có thể chứa các chữ cái.','2022-09-27 01:54:29','2022-09-27 01:54:29'),(4682,1,'vi','validation','alpha_dash','Trường :attribute chỉ có thể chứa chữ cái, số và dấu gạch ngang.','2022-09-27 01:54:29','2022-09-27 01:54:29'),(4683,1,'vi','validation','alpha_num','Trường :attribute chỉ có thể chứa chữ cái và số.','2022-09-27 01:54:29','2022-09-27 01:54:29'),(4684,1,'vi','validation','array','Trường :attribute phải là dạng mảng.','2022-09-27 01:54:29','2022-09-27 01:54:29'),(4685,1,'vi','validation','before','Trường :attribute phải là một ngày trước ngày :date.','2022-09-27 01:54:29','2022-09-27 01:54:29'),(4686,1,'vi','validation','before_or_equal','Trường :attribute phải là thời gian bắt đầu trước hoặc đúng bằng :date.','2022-09-27 01:54:29','2022-09-27 01:54:29'),(4687,1,'vi','validation','between.array','Trường :attribute phải có từ :min - :max phần tử.','2022-09-27 01:54:29','2022-09-27 01:54:29'),(4688,1,'vi','validation','between.file','Dung lượng tập tin trong trường :attribute phải từ :min - :max kB.','2022-09-27 01:54:29','2022-09-27 01:54:29'),(4689,1,'vi','validation','between.numeric','Trường :attribute phải nằm trong khoảng :min - :max.','2022-09-27 01:54:29','2022-09-27 01:54:29'),(4690,1,'vi','validation','between.string','Trường :attribute phải từ :min - :max kí tự.','2022-09-27 01:54:29','2022-09-27 01:54:29'),(4691,1,'vi','validation','boolean','Trường :attribute phải là true hoặc false.','2022-09-27 01:54:29','2022-09-27 01:54:29'),(4692,1,'vi','validation','confirmed','Giá trị xác nhận trong trường :attribute không khớp.','2022-09-27 01:54:29','2022-09-27 01:54:29'),(4693,1,'vi','validation','date','Trường :attribute không phải là định dạng của ngày-tháng.','2022-09-27 01:54:29','2022-09-27 01:54:29'),(4694,1,'vi','validation','date_equals','Trường :attribute phải là một ngày bằng với :date.','2022-09-27 01:54:29','2022-09-27 01:54:29'),(4695,1,'vi','validation','date_format','Trường :attribute không giống với định dạng :format.','2022-09-27 01:54:29','2022-09-27 01:54:29'),(4696,1,'vi','validation','different','Trường :attribute và :other phải khác nhau.','2022-09-27 01:54:29','2022-09-27 01:54:29'),(4697,1,'vi','validation','digits','Độ dài của trường :attribute phải gồm :digits chữ số.','2022-09-27 01:54:29','2022-09-27 01:54:29'),(4698,1,'vi','validation','digits_between','Độ dài của trường :attribute phải nằm trong khoảng :min and :max chữ số.','2022-09-27 01:54:29','2022-09-27 01:54:29'),(4699,1,'vi','validation','dimensions','Trường :attribute có kích thước không hợp lệ.','2022-09-27 01:54:29','2022-09-27 01:54:29'),(4700,1,'vi','validation','distinct','Trường :attribute có giá trị trùng lặp.','2022-09-27 01:54:29','2022-09-27 01:54:29'),(4701,1,'vi','validation','email','Trường :attribute phải là một địa chỉ email hợp lệ.','2022-09-27 01:54:29','2022-09-27 01:54:29'),(4702,1,'vi','validation','ends_with','Trường :attribute phải kết thúc bằng một trong những giá trị sau: :values','2022-09-27 01:54:29','2022-09-27 01:54:29'),(4703,1,'vi','validation','exists','Giá trị đã chọn trong trường :attribute không hợp lệ.','2022-09-27 01:54:29','2022-09-27 01:54:29'),(4704,1,'vi','validation','file','Trường :attribute phải là một tệp tin.','2022-09-27 01:54:29','2022-09-27 01:54:29'),(4705,1,'vi','validation','filled','Trường :attribute không được bỏ trống.','2022-09-27 01:54:29','2022-09-27 01:54:29'),(4706,1,'vi','validation','gt.array','Mảng :attribute phải có nhiều hơn :value phần tử.','2022-09-27 01:54:29','2022-09-27 01:54:29'),(4707,1,'vi','validation','gt.file','Dung lượng trường :attribute phải lớn hơn :value kilobytes.','2022-09-27 01:54:29','2022-09-27 01:54:29'),(4708,1,'vi','validation','gt.numeric','Giá trị trường :attribute phải lớn hơn :value.','2022-09-27 01:54:29','2022-09-27 01:54:29'),(4709,1,'vi','validation','gt.string','Độ dài trường :attribute phải nhiều hơn :value kí tự.','2022-09-27 01:54:29','2022-09-27 01:54:29'),(4710,1,'vi','validation','gte.array','Mảng :attribute phải có ít nhất :value phần tử.','2022-09-27 01:54:29','2022-09-27 01:54:29'),(4711,1,'vi','validation','gte.file','Dung lượng trường :attribute phải lớn hơn hoặc bằng :value kilobytes.','2022-09-27 01:54:29','2022-09-27 01:54:29'),(4712,1,'vi','validation','gte.numeric','Giá trị trường :attribute phải lớn hơn hoặc bằng :value.','2022-09-27 01:54:29','2022-09-27 01:54:29'),(4713,1,'vi','validation','gte.string','Độ dài trường :attribute phải lớn hơn hoặc bằng :value kí tự.','2022-09-27 01:54:29','2022-09-27 01:54:29'),(4714,1,'vi','validation','image','Trường :attribute phải là định dạng hình ảnh.','2022-09-27 01:54:29','2022-09-27 01:54:29'),(4715,1,'vi','validation','in','Giá trị đã chọn trong trường :attribute không hợp lệ.','2022-09-27 01:54:29','2022-09-27 01:54:29'),(4716,1,'vi','validation','in_array','Trường :attribute phải thuộc tập cho phép: :other.','2022-09-27 01:54:29','2022-09-27 01:54:29'),(4717,1,'vi','validation','integer','Trường :attribute phải là một số nguyên.','2022-09-27 01:54:29','2022-09-27 01:54:29'),(4718,1,'vi','validation','ip','Trường :attribute phải là một địa chỉ IP.','2022-09-27 01:54:29','2022-09-27 01:54:29'),(4719,1,'vi','validation','ipv4','Trường :attribute phải là một địa chỉ IPv4.','2022-09-27 01:54:29','2022-09-27 01:54:29'),(4720,1,'vi','validation','ipv6','Trường :attribute phải là một địa chỉ IPv6.','2022-09-27 01:54:29','2022-09-27 01:54:29'),(4721,1,'vi','validation','json','Trường :attribute phải là một chuỗi JSON.','2022-09-27 01:54:29','2022-09-27 01:54:29'),(4722,1,'vi','validation','lt.array','Mảng :attribute phải có ít hơn :value phần tử.','2022-09-27 01:54:29','2022-09-27 01:54:29'),(4723,1,'vi','validation','lt.file','Dung lượng trường :attribute phải nhỏ hơn :value kilobytes.','2022-09-27 01:54:29','2022-09-27 01:54:29'),(4724,1,'vi','validation','lt.numeric','Giá trị trường :attribute phải nhỏ hơn :value.','2022-09-27 01:54:29','2022-09-27 01:54:29'),(4725,1,'vi','validation','lt.string','Độ dài trường :attribute phải nhỏ hơn :value kí tự.','2022-09-27 01:54:29','2022-09-27 01:54:29'),(4726,1,'vi','validation','lte.array','Mảng :attribute không được có nhiều hơn :value phần tử.','2022-09-27 01:54:29','2022-09-27 01:54:29'),(4727,1,'vi','validation','lte.file','Dung lượng trường :attribute phải nhỏ hơn hoặc bằng :value kilobytes.','2022-09-27 01:54:29','2022-09-27 01:54:29'),(4728,1,'vi','validation','lte.numeric','Giá trị trường :attribute phải nhỏ hơn hoặc bằng :value.','2022-09-27 01:54:29','2022-09-27 01:54:29'),(4729,1,'vi','validation','lte.string','Độ dài trường :attribute phải nhỏ hơn hoặc bằng :value kí tự.','2022-09-27 01:54:29','2022-09-27 01:54:29'),(4730,1,'vi','validation','max.array','Trường :attribute không được lớn hơn :max phần tử.','2022-09-27 01:54:29','2022-09-27 01:54:29'),(4731,1,'vi','validation','max.file','Dung lượng tập tin trong trường :attribute không được lớn hơn :max kB.','2022-09-27 01:54:29','2022-09-27 01:54:29'),(4732,1,'vi','validation','max.numeric','Trường :attribute không được lớn hơn :max.','2022-09-27 01:54:29','2022-09-27 01:54:29'),(4733,1,'vi','validation','max.string','Trường :attribute không được lớn hơn :max kí tự.','2022-09-27 01:54:29','2022-09-27 01:54:29'),(4734,1,'vi','validation','mimes','Trường :attribute phải là một tập tin có định dạng: :values.','2022-09-27 01:54:29','2022-09-27 01:54:29'),(4735,1,'vi','validation','mimetypes','Trường :attribute phải là một tập tin có định dạng: :values.','2022-09-27 01:54:29','2022-09-27 01:54:29'),(4736,1,'vi','validation','min.array','Trường :attribute phải có tối thiểu :min phần tử.','2022-09-27 01:54:29','2022-09-27 01:54:29'),(4737,1,'vi','validation','min.file','Dung lượng tập tin trong trường :attribute phải tối thiểu :min kB.','2022-09-27 01:54:29','2022-09-27 01:54:29'),(4738,1,'vi','validation','min.numeric','Trường :attribute phải tối thiểu là :min.','2022-09-27 01:54:29','2022-09-27 01:54:29'),(4739,1,'vi','validation','min.string','Trường :attribute phải có tối thiểu :min kí tự.','2022-09-27 01:54:29','2022-09-27 01:54:29'),(4740,1,'vi','validation','multiple_of','Trường :attribute phải là bội số của :value','2022-09-27 01:54:29','2022-09-27 01:54:29'),(4741,1,'vi','validation','not_in','Giá trị đã chọn trong trường :attribute không hợp lệ.','2022-09-27 01:54:29','2022-09-27 01:54:29'),(4742,1,'vi','validation','not_regex','Trường :attribute có định dạng không hợp lệ.','2022-09-27 01:54:29','2022-09-27 01:54:29'),(4743,1,'vi','validation','numeric','Trường :attribute phải là một số.','2022-09-27 01:54:29','2022-09-27 01:54:29'),(4744,1,'vi','validation','password','Mật khẩu không đúng.','2022-09-27 01:54:29','2022-09-27 01:54:29'),(4745,1,'vi','validation','present','Trường :attribute phải được cung cấp.','2022-09-27 01:54:29','2022-09-27 01:54:29'),(4746,1,'vi','validation','prohibited','Trường :attribute bị cấm.','2022-09-27 01:54:29','2022-09-27 01:54:29'),(4747,1,'vi','validation','prohibited_if','Trường :attribute bị cấm khi :other là :value.','2022-09-27 01:54:29','2022-09-27 01:54:29'),(4748,1,'vi','validation','prohibited_unless','Trường :attribute bị cấm trừ khi :other là một trong :values.','2022-09-27 01:54:29','2022-09-27 01:54:29'),(4749,1,'vi','validation','regex','Trường :attribute có định dạng không hợp lệ.','2022-09-27 01:54:29','2022-09-27 01:54:29'),(4750,1,'vi','validation','required','Trường :attribute không được bỏ trống.','2022-09-27 01:54:29','2022-09-27 01:54:29'),(4751,1,'vi','validation','required_if','Trường :attribute không được bỏ trống khi trường :other là :value.','2022-09-27 01:54:29','2022-09-27 01:54:29'),(4752,1,'vi','validation','required_unless','Trường :attribute không được bỏ trống trừ khi :other là :values.','2022-09-27 01:54:29','2022-09-27 01:54:29'),(4753,1,'vi','validation','required_with','Trường :attribute không được bỏ trống khi một trong :values có giá trị.','2022-09-27 01:54:29','2022-09-27 01:54:29'),(4754,1,'vi','validation','required_with_all','Trường :attribute không được bỏ trống khi tất cả :values có giá trị.','2022-09-27 01:54:29','2022-09-27 01:54:29'),(4755,1,'vi','validation','required_without','Trường :attribute không được bỏ trống khi một trong :values không có giá trị.','2022-09-27 01:54:29','2022-09-27 01:54:29'),(4756,1,'vi','validation','required_without_all','Trường :attribute không được bỏ trống khi tất cả :values không có giá trị.','2022-09-27 01:54:29','2022-09-27 01:54:29'),(4757,1,'vi','validation','same','Trường :attribute và :other phải giống nhau.','2022-09-27 01:54:29','2022-09-27 01:54:29'),(4758,1,'vi','validation','size.array','Trường :attribute phải chứa :size phần tử.','2022-09-27 01:54:29','2022-09-27 01:54:29'),(4759,1,'vi','validation','size.file','Dung lượng tập tin trong trường :attribute phải bằng :size kB.','2022-09-27 01:54:29','2022-09-27 01:54:29'),(4760,1,'vi','validation','size.numeric','Trường :attribute phải bằng :size.','2022-09-27 01:54:29','2022-09-27 01:54:29'),(4761,1,'vi','validation','size.string','Trường :attribute phải chứa :size kí tự.','2022-09-27 01:54:29','2022-09-27 01:54:29'),(4762,1,'vi','validation','starts_with','Trường :attribute phải được bắt đầu bằng một trong những giá trị sau: :values','2022-09-27 01:54:29','2022-09-27 01:54:29'),(4763,1,'vi','validation','string','Trường :attribute phải là một chuỗi kí tự.','2022-09-27 01:54:29','2022-09-27 01:54:29'),(4764,1,'vi','validation','timezone','Trường :attribute phải là một múi giờ hợp lệ.','2022-09-27 01:54:29','2022-09-27 01:54:29'),(4765,1,'vi','validation','unique','Trường :attribute đã có trong cơ sở dữ liệu.','2022-09-27 01:54:29','2022-09-27 01:54:29'),(4766,1,'vi','validation','uploaded','Trường :attribute tải lên thất bại.','2022-09-27 01:54:29','2022-09-27 01:54:29'),(4767,1,'vi','validation','url','Trường :attribute không giống với định dạng một URL.','2022-09-27 01:54:29','2022-09-27 01:54:29'),(4768,1,'vi','validation','uuid','Trường :attribute phải là một chuỗi UUID hợp lệ.','2022-09-27 01:54:29','2022-09-27 01:54:29'),(4769,1,'vi','validation','custom.attribute-name.rule-name','custom-message','2022-09-27 01:54:29','2022-09-27 01:54:29');
/*!40000 ALTER TABLE `translations` ENABLE KEYS */;
UNLOCK TABLES;

--
-- Table structure for table `user_meta`
--

DROP TABLE IF EXISTS `user_meta`;
/*!40101 SET @saved_cs_client     = @@character_set_client */;
/*!50503 SET character_set_client = utf8mb4 */;
CREATE TABLE `user_meta` (
  `id` bigint unsigned NOT NULL AUTO_INCREMENT,
  `key` varchar(191) COLLATE utf8mb4_unicode_ci DEFAULT NULL,
  `value` varchar(191) COLLATE utf8mb4_unicode_ci DEFAULT NULL,
  `user_id` int unsigned NOT NULL,
  `created_at` timestamp NULL DEFAULT NULL,
  `updated_at` timestamp NULL DEFAULT NULL,
  PRIMARY KEY (`id`),
  KEY `user_meta_user_id_index` (`user_id`)
) ENGINE=InnoDB DEFAULT CHARSET=utf8mb4 COLLATE=utf8mb4_unicode_ci;
/*!40101 SET character_set_client = @saved_cs_client */;

--
-- Dumping data for table `user_meta`
--

LOCK TABLES `user_meta` WRITE;
/*!40000 ALTER TABLE `user_meta` DISABLE KEYS */;
/*!40000 ALTER TABLE `user_meta` ENABLE KEYS */;
UNLOCK TABLES;

--
-- Table structure for table `users`
--

DROP TABLE IF EXISTS `users`;
/*!40101 SET @saved_cs_client     = @@character_set_client */;
/*!50503 SET character_set_client = utf8mb4 */;
CREATE TABLE `users` (
  `id` bigint unsigned NOT NULL AUTO_INCREMENT,
  `email` varchar(191) COLLATE utf8mb4_unicode_ci NOT NULL,
  `email_verified_at` timestamp NULL DEFAULT NULL,
  `password` varchar(191) CHARACTER SET utf8mb4 COLLATE utf8mb4_unicode_ci DEFAULT NULL,
  `remember_token` varchar(100) COLLATE utf8mb4_unicode_ci DEFAULT NULL,
  `created_at` timestamp NULL DEFAULT NULL,
  `updated_at` timestamp NULL DEFAULT NULL,
  `first_name` varchar(191) COLLATE utf8mb4_unicode_ci DEFAULT NULL,
  `last_name` varchar(191) COLLATE utf8mb4_unicode_ci DEFAULT NULL,
  `username` varchar(60) COLLATE utf8mb4_unicode_ci DEFAULT NULL,
  `avatar_id` int unsigned DEFAULT NULL,
  `super_user` tinyint(1) NOT NULL DEFAULT '0',
  `manage_supers` tinyint(1) NOT NULL DEFAULT '0',
  `permissions` text COLLATE utf8mb4_unicode_ci,
  `last_login` timestamp NULL DEFAULT NULL,
  PRIMARY KEY (`id`),
  UNIQUE KEY `users_email_unique` (`email`),
  UNIQUE KEY `users_username_unique` (`username`)
) ENGINE=InnoDB AUTO_INCREMENT=2 DEFAULT CHARSET=utf8mb4 COLLATE=utf8mb4_unicode_ci;
/*!40101 SET character_set_client = @saved_cs_client */;

--
-- Dumping data for table `users`
--

LOCK TABLES `users` WRITE;
/*!40000 ALTER TABLE `users` DISABLE KEYS */;
INSERT INTO `users` VALUES (1,'admin@botble.com',NULL,'$2y$10$yHzJ6U7MOPrlfqpW9NxWrOsCkMqx/dwsX2Djyn6JLg98N2yzRPoKW',NULL,'2022-09-27 01:54:11','2022-09-27 01:54:11','System','Admin','botble',NULL,1,1,NULL,NULL);
/*!40000 ALTER TABLE `users` ENABLE KEYS */;
UNLOCK TABLES;

--
-- Table structure for table `widgets`
--

DROP TABLE IF EXISTS `widgets`;
/*!40101 SET @saved_cs_client     = @@character_set_client */;
/*!50503 SET character_set_client = utf8mb4 */;
CREATE TABLE `widgets` (
  `id` bigint unsigned NOT NULL AUTO_INCREMENT,
  `widget_id` varchar(120) COLLATE utf8mb4_unicode_ci NOT NULL,
  `sidebar_id` varchar(120) COLLATE utf8mb4_unicode_ci NOT NULL,
  `theme` varchar(120) COLLATE utf8mb4_unicode_ci NOT NULL,
  `position` tinyint unsigned NOT NULL DEFAULT '0',
  `data` text COLLATE utf8mb4_unicode_ci,
  `created_at` timestamp NULL DEFAULT NULL,
  `updated_at` timestamp NULL DEFAULT NULL,
  PRIMARY KEY (`id`)
) ENGINE=InnoDB AUTO_INCREMENT=23 DEFAULT CHARSET=utf8mb4 COLLATE=utf8mb4_unicode_ci;
/*!40101 SET character_set_client = @saved_cs_client */;

--
-- Dumping data for table `widgets`
--

LOCK TABLES `widgets` WRITE;
/*!40000 ALTER TABLE `widgets` DISABLE KEYS */;
INSERT INTO `widgets` VALUES (1,'SiteInfoWidget','footer_sidebar','wowy',0,'{\"id\":\"SiteInfoWidget\",\"name\":\"Site information\"}','2022-09-27 01:54:12','2022-09-27 01:54:12'),(2,'CustomMenuWidget','footer_sidebar','wowy',1,'{\"id\":\"CustomMenuWidget\",\"name\":\"Categories\",\"menu_id\":\"product-categories\"}','2022-09-27 01:54:12','2022-09-27 01:54:12'),(3,'CustomMenuWidget','footer_sidebar','wowy',2,'{\"id\":\"CustomMenuWidget\",\"name\":\"Information\",\"menu_id\":\"information\"}','2022-09-27 01:54:12','2022-09-27 01:54:12'),(4,'PaymentMethodsWidget','footer_sidebar','wowy',3,'{\"id\":\"PaymentMethodsWidget\",\"name\":\"Payments\",\"description\":\"Secured Payment Gateways\",\"image\":\"general\\/payment-methods.png\"}','2022-09-27 01:54:12','2022-09-27 01:54:12'),(5,'BlogSearchWidget','primary_sidebar','wowy',0,'{\"id\":\"BlogSearchWidget\",\"name\":\"Search\"}','2022-09-27 01:54:12','2022-09-27 01:54:12'),(6,'BlogCategoriesWidget','primary_sidebar','wowy',1,'{\"id\":\"BlogCategoriesWidget\",\"name\":\"Categories\"}','2022-09-27 01:54:12','2022-09-27 01:54:12'),(7,'RecentPostsWidget','primary_sidebar','wowy',2,'{\"id\":\"RecentPostsWidget\",\"name\":\"Recent Posts\"}','2022-09-27 01:54:12','2022-09-27 01:54:12'),(8,'TagsWidget','primary_sidebar','wowy',4,'{\"id\":\"TagsWidget\",\"name\":\"Popular Tags\"}','2022-09-27 01:54:12','2022-09-27 01:54:12'),(9,'ProductCategoriesWidget','product_sidebar','wowy',1,'{\"id\":\"ProductCategoriesWidget\",\"name\":\"Categories\"}','2022-09-27 01:54:12','2022-09-27 01:54:12'),(10,'FeaturedProductsWidget','product_sidebar','wowy',2,'{\"id\":\"FeaturedProductsWidget\",\"name\":\"Featured Products\"}','2022-09-27 01:54:12','2022-09-27 01:54:12'),(11,'FeaturedBrandsWidget','product_sidebar','wowy',3,'{\"id\":\"FeaturedBrandsWidget\",\"name\":\"Manufacturers\"}','2022-09-27 01:54:12','2022-09-27 01:54:12'),(12,'SiteInfoWidget','footer_sidebar','wowy-vi',0,'{\"id\":\"SiteInfoWidget\",\"name\":\"V\\u1ec1 ch\\u00fang t\\u00f4i\"}','2022-09-27 01:54:12','2022-09-27 01:54:12'),(13,'CustomMenuWidget','footer_sidebar','wowy-vi',1,'{\"id\":\"CustomMenuWidget\",\"name\":\"Danh m\\u1ee5c s\\u1ea3n ph\\u1ea9m\",\"menu_id\":\"danh-muc-san-pham\"}','2022-09-27 01:54:12','2022-09-27 01:54:12'),(14,'CustomMenuWidget','footer_sidebar','wowy-vi',2,'{\"id\":\"CustomMenuWidget\",\"name\":\"Th\\u00f4ng tin\",\"menu_id\":\"thong-tin\"}','2022-09-27 01:54:12','2022-09-27 01:54:12'),(15,'PaymentMethodsWidget','footer_sidebar','wowy-vi',3,'{\"id\":\"PaymentMethodsWidget\",\"name\":\"Thanh to\\u00e1n\",\"description\":\"C\\u1ed5ng thanh to\\u00e1n an to\\u00e0n\",\"image\":\"general\\/payment-methods.png\"}','2022-09-27 01:54:12','2022-09-27 01:54:12'),(16,'BlogSearchWidget','primary_sidebar','wowy-vi',0,'{\"id\":\"BlogSearchWidget\",\"name\":\"T\\u00ecm ki\\u1ebfm\"}','2022-09-27 01:54:12','2022-09-27 01:54:12'),(17,'BlogCategoriesWidget','primary_sidebar','wowy-vi',1,'{\"id\":\"BlogCategoriesWidget\",\"name\":\"Danh m\\u1ee5c\"}','2022-09-27 01:54:12','2022-09-27 01:54:12'),(18,'RecentPostsWidget','primary_sidebar','wowy-vi',2,'{\"id\":\"RecentPostsWidget\",\"name\":\"B\\u00e0i vi\\u1ebft g\\u1ea7n \\u0111\\u00e2y\"}','2022-09-27 01:54:12','2022-09-27 01:54:12'),(19,'TagsWidget','primary_sidebar','wowy-vi',4,'{\"id\":\"TagsWidget\",\"name\":\"Tags ph\\u1ed5 bi\\u1ebfn\"}','2022-09-27 01:54:12','2022-09-27 01:54:12'),(20,'ProductCategoriesWidget','product_sidebar','wowy-vi',1,'{\"id\":\"ProductCategoriesWidget\",\"name\":\"Danh m\\u1ee5c s\\u1ea3n ph\\u1ea9m\"}','2022-09-27 01:54:12','2022-09-27 01:54:12'),(21,'FeaturedProductsWidget','product_sidebar','wowy-vi',2,'{\"id\":\"FeaturedProductsWidget\",\"name\":\"S\\u1ea3n ph\\u1ea9m n\\u1ed5i b\\u1eadt\"}','2022-09-27 01:54:12','2022-09-27 01:54:12'),(22,'FeaturedBrandsWidget','product_sidebar','wowy-vi',3,'{\"id\":\"FeaturedBrandsWidget\",\"name\":\"Nh\\u00e0 cung c\\u1ea5p\"}','2022-09-27 01:54:12','2022-09-27 01:54:12');
/*!40000 ALTER TABLE `widgets` ENABLE KEYS */;
UNLOCK TABLES;
/*!40103 SET TIME_ZONE=@OLD_TIME_ZONE */;

/*!40101 SET SQL_MODE=@OLD_SQL_MODE */;
/*!40014 SET FOREIGN_KEY_CHECKS=@OLD_FOREIGN_KEY_CHECKS */;
/*!40014 SET UNIQUE_CHECKS=@OLD_UNIQUE_CHECKS */;
/*!40101 SET CHARACTER_SET_CLIENT=@OLD_CHARACTER_SET_CLIENT */;
/*!40101 SET CHARACTER_SET_RESULTS=@OLD_CHARACTER_SET_RESULTS */;
/*!40101 SET COLLATION_CONNECTION=@OLD_COLLATION_CONNECTION */;
/*!40111 SET SQL_NOTES=@OLD_SQL_NOTES */;

-- Dump completed on 2022-09-27 15:54:30
